<?xml version='1.0' encoding='utf-8'?>
<COLLADA xmlns="http://www.collada.org/2005/11/COLLADASchema" version="1.4.1">
  <asset>
    <contributor>
      <authoring_tool>reBotArm RViz colored mesh generator</authoring_tool>
    </contributor>
    <unit name="meter" meter="1" />
    <up_axis>Z_UP</up_axis>
  </asset>
  <library_effects>
    <effect id="anodized_grey-effect">
      <profile_COMMON>
        <technique sid="common">
          <phong>
            <emission>
              <color>0 0 0 1</color>
            </emission>
            <ambient>
              <color>0.175 0.189 0.1785 1</color>
            </ambient>
            <diffuse>
              <color>0.5 0.54 0.51 1</color>
            </diffuse>
            <specular>
              <color>0.28 0.3 0.29 1</color>
            </specular>
            <shininess>
              <float>24.0</float>
            </shininess>
          </phong>
        </technique>
      </profile_COMMON>
    </effect>
    <effect id="hardware_black-effect">
      <profile_COMMON>
        <technique sid="common">
          <phong>
            <emission>
              <color>0 0 0 1</color>
            </emission>
            <ambient>
              <color>0.01925 0.02275 0.021 1</color>
            </ambient>
            <diffuse>
              <color>0.055 0.065 0.06 1</color>
            </diffuse>
            <specular>
              <color>0.5 0.52 0.5 1</color>
            </specular>
            <shininess>
              <float>72.0</float>
            </shininess>
          </phong>
        </technique>
      </profile_COMMON>
    </effect>
    <effect id="matte_black-effect">
      <profile_COMMON>
        <technique sid="common">
          <phong>
            <emission>
              <color>0 0 0 1</color>
            </emission>
            <ambient>
              <color>0.049 0.056 0.0525 1</color>
            </ambient>
            <diffuse>
              <color>0.14 0.16 0.15 1</color>
            </diffuse>
            <specular>
              <color>0.42 0.45 0.43 1</color>
            </specular>
            <shininess>
              <float>48.0</float>
            </shininess>
          </phong>
        </technique>
      </profile_COMMON>
    </effect>
  </library_effects>
  <library_materials>
    <material id="anodized_grey" name="anodized_grey">
      <instance_effect url="#anodized_grey-effect" />
    </material>
    <material id="hardware_black" name="hardware_black">
      <instance_effect url="#hardware_black-effect" />
    </material>
    <material id="matte_black" name="matte_black">
      <instance_effect url="#matte_black-effect" />
    </material>
  </library_materials>
  <library_geometries>
    <geometry id="link1-geometry" name="link1">
      <mesh>
        <source id="link1-positions">
          <float_array id="link1-positions-array" count="9957">0.03328031 -6.171973e-21 0.0028 0.02808416 0.003 0.0028 0.02808416 -0.003 0.0028 0.02808416 0.003 0.002999999 0.03328031 -6.171973e-21 0.002999999 0.02808416 -0.003 0.002999999 0.03328031 1.55951e-15 0.0028 0.03328031 1.55951e-15 0.002999999 0.00523416 0.01169134 6.437302e-10 0.00523416 0.01169134 0.001600002 0.005448519 0.01089134 6.437302e-10 0.005448519 0.01089134 0.001600002 0.00603416 0.0103057 6.437302e-10 0.00603416 0.0103057 0.001600002 0.00683416 0.01009134 6.437302e-10 0.00683416 0.01009134 0.001600002 0.00763416 0.0103057 6.437302e-10 0.00763416 0.0103057 0.001600002 0.008219801 0.01089134 6.437302e-10 0.008219801 0.01089134 0.001600002 0.00843416 0.01169134 6.437302e-10 0.00843416 0.01169134 0.001600002 0.008219801 0.01249134 6.437302e-10 0.008219801 0.01249134 0.001600002 0.00763416 0.01307698 6.437302e-10 0.00763416 0.01307698 0.001600002 0.00683416 0.01329134 6.437302e-10 0.00683416 0.01329134 0.001600002 0.00603416 0.01307698 6.437302e-10 0.00603416 0.01307698 0.001600002 0.005448519 0.01249134 6.437302e-10 0.005448519 0.01249134 0.001600002 0.009432236 0.01319134 0.002999999 0.00833416 0.01428942 0.002999999 0.00683416 0.01469134 0.002999999 0.005334159 0.01428942 0.002999999 0.004236083 0.01319134 0.002999999 0.003834159 0.01169134 0.002999999 0.004236083 0.01019134 0.002999999 0.005334159 0.009093267 0.002999999 0.00683416 0.008691343 0.002999999 0.00833416 0.009093267 0.002999999 0.009432236 0.01019134 0.002999999 0.00983416 0.01169134 0.002999999 -0.00826584 0.01169134 6.437302e-10 -0.00826584 0.01169134 0.001600002 -0.008051481 0.01089134 6.437302e-10 -0.008051481 0.01089134 0.001600002 -0.007465841 0.0103057 6.437302e-10 -0.007465841 0.0103057 0.001600002 -0.006665841 0.01009134 6.437302e-10 -0.006665841 0.01009134 0.001600002 -0.005865841 0.0103057 6.437302e-10 -0.005865841 0.0103057 0.001600002 -0.0052802 0.01089134 6.437302e-10 -0.0052802 0.01089134 0.001600002 -0.005065841 0.01169134 6.437302e-10 -0.005065841 0.01169134 0.001600002 -0.0052802 0.01249134 6.437302e-10 -0.0052802 0.01249134 0.001600002 -0.005865841 0.01307698 6.437302e-10 -0.005865841 0.01307698 0.001600002 -0.006665841 0.01329134 6.437302e-10 -0.006665841 0.01329134 0.001600002 -0.007465841 0.01307698 6.437302e-10 -0.007465841 0.01307698 0.001600002 -0.008051481 0.01249134 6.437302e-10 -0.008051481 0.01249134 0.001600002 -0.004067764 0.01319134 0.002999999 -0.00516584 0.01428942 0.002999999 -0.006665841 0.01469134 0.002999999 -0.00816584 0.01428942 0.002999999 -0.009263916 0.01319134 0.002999999 -0.00966584 0.01169134 0.002999999 -0.009263916 0.01019134 0.002999999 -0.00816584 0.009093267 0.002999999 -0.006665841 0.008691343 0.002999999 -0.00516584 0.009093267 0.002999999 -0.004067764 0.01019134 0.002999999 -0.00366584 0.01169134 0.002999999 -0.01501584 3.85715e-19 6.437302e-10 -0.01501584 3.85715e-19 0.001600002 -0.01480148 -0.0008 6.437302e-10 -0.01480148 -0.0008 0.001600002 -0.01421584 -0.001385641 6.437302e-10 -0.01421584 -0.001385641 0.001600002 -0.01341584 -0.0016 6.437302e-10 -0.01341584 -0.0016 0.001600002 -0.01261584 -0.001385641 6.437302e-10 -0.01261584 -0.001385641 0.001600002 -0.0120302 -0.0008 6.437302e-10 -0.0120302 -0.0008 0.001600002 -0.01181584 -9.126583e-19 6.437302e-10 -0.01181584 -9.126583e-19 0.001600002 -0.0120302 0.0008 6.437302e-10 -0.0120302 0.0008 0.001600002 -0.01261584 0.001385641 6.437302e-10 -0.01261584 0.001385641 0.001600002 -0.01341584 0.0016 6.437302e-10 -0.01341584 0.0016 0.001600002 -0.01421584 0.001385641 6.437302e-10 -0.01421584 0.001385641 0.001600002 -0.01480148 0.0008 6.437302e-10 -0.01480148 0.0008 0.001600002 -0.01081776 0.0015 0.002999999 -0.01191584 0.002598076 0.002999999 -0.01341584 0.003 0.002999999 -0.01491584 0.002598076 0.002999999 -0.01601392 0.0015 0.002999999 -0.01501584 8.820065e-19 0.001600002 -0.01641584 1.659162e-18 0.002999999 -0.01601392 -0.0015 0.002999999 -0.01491584 -0.002598076 0.002999999 -0.01341584 -0.003 0.002999999 -0.01191584 -0.002598076 0.002999999 -0.01081776 -0.0015 0.002999999 -0.01181584 -6.171973e-21 0.001600002 -0.01041584 -6.171973e-21 0.002999999 -0.005065841 -0.01169134 6.437302e-10 -0.005065841 -0.01169134 0.001600002 -0.0052802 -0.01089134 6.437302e-10 -0.0052802 -0.01089134 0.001600002 -0.005865841 -0.0103057 6.437302e-10 -0.005865841 -0.0103057 0.001600002 -0.006665841 -0.01009134 6.437302e-10 -0.006665841 -0.01009134 0.001600002 -0.007465841 -0.0103057 6.437302e-10 -0.007465841 -0.0103057 0.001600002 -0.008051481 -0.01089134 6.437302e-10 -0.008051481 -0.01089134 0.001600002 -0.00826584 -0.01169134 6.437302e-10 -0.00826584 -0.01169134 0.001600002 -0.008051481 -0.01249134 6.437302e-10 -0.008051481 -0.01249134 0.001600002 -0.007465841 -0.01307698 6.437302e-10 -0.007465841 -0.01307698 0.001600002 -0.006665841 -0.01329134 6.437302e-10 -0.006665841 -0.01329134 0.001600002 -0.005865841 -0.01307698 6.437302e-10 -0.005865841 -0.01307698 0.001600002 -0.0052802 -0.01249134 6.437302e-10 -0.0052802 -0.01249134 0.001600002 -0.004067764 -0.01019134 0.002999999 -0.00516584 -0.009093267 0.002999999 -0.006665841 -0.008691343 0.002999999 -0.00816584 -0.009093267 0.002999999 -0.009263916 -0.01019134 0.002999999 -0.00966584 -0.01169134 0.002999999 -0.009263916 -0.01319134 0.002999999 -0.00816584 -0.01428942 0.002999999 -0.006665841 -0.01469134 0.002999999 -0.00516584 -0.01428942 0.002999999 -0.004067764 -0.01319134 0.002999999 -0.00366584 -0.01169134 0.002999999 0.00843416 -0.01169134 6.437302e-10 0.00843416 -0.01169134 0.001600002 0.008219801 -0.01089134 6.437302e-10 0.008219801 -0.01089134 0.001600002 0.00763416 -0.0103057 6.437302e-10 0.00763416 -0.0103057 0.001600002 0.00683416 -0.01009134 6.437302e-10 0.00683416 -0.01009134 0.001600002 0.00603416 -0.0103057 6.437302e-10 0.00603416 -0.0103057 0.001600002 0.005448519 -0.01089134 6.437302e-10 0.005448519 -0.01089134 0.001600002 0.00523416 -0.01169134 6.437302e-10 0.00523416 -0.01169134 0.001600002 0.005448519 -0.01249134 6.437302e-10 0.005448519 -0.01249134 0.001600002 0.00603416 -0.01307698 6.437302e-10 0.00603416 -0.01307698 0.001600002 0.00683416 -0.01329134 6.437302e-10 0.00683416 -0.01329134 0.001600002 0.00763416 -0.01307698 6.437302e-10 0.00763416 -0.01307698 0.001600002 0.008219801 -0.01249134 6.437302e-10 0.008219801 -0.01249134 0.001600002 0.009432236 -0.01019134 0.002999999 0.00833416 -0.009093267 0.002999999 0.00683416 -0.008691343 0.002999999 0.005334159 -0.009093267 0.002999999 0.004236083 -0.01019134 0.002999999 0.003834159 -0.01169134 0.002999999 0.004236083 -0.01319134 0.002999999 0.005334159 -0.01428942 0.002999999 0.00683416 -0.01469134 0.002999999 0.00833416 -0.01428942 0.002999999 0.009432236 -0.01319134 0.002999999 0.00983416 -0.01169134 0.002999999 0.01198416 3.85715e-19 6.437302e-10 0.01198416 3.85715e-19 0.001600002 0.01219852 -0.0008 6.437302e-10 0.01219852 -0.0008 0.001600002 0.01278416 -0.001385641 6.437302e-10 0.01278416 -0.001385641 0.001600002 0.01358416 -0.0016 6.437302e-10 0.01358416 -0.0016 0.001600002 0.01438416 -0.001385641 6.437302e-10 0.01438416 -0.001385641 0.001600002 0.0149698 -0.0008 6.437302e-10 0.0149698 -0.0008 0.001600002 0.01518416 -9.126583e-19 6.437302e-10 0.01518416 -9.126583e-19 0.001600002 0.0149698 0.0008 6.437302e-10 0.0149698 0.0008 0.001600002 0.01438416 0.001385641 6.437302e-10 0.01438416 0.001385641 0.001600002 0.01358416 0.0016 6.437302e-10 0.01358416 0.0016 0.001600002 0.01278416 0.001385641 6.437302e-10 0.01278416 0.001385641 0.001600002 0.01219852 0.0008 6.437302e-10 0.01219852 0.0008 0.001600002 0.01618224 0.0015 0.002999999 0.01508416 0.002598076 0.002999999 0.01358416 0.003 0.002999999 0.01208416 0.002598076 0.002999999 0.01098608 0.0015 0.002999999 0.01198416 8.820065e-19 0.001600002 0.01058416 1.659162e-18 0.002999999 0.01098608 -0.0015 0.002999999 0.01208416 -0.002598076 0.002999999 0.01358416 -0.003 0.002999999 0.01508416 -0.002598076 0.002999999 0.01618224 -0.0015 0.002999999 0.01518416 -6.171973e-21 0.001600002 0.01658416 -6.171973e-21 0.002999999 -0.01941584 0.037225 0.01638564 -0.01871584 0.038625 0.01759807 -0.0188302 0.037225 0.0158 -0.01761776 0.038625 0.0165 -0.01861584 0.037225 0.015 -0.01721584 0.038625 0.015 -0.0188302 0.037225 0.0142 -0.01761776 0.038625 0.0135 -0.01941584 0.037225 0.01361436 -0.01871584 0.038625 0.01240192 -0.02021584 0.037225 0.0134 -0.02021584 0.038625 0.012 -0.02101584 0.037225 0.01361436 -0.02171584 0.038625 0.01240192 -0.02160148 0.037225 0.0142 -0.02281392 0.038625 0.0135 -0.02181584 0.037225 0.015 -0.02321584 0.038625 0.015 -0.02160148 0.037225 0.0158 -0.02281392 0.038625 0.0165 -0.02101584 0.037225 0.01638564 -0.02171584 0.038625 0.01759807 -0.02021584 0.037225 0.0166 -0.02021584 0.038625 0.018 -0.01861584 0.035625 0.015 -0.0188302 0.035625 0.0142 -0.01941584 0.035625 0.01361436 -0.02021584 0.035625 0.0134 -0.02101584 0.035625 0.01361436 -0.02160148 0.035625 0.0142 -0.02181584 0.035625 0.015 -0.02160148 0.035625 0.0158 -0.02101584 0.035625 0.01638564 -0.02021584 0.035625 0.0166 -0.01941584 0.035625 0.01638564 -0.0188302 0.035625 0.0158 0.02708416 0.035625 0.05555 0.02708416 0.038625 0.05555 0.02647898 0.035625 0.05270284 0.02647898 0.038625 0.05270284 0.02476807 0.035625 0.05034798 0.02476807 0.038625 0.05034798 0.02224728 0.035625 0.0488926 0.02224728 0.038625 0.0488926 0.01935246 0.035625 0.04858834 0.01935246 0.038625 0.04858834 0.01658416 0.035625 0.04948782 0.01658416 0.038625 0.04948782 0.01442104 0.035625 0.0514355 0.01442104 0.038625 0.0514355 0.01323713 0.035625 0.05409462 0.01323713 0.038625 0.05409462 0.01308416 0.035625 0.05555 0.01308416 0.038625 0.05555 0.01323713 0.035625 0.05700538 0.01323713 0.038625 0.05700538 0.01442104 0.035625 0.0596645 0.01442104 0.038625 0.0596645 0.01658416 0.035625 0.06161217 0.01658416 0.038625 0.06161217 0.01935246 0.035625 0.06251165 0.01935246 0.038625 0.06251165 0.02224728 0.035625 0.06220739 0.02224728 0.038625 0.06220739 0.02476807 0.035625 0.06075201 0.02476807 0.038625 0.06075201 0.02647898 0.035625 0.05839716 0.02647898 0.038625 0.05839716 0.02763416 0.037225 0.06862698 0.02833416 0.038625 0.06983942 0.0282198 0.037225 0.06804134 0.02943224 0.038625 0.06874134 0.02843416 0.037225 0.06724134 0.02983416 0.038625 0.06724134 0.0282198 0.037225 0.06644134 0.02943224 0.038625 0.06574135 0.02763416 0.037225 0.0658557 0.02833416 0.038625 0.06464326 0.02683416 0.037225 0.06564134 0.02683416 0.038625 0.06424134 0.02603416 0.037225 0.0658557 0.02533416 0.038625 0.06464326 0.02544852 0.037225 0.06644134 0.02423608 0.038625 0.06574135 0.02523416 0.037225 0.06724134 0.02383416 0.038625 0.06724134 0.02544852 0.037225 0.06804134 0.02423608 0.038625 0.06874134 0.02603416 0.037225 0.06862698 0.02533416 0.038625 0.06983942 0.02683416 0.037225 0.06884135 0.02683416 0.038625 0.07024134 0.02843416 0.035625 0.06724134 0.0282198 0.035625 0.06644134 0.02763416 0.035625 0.0658557 0.02683416 0.035625 0.06564134 0.02603416 0.035625 0.0658557 0.02544852 0.035625 0.06644134 0.02523416 0.035625 0.06724134 0.02544852 0.035625 0.06804134 0.02603416 0.035625 0.06862698 0.02683416 0.035625 0.06884135 0.02763416 0.035625 0.06862698 0.0282198 0.035625 0.06804134 0.01413416 0.037225 0.06862698 0.01483416 0.038625 0.06983942 0.0147198 0.037225 0.06804134 0.01593224 0.038625 0.06874134 0.01493416 0.037225 0.06724134 0.01633416 0.038625 0.06724134 0.0147198 0.037225 0.06644134 0.01593224 0.038625 0.06574135 0.01413416 0.037225 0.0658557 0.01483416 0.038625 0.06464326 0.01333416 0.037225 0.06564134 0.01333416 0.038625 0.06424134 0.01253416 0.037225 0.0658557 0.01183416 0.038625 0.06464326 0.01194852 0.037225 0.06644134 0.01073608 0.038625 0.06574135 0.01173416 0.037225 0.06724134 0.01033416 0.038625 0.06724134 0.01194852 0.037225 0.06804134 0.01073608 0.038625 0.06874134 0.01253416 0.037225 0.06862698 0.01183416 0.038625 0.06983942 0.01333416 0.037225 0.06884135 0.01333416 0.038625 0.07024134 0.01493416 0.035625 0.06724134 0.0147198 0.035625 0.06644134 0.01413416 0.035625 0.0658557 0.01333416 0.035625 0.06564134 0.01253416 0.035625 0.0658557 0.01194852 0.035625 0.06644134 0.01173416 0.035625 0.06724134 0.01194852 0.035625 0.06804134 0.01253416 0.035625 0.06862698 0.01333416 0.035625 0.06884135 0.01413416 0.035625 0.06862698 0.0147198 0.035625 0.06804134 0.00738416 0.037225 0.05693564 0.00808416 0.038625 0.05814808 0.0079698 0.037225 0.05635 0.009182236 0.038625 0.05705 0.00818416 0.037225 0.05555 0.00958416 0.038625 0.05555 0.0079698 0.037225 0.05475 0.009182236 0.038625 0.05405 0.00738416 0.037225 0.05416436 0.00808416 0.038625 0.05295192 0.00658416 0.037225 0.05395 0.00658416 0.038625 0.05255 0.00578416 0.037225 0.05416436 0.005084159 0.038625 0.05295192 0.005198519 0.037225 0.05475 0.003986083 0.038625 0.05405 0.004984159 0.037225 0.05555 0.00358416 0.038625 0.05555 0.005198519 0.037225 0.05635 0.003986083 0.038625 0.05705 0.00578416 0.037225 0.05693564 0.005084159 0.038625 0.05814808 0.00658416 0.037225 0.05715 0.00658416 0.038625 0.05855 0.00818416 0.035625 0.05555 0.0079698 0.035625 0.05475 0.00738416 0.035625 0.05416436 0.00658416 0.035625 0.05395 0.00578416 0.035625 0.05416436 0.005198519 0.035625 0.05475 0.004984159 0.035625 0.05555 0.005198519 0.035625 0.05635 0.00578416 0.035625 0.05693564 0.00658416 0.035625 0.05715 0.00738416 0.035625 0.05693564 0.0079698 0.035625 0.05635 0.01413416 0.037225 0.0452443 0.01483416 0.038625 0.04645673 0.0147198 0.037225 0.04465865 0.01593224 0.038625 0.04535866 0.01493416 0.037225 0.04385865 0.01633416 0.038625 0.04385865 0.0147198 0.037225 0.04305866 0.01593224 0.038625 0.04235866 0.01413416 0.037225 0.04247302 0.01483416 0.038625 0.04126058 0.01333416 0.037225 0.04225866 0.01333416 0.038625 0.04085866 0.01253416 0.037225 0.04247302 0.01183416 0.038625 0.04126058 0.01194852 0.037225 0.04305866 0.01073608 0.038625 0.04235866 0.01173416 0.037225 0.04385865 0.01033416 0.038625 0.04385865 0.01194852 0.037225 0.04465865 0.01073608 0.038625 0.04535866 0.01253416 0.037225 0.0452443 0.01183416 0.038625 0.04645673 0.01333416 0.037225 0.04545866 0.01333416 0.038625 0.04685865 0.01493416 0.035625 0.04385865 0.0147198 0.035625 0.04305866 0.01413416 0.035625 0.04247302 0.01333416 0.035625 0.04225866 0.01253416 0.035625 0.04247302 0.01194852 0.035625 0.04305866 0.01173416 0.035625 0.04385865 0.01194852 0.035625 0.04465865 0.01253416 0.035625 0.0452443 0.01333416 0.035625 0.04545866 0.01413416 0.035625 0.0452443 0.0147198 0.035625 0.04465865 0.02763416 0.037225 0.0452443 0.02833416 0.038625 0.04645673 0.0282198 0.037225 0.04465865 0.02943224 0.038625 0.04535866 0.02843416 0.037225 0.04385865 0.02983416 0.038625 0.04385865 0.0282198 0.037225 0.04305866 0.02943224 0.038625 0.04235866 0.02763416 0.037225 0.04247302 0.02833416 0.038625 0.04126058 0.02683416 0.037225 0.04225866 0.02683416 0.038625 0.04085866 0.02603416 0.037225 0.04247302 0.02533416 0.038625 0.04126058 0.02544852 0.037225 0.04305866 0.02423608 0.038625 0.04235866 0.02523416 0.037225 0.04385865 0.02383416 0.038625 0.04385865 0.02544852 0.037225 0.04465865 0.02423608 0.038625 0.04535866 0.02603416 0.037225 0.0452443 0.02533416 0.038625 0.04645673 0.02683416 0.037225 0.04545866 0.02683416 0.038625 0.04685865 0.02843416 0.035625 0.04385865 0.0282198 0.035625 0.04305866 0.02763416 0.035625 0.04247302 0.02683416 0.035625 0.04225866 0.02603416 0.035625 0.04247302 0.02544852 0.035625 0.04305866 0.02523416 0.035625 0.04385865 0.02544852 0.035625 0.04465865 0.02603416 0.035625 0.0452443 0.02683416 0.035625 0.04545866 0.02763416 0.035625 0.0452443 0.0282198 0.035625 0.04465865 0.03438416 0.037225 0.05693564 0.03508416 0.038625 0.05814808 0.0349698 0.037225 0.05635 0.03618224 0.038625 0.05705 0.03518416 0.037225 0.05555 0.03658416 0.038625 0.05555 0.0349698 0.037225 0.05475 0.03618224 0.038625 0.05405 0.03438416 0.037225 0.05416436 0.03508416 0.038625 0.05295192 0.03358416 0.037225 0.05395 0.03358416 0.038625 0.05255 0.03278416 0.037225 0.05416436 0.03208416 0.038625 0.05295192 0.03219852 0.037225 0.05475 0.03098608 0.038625 0.05405 0.03198416 0.037225 0.05555 0.03058416 0.038625 0.05555 0.03219852 0.037225 0.05635 0.03098608 0.038625 0.05705 0.03278416 0.037225 0.05693564 0.03208416 0.038625 0.05814808 0.03358416 0.037225 0.05715 0.03358416 0.038625 0.05855 0.03518416 0.035625 0.05555 0.0349698 0.035625 0.05475 0.03438416 0.035625 0.05416436 0.03358416 0.035625 0.05395 0.03278416 0.035625 0.05416436 0.03219852 0.035625 0.05475 0.03198416 0.035625 0.05555 0.03219852 0.035625 0.05635 0.03278416 0.035625 0.05693564 0.03358416 0.035625 0.05715 0.03438416 0.035625 0.05693564 0.0349698 0.035625 0.05635 -0.02238003 0.035625 0.02942933 0.03020916 0.035625 0.06409567 0.04356774 0.035625 0.07169842 0.03962669 0.035625 0.07629462 0.03020916 0.035625 0.07644567 0.00995916 0.035625 0.07644567 0.0009869619 0.035625 0.07670531 0.00995916 0.035625 0.06409567 -0.003050889 0.035625 0.07219391 -0.00604465 0.035625 0.06693136 0.02008416 0.035625 0.07644567 0.01735826 0.035625 0.08391934 0.01142712 0.035625 0.08270337 0.02341242 0.035625 0.083855 0.02775916 0.035625 0.07644567 0.02931638 0.035625 0.08251324 0.03480368 0.035625 0.07995462 0.04644897 0.035625 0.06637343 0.04814035 0.035625 0.06055997 0.04856556 0.035625 0.05452042 0.04770539 0.035625 0.04852733 0.03020916 0.035625 0.05125 0.03020916 0.035625 0.04700433 0.03020916 0.035625 0.02942933 0.04284974 0.035625 0.02942933 0.03020916 0.035625 0.0035 0.03625723 0.035625 0.0035 -0.00681584 0.035625 0.02942933 -0.03367449 0.035625 0.0035 -0.00681584 0.035625 0.0035 -0.00681584 0.035625 0.06516089 -0.007279837 0.035625 0.06409567 -0.00681584 0.035625 0.06409567 -0.01287524 0.035625 0.05125 -0.00681584 0.035625 0.05125 -0.01472459 0.035625 0.04700433 -0.00681584 0.035625 0.04700433 0.02008416 0.035625 0.02942933 0.02775916 0.035625 0.02942933 0.02775916 0.035625 0.04700433 0.02008416 0.035625 0.04700433 0.00995916 0.035625 0.04700433 0.00995916 0.035625 0.02942933 0.01240916 0.035625 0.02942933 0.01240916 0.035625 0.04700433 0.02008416 0.035625 0.06409567 0.01240916 0.035625 0.07644567 0.005886673 0.035625 0.08026197 0.01240916 0.035625 0.06409567 0.02775916 0.035625 0.06409567 0.01240916 0.035625 0.05125 0.02775916 0.035625 0.05125 0.02775916 0.035625 0.0035 0.02008416 0.035625 0.0035 0.01240916 0.035625 0.0035 0.00995916 0.035625 0.0035 0.00995916 0.035625 0.05125 -0.03401426 0.03559468 0.003328518 -0.03418268 0.03555801 0.00325 0.03596061 0.03555801 0.00325 0.03605929 0.03559479 0.003328831 0.03566399 0.035375 0.003066987 0.03572596 0.03542078 0.003096868 0.03584495 0.03549833 0.003167399 -0.03443677 0.03547855 0.003146448 -0.03469086 0.035375 0.003066987 0.03551052 0.03525 0.00301588 0.03550078 0.03524167 0.003013802 -0.03504659 0.03520322 0.003006157 -0.03519905 0.035125 0.002999999 -0.02580744 0.035125 0.002999999 -0.03480266 0.03532358 0.003041123 -0.01004084 0.035125 0.002999999 8.41595e-05 0.035125 0.002999999 0.03536736 0.035125 0.002999999 0.02233416 0.035125 0.002999999 0.01020916 0.035125 0.002999999 0.03536736 -0.035125 0.002999999 0.03536736 -0.02490817 0.002999999 0.02233416 -0.02490817 0.002999999 -0.01004084 -0.005845672 0.002999999 0.03536736 0.005845672 0.002999999 0.02233416 0.005845672 0.002999999 0.01020916 0.005845672 0.002999999 8.41595e-05 0.005845672 0.002999999 -0.01004084 0.005845672 0.002999999 -0.02580744 0.005845672 0.002999999 0.03536736 -0.005845672 0.002999999 0.02233416 -0.005845672 0.002999999 0.01020916 -0.005845672 0.002999999 0.01058416 3.61222e-19 0.002999999 -0.02580744 -0.005845672 0.002999999 -0.01641584 3.61222e-19 0.002999999 8.41595e-05 -0.005845672 0.002999999 8.41595e-05 -0.02490817 0.002999999 0.01020916 -0.02490817 0.002999999 -0.01004084 -0.02490817 0.002999999 -0.02580744 -0.02490817 0.002999999 -0.03519905 0.005845672 0.002999999 -0.03519905 -0.005845672 0.002999999 -0.03519905 -0.02490817 0.002999999 0.02233416 -0.035125 0.002999999 0.01020916 -0.035125 0.002999999 8.41595e-05 -0.035125 0.002999999 -0.01004084 -0.035125 0.002999999 -0.02580744 -0.035125 0.002999999 -0.03519905 -0.035125 0.002999999 -0.02101584 -0.037225 0.01638564 -0.02171584 -0.038625 0.01759807 -0.02160148 -0.037225 0.0158 -0.02281392 -0.038625 0.0165 -0.02181584 -0.037225 0.015 -0.02321584 -0.038625 0.015 -0.02160148 -0.037225 0.0142 -0.02281392 -0.038625 0.0135 -0.02101584 -0.037225 0.01361436 -0.02171584 -0.038625 0.01240192 -0.02021584 -0.037225 0.0134 -0.02021584 -0.038625 0.012 -0.01941584 -0.037225 0.01361436 -0.01871584 -0.038625 0.01240192 -0.0188302 -0.037225 0.0142 -0.01761776 -0.038625 0.0135 -0.01861584 -0.037225 0.015 -0.01721584 -0.038625 0.015 -0.0188302 -0.037225 0.0158 -0.01761776 -0.038625 0.0165 -0.01941584 -0.037225 0.01638564 -0.01871584 -0.038625 0.01759807 -0.02021584 -0.037225 0.0166 -0.02021584 -0.038625 0.018 -0.02181584 -0.035625 0.015 -0.02160148 -0.035625 0.0142 -0.02101584 -0.035625 0.01361436 -0.02021584 -0.035625 0.0134 -0.01941584 -0.035625 0.01361436 -0.0188302 -0.035625 0.0142 -0.01861584 -0.035625 0.015 -0.0188302 -0.035625 0.0158 -0.01941584 -0.035625 0.01638564 -0.02021584 -0.035625 0.0166 -0.02101584 -0.035625 0.01638564 -0.02160148 -0.035625 0.0158 0.01308416 -0.035625 0.05555 0.01308416 -0.038625 0.05555 0.01368934 -0.035625 0.05270284 0.01368934 -0.038625 0.05270284 0.01540025 -0.035625 0.05034798 0.01540025 -0.038625 0.05034798 0.01792104 -0.035625 0.0488926 0.01792104 -0.038625 0.0488926 0.02081586 -0.035625 0.04858834 0.02081586 -0.038625 0.04858834 0.02358416 -0.035625 0.04948782 0.02358416 -0.038625 0.04948782 0.02574728 -0.035625 0.0514355 0.02574728 -0.038625 0.0514355 0.02693119 -0.035625 0.05409462 0.02693119 -0.038625 0.05409462 0.02708416 -0.035625 0.05555 0.02708416 -0.038625 0.05555 0.02693119 -0.035625 0.05700538 0.02693119 -0.038625 0.05700538 0.02574728 -0.035625 0.0596645 0.02574728 -0.038625 0.0596645 0.02358416 -0.035625 0.06161217 0.02358416 -0.038625 0.06161217 0.02081586 -0.035625 0.06251165 0.02081586 -0.038625 0.06251165 0.01792104 -0.035625 0.06220739 0.01792104 -0.038625 0.06220739 0.01540025 -0.035625 0.06075201 0.01540025 -0.038625 0.06075201 0.01368934 -0.035625 0.05839716 0.01368934 -0.038625 0.05839716 0.01253416 -0.037225 0.06862698 0.01183416 -0.038625 0.06983942 0.01194852 -0.037225 0.06804134 0.01073608 -0.038625 0.06874134 0.01173416 -0.037225 0.06724134 0.01033416 -0.038625 0.06724134 0.01194852 -0.037225 0.06644134 0.01073608 -0.038625 0.06574135 0.01253416 -0.037225 0.0658557 0.01183416 -0.038625 0.06464326 0.01333416 -0.037225 0.06564134 0.01333416 -0.038625 0.06424134 0.01413416 -0.037225 0.0658557 0.01483416 -0.038625 0.06464326 0.0147198 -0.037225 0.06644134 0.01593224 -0.038625 0.06574135 0.01493416 -0.037225 0.06724134 0.01633416 -0.038625 0.06724134 0.0147198 -0.037225 0.06804134 0.01593224 -0.038625 0.06874134 0.01413416 -0.037225 0.06862698 0.01483416 -0.038625 0.06983942 0.01333416 -0.037225 0.06884135 0.01333416 -0.038625 0.07024134 0.01173416 -0.035625 0.06724134 0.01194852 -0.035625 0.06644134 0.01253416 -0.035625 0.0658557 0.01333416 -0.035625 0.06564134 0.01413416 -0.035625 0.0658557 0.0147198 -0.035625 0.06644134 0.01493416 -0.035625 0.06724134 0.0147198 -0.035625 0.06804134 0.01413416 -0.035625 0.06862698 0.01333416 -0.035625 0.06884135 0.01253416 -0.035625 0.06862698 0.01194852 -0.035625 0.06804134 0.02603416 -0.037225 0.06862698 0.02533416 -0.038625 0.06983942 0.02544852 -0.037225 0.06804134 0.02423608 -0.038625 0.06874134 0.02523416 -0.037225 0.06724134 0.02383416 -0.038625 0.06724134 0.02544852 -0.037225 0.06644134 0.02423608 -0.038625 0.06574135 0.02603416 -0.037225 0.0658557 0.02533416 -0.038625 0.06464326 0.02683416 -0.037225 0.06564134 0.02683416 -0.038625 0.06424134 0.02763416 -0.037225 0.0658557 0.02833416 -0.038625 0.06464326 0.0282198 -0.037225 0.06644134 0.02943224 -0.038625 0.06574135 0.02843416 -0.037225 0.06724134 0.02983416 -0.038625 0.06724134 0.0282198 -0.037225 0.06804134 0.02943224 -0.038625 0.06874134 0.02763416 -0.037225 0.06862698 0.02833416 -0.038625 0.06983942 0.02683416 -0.037225 0.06884135 0.02683416 -0.038625 0.07024134 0.02523416 -0.035625 0.06724134 0.02544852 -0.035625 0.06644134 0.02603416 -0.035625 0.0658557 0.02683416 -0.035625 0.06564134 0.02763416 -0.035625 0.0658557 0.0282198 -0.035625 0.06644134 0.02843416 -0.035625 0.06724134 0.0282198 -0.035625 0.06804134 0.02763416 -0.035625 0.06862698 0.02683416 -0.035625 0.06884135 0.02603416 -0.035625 0.06862698 0.02544852 -0.035625 0.06804134 0.03278416 -0.037225 0.05693564 0.03208416 -0.038625 0.05814808 0.03219852 -0.037225 0.05635 0.03098608 -0.038625 0.05705 0.03198416 -0.037225 0.05555 0.03058416 -0.038625 0.05555 0.03219852 -0.037225 0.05475 0.03098608 -0.038625 0.05405 0.03278416 -0.037225 0.05416436 0.03208416 -0.038625 0.05295192 0.03358416 -0.037225 0.05395 0.03358416 -0.038625 0.05255 0.03438416 -0.037225 0.05416436 0.03508416 -0.038625 0.05295192 0.0349698 -0.037225 0.05475 0.03618224 -0.038625 0.05405 0.03518416 -0.037225 0.05555 0.03658416 -0.038625 0.05555 0.0349698 -0.037225 0.05635 0.03618224 -0.038625 0.05705 0.03438416 -0.037225 0.05693564 0.03508416 -0.038625 0.05814808 0.03358416 -0.037225 0.05715 0.03358416 -0.038625 0.05855 0.03198416 -0.035625 0.05555 0.03219852 -0.035625 0.05475 0.03278416 -0.035625 0.05416436 0.03358416 -0.035625 0.05395 0.03438416 -0.035625 0.05416436 0.0349698 -0.035625 0.05475 0.03518416 -0.035625 0.05555 0.0349698 -0.035625 0.05635 0.03438416 -0.035625 0.05693564 0.03358416 -0.035625 0.05715 0.03278416 -0.035625 0.05693564 0.03219852 -0.035625 0.05635 0.02603416 -0.037225 0.0452443 0.02533416 -0.038625 0.04645673 0.02544852 -0.037225 0.04465865 0.02423608 -0.038625 0.04535866 0.02523416 -0.037225 0.04385865 0.02383416 -0.038625 0.04385865 0.02544852 -0.037225 0.04305866 0.02423608 -0.038625 0.04235866 0.02603416 -0.037225 0.04247302 0.02533416 -0.038625 0.04126058 0.02683416 -0.037225 0.04225866 0.02683416 -0.038625 0.04085866 0.02763416 -0.037225 0.04247302 0.02833416 -0.038625 0.04126058 0.0282198 -0.037225 0.04305866 0.02943224 -0.038625 0.04235866 0.02843416 -0.037225 0.04385865 0.02983416 -0.038625 0.04385865 0.0282198 -0.037225 0.04465865 0.02943224 -0.038625 0.04535866 0.02763416 -0.037225 0.0452443 0.02833416 -0.038625 0.04645673 0.02683416 -0.037225 0.04545866 0.02683416 -0.038625 0.04685865 0.02523416 -0.035625 0.04385865 0.02544852 -0.035625 0.04305866 0.02603416 -0.035625 0.04247302 0.02683416 -0.035625 0.04225866 0.02763416 -0.035625 0.04247302 0.0282198 -0.035625 0.04305866 0.02843416 -0.035625 0.04385865 0.0282198 -0.035625 0.04465865 0.02763416 -0.035625 0.0452443 0.02683416 -0.035625 0.04545866 0.02603416 -0.035625 0.0452443 0.02544852 -0.035625 0.04465865 0.01253416 -0.037225 0.0452443 0.01183416 -0.038625 0.04645673 0.01194852 -0.037225 0.04465865 0.01073608 -0.038625 0.04535866 0.01173416 -0.037225 0.04385865 0.01033416 -0.038625 0.04385865 0.01194852 -0.037225 0.04305866 0.01073608 -0.038625 0.04235866 0.01253416 -0.037225 0.04247302 0.01183416 -0.038625 0.04126058 0.01333416 -0.037225 0.04225866 0.01333416 -0.038625 0.04085866 0.01413416 -0.037225 0.04247302 0.01483416 -0.038625 0.04126058 0.0147198 -0.037225 0.04305866 0.01593224 -0.038625 0.04235866 0.01493416 -0.037225 0.04385865 0.01633416 -0.038625 0.04385865 0.0147198 -0.037225 0.04465865 0.01593224 -0.038625 0.04535866 0.01413416 -0.037225 0.0452443 0.01483416 -0.038625 0.04645673 0.01333416 -0.037225 0.04545866 0.01333416 -0.038625 0.04685865 0.01173416 -0.035625 0.04385865 0.01194852 -0.035625 0.04305866 0.01253416 -0.035625 0.04247302 0.01333416 -0.035625 0.04225866 0.01413416 -0.035625 0.04247302 0.0147198 -0.035625 0.04305866 0.01493416 -0.035625 0.04385865 0.0147198 -0.035625 0.04465865 0.01413416 -0.035625 0.0452443 0.01333416 -0.035625 0.04545866 0.01253416 -0.035625 0.0452443 0.01194852 -0.035625 0.04465865 0.00578416 -0.037225 0.05693564 0.005084159 -0.038625 0.05814808 0.005198519 -0.037225 0.05635 0.003986083 -0.038625 0.05705 0.004984159 -0.037225 0.05555 0.00358416 -0.038625 0.05555 0.005198519 -0.037225 0.05475 0.003986083 -0.038625 0.05405 0.00578416 -0.037225 0.05416436 0.005084159 -0.038625 0.05295192 0.00658416 -0.037225 0.05395 0.00658416 -0.038625 0.05255 0.00738416 -0.037225 0.05416436 0.00808416 -0.038625 0.05295192 0.0079698 -0.037225 0.05475 0.009182236 -0.038625 0.05405 0.00818416 -0.037225 0.05555 0.00958416 -0.038625 0.05555 0.0079698 -0.037225 0.05635 0.009182236 -0.038625 0.05705 0.00738416 -0.037225 0.05693564 0.00808416 -0.038625 0.05814808 0.00658416 -0.037225 0.05715 0.00658416 -0.038625 0.05855 0.004984159 -0.035625 0.05555 0.005198519 -0.035625 0.05475 0.00578416 -0.035625 0.05416436 0.00658416 -0.035625 0.05395 0.00738416 -0.035625 0.05416436 0.0079698 -0.035625 0.05475 0.00818416 -0.035625 0.05555 0.0079698 -0.035625 0.05635 0.00738416 -0.035625 0.05693564 0.00658416 -0.035625 0.05715 0.00578416 -0.035625 0.05693564 0.005198519 -0.035625 0.05635 0.03480368 -0.035625 0.07995462 0.03962669 -0.035625 0.07629462 0.03020916 -0.035625 0.07644567 0.03020916 -0.035625 0.05125 0.04770539 -0.035625 0.04852733 0.03020916 -0.035625 0.04700433 0.03020916 -0.035625 0.06409567 0.04856556 -0.035625 0.05452042 0.04814035 -0.035625 0.06055997 0.04644897 -0.035625 0.06637343 0.04356774 -0.035625 0.07169842 0.02931638 -0.035625 0.08251324 0.02775916 -0.035625 0.07644567 0.02341242 -0.035625 0.083855 0.02008416 -0.035625 0.07644567 0.01735826 -0.035625 0.08391934 0.01240916 -0.035625 0.07644567 0.01142712 -0.035625 0.08270337 0.00995916 -0.035625 0.07644567 0.0009869619 -0.035625 0.07670531 0.005886673 -0.035625 0.08026197 -0.003050889 -0.035625 0.07219391 0.00995916 -0.035625 0.06409567 -0.00604465 -0.035625 0.06693136 -0.00681584 -0.035625 0.06516089 -0.00681584 -0.035625 0.06409567 -0.007279837 -0.035625 0.06409567 -0.00681584 -0.035625 0.05125 -0.01287524 -0.035625 0.05125 -0.00681584 -0.035625 0.0035 -0.03367449 -0.035625 0.0035 -0.00681584 -0.035625 0.02942933 -0.02238003 -0.035625 0.02942933 0.02008416 -0.035625 0.04700433 0.01240916 -0.035625 0.02942933 0.01240916 -0.035625 0.04700433 0.02008416 -0.035625 0.02942933 0.00995916 -0.035625 0.04700433 0.00995916 -0.035625 0.02942933 0.04284974 -0.035625 0.02942933 0.03020916 -0.035625 0.02942933 0.02775916 -0.035625 0.02942933 0.02775916 -0.035625 0.04700433 0.02008416 -0.035625 0.06409567 0.02775916 -0.035625 0.06409567 0.01240916 -0.035625 0.06409567 0.02775916 -0.035625 0.05125 0.01240916 -0.035625 0.05125 0.00995916 -0.035625 0.05125 -0.00681584 -0.035625 0.04700433 -0.01472459 -0.035625 0.04700433 0.03625723 -0.035625 0.0035 0.03020916 -0.035625 0.0035 0.02775916 -0.035625 0.0035 0.02008416 -0.035625 0.0035 0.01240916 -0.035625 0.0035 0.00995916 -0.035625 0.0035 -0.03401426 -0.03559467 0.003328518 0.03596061 -0.03555801 0.00325 0.03605929 -0.03559479 0.003328831 0.03572596 -0.03542078 0.003096868 0.03566399 -0.035375 0.003066987 -0.03469086 -0.035375 0.003066987 -0.03418268 -0.03555801 0.00325 -0.03443677 -0.03547855 0.003146448 0.03584495 -0.03549833 0.003167399 0.03550078 -0.03524167 0.003013802 -0.03504659 -0.03520322 0.003006157 -0.03480266 -0.03532358 0.003041123 0.03551052 -0.03525 0.00301588 -0.03519905 -0.035125 0.002258991 -0.03519905 -0.035125 0.001499974 -0.03490046 -0.03573064 0.001593892 -0.03490046 -0.0355008 0.002317265 -0.03450718 -0.03593661 0.002561179 -0.03443677 -0.03547855 0.003146448 -0.0344133 -0.03602348 0.002643955 -0.03401426 -0.03629073 0.003074382 -0.03464459 -0.03701748 0.0005557618 -0.03450719 -0.03741397 0.0008522465 -0.03450718 -0.036433 0.001986985 -0.03416004 -0.03819608 0.001821176 -0.0344133 -0.036573 0.002120388 -0.03401426 -0.03841272 0.002299626 -0.03401426 -0.03700371 0.002814066 -0.03367449 -0.038625 0.0035 -0.03367449 -0.03735317 0.0035 -0.03469086 -0.036875 0.0004689104 -0.03490046 -0.03618486 0.0001643306 -0.03511706 -0.03542029 1.248037e-05 -0.03519905 -0.035125 6.437302e-10 -0.03367449 -0.03636601 0.0035 -0.03367449 -0.03712502 0.0035 -0.02238003 -0.038625 0.02942933 -0.01441968 -0.038625 0.04770433 -0.01318015 -0.038625 0.05055 -0.007584747 -0.038625 0.06339567 -0.00681584 -0.038625 0.06516089 -0.00604465 -0.038625 0.06693136 -0.003050889 -0.038625 0.07219391 0.0009869619 -0.038625 0.07670531 0.005886673 -0.038625 0.08026197 0.01142712 -0.038625 0.08270337 0.01735826 -0.038625 0.08391934 0.02341242 -0.038625 0.083855 0.02931638 -0.038625 0.08251324 0.03480368 -0.038625 0.07995462 0.03962669 -0.038625 0.07629462 0.04356774 -0.038625 0.07169842 0.04644897 -0.038625 0.06637343 0.04814035 -0.038625 0.06055997 0.04856556 -0.038625 0.05452042 0.04770539 -0.038625 0.04852733 0.03625723 -0.038625 0.0035 0.03625723 -0.03735317 0.0035 0.04284974 -0.038625 0.02942933 0.03625723 -0.03636601 0.0035 0.03625723 -0.03712502 0.0035 0.02008416 -0.038625 0.06339567 0.03020916 -0.038625 0.07714567 -0.00681584 -0.038625 0.06339567 -0.00681584 -0.038625 0.02942933 -0.00681584 -0.038625 0.0035 -0.00681584 -0.038625 0.05055 -0.00681584 -0.038625 0.04770433 0.00995916 -0.038625 0.07714567 0.00995916 -0.038625 0.06339567 0.02008416 -0.038625 0.07714567 0.02845916 -0.038625 0.07714567 0.03020916 -0.038625 0.06339567 0.03020916 -0.038625 0.05055 0.03020916 -0.038625 0.04770433 0.03020916 -0.038625 0.02942933 0.03020916 -0.038625 0.0035 0.02845916 -0.038625 0.06339567 0.02845916 -0.038625 0.05055 0.01170916 -0.038625 0.05055 0.01170916 -0.038625 0.06339567 0.02008416 -0.038625 0.04770433 0.02845916 -0.038625 0.04770433 0.01170916 -0.038625 0.04770433 0.02008416 -0.038625 0.02942933 0.01170916 -0.038625 0.02942933 0.00995916 -0.038625 0.04770433 0.00995916 -0.038625 0.02942933 0.02845916 -0.038625 0.02942933 0.01170916 -0.038625 0.07714567 0.02845916 -0.038625 0.0035 0.02008416 -0.038625 0.0035 0.01170916 -0.038625 0.0035 0.00995916 -0.038625 0.0035 0.00995916 -0.038625 0.05055 0.03605929 -0.03841351 0.002301809 0.03596061 -0.03815609 0.001750001 0.03598041 -0.0382154 0.001857006 -0.03416004 -0.03819608 0.001821176 0.03570387 -0.03708387 0.0005995153 0.03566399 -0.036875 0.0004689104 0.03551052 -0.03600004 0.0001111484 0.03543015 -0.0355121 2.147322e-05 -0.02510744 -0.035125 6.437302e-10 -0.01004084 -0.035125 6.437302e-10 0.03536736 -0.035125 6.437302e-10 0.01020916 -0.035125 6.437302e-10 8.41595e-05 -0.035125 6.437302e-10 0.03551052 -0.03543527 0.002298401 0.03605929 -0.03629102 0.003075153 0.03584495 -0.03549833 0.003167399 0.03584108 -0.03604595 0.002668173 0.03572596 -0.03585913 0.002499421 0.03536736 -0.035125 0.001499974 0.03551052 -0.03562503 0.00156349 0.03572596 -0.03630812 0.001887456 0.03584108 -0.03660922 0.002159417 0.03605929 -0.03700417 0.002815314 0.03598041 -0.03821539 0.001857009 0.03536736 -0.035125 0.002258987 0.03536736 0.035125 0.001499974 0.03536736 0.035125 0.002258987 0.03536736 -0.02420817 6.437302e-10 0.03536736 -0.005845672 6.437302e-10 0.03536736 0.005845672 6.437302e-10 0.03536736 0.035125 6.437302e-10 0.03551052 0.03562503 0.00156349 0.03551052 0.03543527 0.002298401 0.03572596 0.03585913 0.002499421 0.03584108 0.03604595 0.002668173 0.03584495 0.03549833 0.003167399 0.03605929 0.03629102 0.003075153 0.03605929 0.03841351 0.002301809 0.03625723 0.038625 0.0035 0.03605929 0.03700417 0.002815314 0.03625723 0.03735317 0.0035 0.03598041 0.03821539 0.001857009 0.03584108 0.03660922 0.002159417 0.03596061 0.03815609 0.001750001 0.03572596 0.03630812 0.001887456 0.03570387 0.03708387 0.0005995153 0.03566399 0.036875 0.0004689104 0.03551052 0.03600004 0.0001111484 0.03543015 0.0355121 2.147322e-05 0.03625723 0.03636601 0.0035 0.03625723 0.03712502 0.0035 0.04770539 0.038625 0.04852733 0.04284974 0.038625 0.02942933 0.04856556 0.038625 0.05452042 0.04814035 0.038625 0.06055997 0.04644897 0.038625 0.06637343 0.04356774 0.038625 0.07169842 0.03962669 0.038625 0.07629462 0.03480368 0.038625 0.07995462 0.02931638 0.038625 0.08251324 0.02341242 0.038625 0.083855 0.01735826 0.038625 0.08391934 0.01142712 0.038625 0.08270337 0.005886673 0.038625 0.08026197 0.0009869619 0.038625 0.07670531 -0.003050889 0.038625 0.07219391 -0.00604465 0.038625 0.06693136 -0.03367449 0.03636601 0.0035 -0.03367449 0.03712502 0.0035 -0.00681584 0.038625 0.06516089 -0.03367449 0.03735317 0.0035 -0.007584747 0.038625 0.06339567 -0.01318015 0.038625 0.05055 -0.01441968 0.038625 0.04770433 -0.02238003 0.038625 0.02942933 -0.03367449 0.038625 0.0035 0.01170916 0.038625 0.04770433 0.02845916 0.038625 0.06339567 0.02008416 0.038625 0.06339567 0.00995916 0.038625 0.07714567 0.02845916 0.038625 0.07714567 0.03020916 0.038625 0.07714567 0.03020916 0.038625 0.05055 0.03020916 0.038625 0.04770433 0.03020916 0.038625 0.06339567 0.01170916 0.038625 0.07714567 0.00995916 0.038625 0.06339567 -0.00681584 0.038625 0.06339567 -0.00681584 0.038625 0.05055 -0.00681584 0.038625 0.0035 -0.00681584 0.038625 0.02942933 0.01170916 0.038625 0.06339567 0.01170916 0.038625 0.05055 0.02845916 0.038625 0.05055 0.02008416 0.038625 0.04770433 0.02008416 0.038625 0.07714567 0.02845916 0.038625 0.02942933 0.02008416 0.038625 0.02942933 0.02845916 0.038625 0.04770433 0.03020916 0.038625 0.02942933 0.01170916 0.038625 0.02942933 0.00995916 0.038625 0.02942933 -0.00681584 0.038625 0.04770433 0.00995916 0.038625 0.04770433 0.00995916 0.038625 0.05055 0.00995916 0.038625 0.0035 0.01170916 0.038625 0.0035 0.02008416 0.038625 0.0035 0.02845916 0.038625 0.0035 0.03020916 0.038625 0.0035 -0.03416004 0.03819608 0.001821176 -0.03401426 0.03841272 0.002299626 0.03598041 0.0382154 0.001857006 -0.03469086 0.036875 0.0004689104 -0.03464459 0.03701748 0.0005557618 -0.03450719 0.03741397 0.0008522465 8.41595e-05 0.035125 6.437302e-10 0.01020916 0.035125 6.437302e-10 -0.02510744 0.035125 6.437302e-10 -0.03519905 0.035125 6.437302e-10 -0.03511706 0.03542029 1.248037e-05 -0.01004084 0.035125 6.437302e-10 -0.03490046 0.03618486 0.0001643306 -0.03401426 0.03629073 0.003074382 -0.03443677 0.03547855 0.003146448 -0.0344133 0.03602348 0.002643955 -0.03450718 0.03593661 0.002561179 -0.03490046 0.0355008 0.002317265 -0.03519905 0.035125 0.001499974 -0.03490046 0.03573064 0.001593892 -0.03450718 0.036433 0.001986985 -0.03401426 0.03700371 0.002814066 -0.0344133 0.036573 0.002120388 -0.03416004 0.03819608 0.001821176 -0.03519905 0.035125 0.002258991 -0.03519905 0.005845672 6.437302e-10 -0.03519905 -0.02420817 6.437302e-10 -0.03519905 -0.005845672 6.437302e-10 0.01020916 -0.005845672 6.437302e-10 -0.02510744 -0.02420817 6.437302e-10 -0.01004084 -0.02420817 6.437302e-10 0.01020916 -0.02420817 6.437302e-10 8.41595e-05 -0.02420817 6.437302e-10 8.41595e-05 -0.005845672 6.437302e-10 -0.01004084 -0.005845672 6.437302e-10 0.01518416 -5.940024e-19 6.437302e-10 0.01020916 0.005845672 6.437302e-10 -0.01004084 0.005845672 6.437302e-10 8.41595e-05 0.005845672 6.437302e-10 -0.02510744 -0.005845672 6.437302e-10 -0.01181584 -5.940024e-19 6.437302e-10 -0.02510744 0.005845672 6.437302e-10 -0.0147706 0.01270601 0.01984197 -0.01471584 0.01215 0.01984198 -0.01756584 0.015 0.01984197 -0.02086584 0.015 0.01984198 -0.01756584 -0.015 0.01984197 -0.02086584 -0.015 0.01984198 -0.02371584 0.01215 0.01984197 -0.01598246 0.01451969 0.01984197 -0.01555059 0.01416525 0.01984197 -0.01647519 0.01478306 0.01984197 -0.01519615 0.01373337 0.01984197 -0.01700984 0.01494524 0.01984198 -0.01493278 0.01324065 0.01984198 -0.01647519 -0.01478306 0.01984197 -0.01471584 -0.01215 0.01984198 -0.01598246 -0.01451969 0.01984197 -0.0147706 -0.01270601 0.01984197 -0.01493278 -0.01324065 0.01984198 -0.01519615 -0.01373337 0.01984197 -0.01555059 -0.01416525 0.01984197 -0.02195648 0.01478306 0.01984197 -0.02142185 0.01494524 0.01984197 -0.02366108 0.01270601 0.01984198 -0.01700984 -0.01494524 0.01984198 -0.02142185 -0.01494524 0.01984197 -0.02366108 -0.01270601 0.01984198 -0.02371584 -0.01215 0.01984197 -0.0234989 0.01324065 0.01984198 -0.02323553 0.01373337 0.01984197 -0.0228811 0.01416525 0.01984198 -0.02244921 0.01451969 0.01984197 -0.02244921 -0.01451969 0.01984197 -0.0228811 -0.01416525 0.01984198 -0.02195648 -0.01478306 0.01984197 -0.02323553 -0.01373337 0.01984197 -0.0234989 -0.01324065 0.01984198 -0.01756584 0.015 0.02184198 -0.02086584 0.015 0.02184197 -0.01471584 0.01215 0.02184198 -0.0147706 0.01270601 0.02184198 -0.01493278 0.01324065 0.02184197 -0.01519615 0.01373337 0.02184198 -0.01555058 0.01416525 0.02184197 -0.01598247 0.01451969 0.02184198 -0.01647519 0.01478306 0.02184198 -0.01700983 0.01494524 0.02184198 -0.01471584 -0.01215 0.02184198 -0.01756584 -0.015 0.02184198 -0.01700983 -0.01494524 0.02184198 -0.01647519 -0.01478306 0.02184198 -0.01598247 -0.01451969 0.02184198 -0.01555058 -0.01416525 0.02184197 -0.01519615 -0.01373337 0.02184198 -0.01493278 -0.01324065 0.02184197 -0.0147706 -0.01270601 0.02184198 -0.02086584 -0.015 0.02184197 -0.02371584 -0.01215 0.02184198 -0.02366108 -0.01270601 0.02184197 -0.0234989 -0.01324065 0.02184197 -0.02323553 -0.01373337 0.02184198 -0.02288109 -0.01416525 0.02184197 -0.02244922 -0.01451969 0.02184198 -0.02195649 -0.01478306 0.02184198 -0.02142185 -0.01494524 0.02184198 -0.02371584 0.01215 0.02184198 -0.02142185 0.01494524 0.02184198 -0.02195649 0.01478306 0.02184198 -0.02244922 0.01451969 0.02184198 -0.02288109 0.01416525 0.02184197 -0.02323553 0.01373337 0.02184198 -0.0234989 0.01324065 0.02184197 -0.02366108 0.01270601 0.02184197 -0.01423077 -0.0122 0.01984198 -0.01423077 -0.0122 0.02084197 -0.01423077 0.0122 0.01984198 -0.01423077 0.0122 0.02084197 -0.02115241 -0.0152 0.02084197 -0.02115241 -0.0152 0.01984198 -0.02207946 -0.01505317 0.02084197 -0.02207946 -0.01505317 0.01984198 -0.02291577 -0.01462705 0.02084197 -0.02291577 -0.01462705 0.01984198 -0.02357946 -0.01396336 0.02084197 -0.02357946 -0.01396336 0.01984198 -0.02400558 -0.01312705 0.02084197 -0.02400558 -0.01312705 0.01984198 -0.02415241 -0.0122 0.02084197 -0.02415241 -0.0122 0.01984198 -0.02415241 0.0122 0.01984198 -0.02415241 0.0122 0.02084197 -0.02400558 0.01312705 0.02084197 -0.02400558 0.01312705 0.01984198 -0.02357946 0.01396336 0.02084197 -0.02357946 0.01396336 0.01984198 -0.02291577 0.01462705 0.02084197 -0.02291577 0.01462705 0.01984198 -0.02207946 0.01505317 0.02084197 -0.02207946 0.01505317 0.01984198 -0.02115241 0.0152 0.02084197 -0.02115241 0.0152 0.01984198 -0.01723077 0.0152 0.02084197 -0.01723077 0.0152 0.01984198 -0.01630372 0.01505317 0.02084197 -0.01630372 0.01505317 0.01984198 -0.01546742 0.01462705 0.02084197 -0.01546742 0.01462705 0.01984198 -0.01480372 0.01396336 0.02084197 -0.01480372 0.01396336 0.01984198 -0.0143776 0.01312705 0.02084197 -0.0143776 0.01312705 0.01984198 -0.01723077 -0.0152 0.01984198 -0.01630372 -0.01505317 0.01984198 -0.01546742 -0.01462705 0.01984198 -0.01480372 -0.01396336 0.01984198 -0.0143776 -0.01312705 0.01984198 -0.0143776 -0.01312705 0.02084197 -0.01480372 -0.01396336 0.02084197 -0.01546742 -0.01462705 0.02084197 -0.01630372 -0.01505317 0.02084197 -0.01723077 -0.0152 0.02084197 -0.02156584 -0.03562 0.015 -0.02156584 0.03562 0.015 -0.02141121 -0.03562 0.01562738 -0.02141121 0.03562 0.01562738 -0.02098273 -0.03562 0.01611103 -0.02098273 0.03562 0.01611103 -0.02037857 -0.03562 0.01634016 -0.02037857 0.03562 0.01634016 -0.01973712 -0.03562 0.01626227 -0.01973712 0.03562 0.01626227 -0.01920535 -0.03562 0.01589521 -0.01920535 0.03562 0.01589521 -0.01890507 -0.03562 0.01532308 -0.01890507 0.03562 0.01532308 -0.01886584 -0.03562 0.015 -0.01886584 0.03562 0.015 -0.01890507 -0.03562 0.01467693 -0.01890507 0.03562 0.01467693 -0.01920535 -0.03562 0.01410478 -0.01920535 0.03562 0.01410478 -0.01973712 -0.03562 0.01373773 -0.01973712 0.03562 0.01373773 -0.02037857 -0.03562 0.01365984 -0.02037857 0.03562 0.01365984 -0.02098273 -0.03562 0.01388897 -0.02098273 0.03562 0.01388897 -0.02141121 -0.03562 0.01437263 -0.02141121 0.03562 0.01437263 -0.02590241 -0.03562 0.02084197 -0.01248077 -0.03562 0.004999999 -0.01248077 -0.03562 0.02084197 -0.03280297 -0.03562 0.004999999 -0.03367414 -0.03362 0.002999999 -0.01248077 -0.03362 0.002999999 -0.0336574 -0.03401018 0.003038429 -0.01248077 -0.03438537 0.003152241 -0.03360783 -0.03438537 0.003152241 -0.03352732 -0.03473114 0.00333706 -0.01248077 -0.03503421 0.003585786 -0.03341898 -0.03503421 0.003585786 -0.03328696 -0.03528294 0.003888861 -0.01248077 -0.03546776 0.004234635 -0.03313635 -0.03546776 0.004234635 -0.03297292 -0.03558157 0.00460982 -0.01248077 0.03362 0.002999999 -0.03367414 0.03362 0.002999999 -0.01248077 0.03562 0.02084197 -0.01248077 0.03562 0.004999999 -0.01248077 0.03503421 0.003585786 -0.01248077 0.03546776 0.004234635 -0.01248077 0.03438537 0.003152241 -0.02590241 0.03562 0.02084197 -0.03280297 0.03562 0.004999999 -0.03297292 0.03558157 0.00460982 -0.03313635 0.03546776 0.004234635 -0.03328696 0.03528294 0.003888861 -0.03341898 0.03503421 0.003585786 -0.03352732 0.03473114 0.00333706 -0.03360783 0.03438537 0.003152241 -0.0336574 0.03401018 0.003038429 0.01196617 0.035625 0.0612072 0.0115922 0.035625 0.06025437 0.01134433 0.035325 0.06042336 0.01158893 0.035325 0.06091667 0.01166952 0.035325 0.06125192 0.01188967 0.035625 0.06222794 0.01166596 0.035325 0.06187082 0.011603 0.035325 0.06213951 0.01137787 0.035625 0.0631144 0.01129074 0.035325 0.06275149 0.01115796 0.035325 0.06291035 0.01053214 0.035625 0.06369101 0.01054924 0.035325 0.0633569 0.01042254 0.035325 0.06341175 0.009519976 0.035625 0.06384357 0.009611323 0.035325 0.06354838 0.009542394 0.035325 0.06354441 0.008541854 0.035625 0.06354186 0.008691855 0.035325 0.06328205 0.007791505 0.035625 0.06284564 0.008039378 0.035325 0.06267664 0.008001475 0.035325 0.06261893 0.007417543 0.035625 0.0618928 0.007714192 0.035325 0.06184809 0.00769834 0.035325 0.06171093 0.007494038 0.035625 0.06087206 0.007780709 0.035325 0.06096049 0.007851896 0.035325 0.06076607 0.008005835 0.035625 0.0599856 0.008225751 0.035325 0.06018965 0.008426964 0.035325 0.06000079 0.00885157 0.035625 0.05940899 0.008961173 0.035325 0.05968825 0.009291803 0.035325 0.05959042 0.009863734 0.035625 0.05925643 0.009841315 0.035325 0.05955559 0.01024829 0.035325 0.05962896 0.01084185 0.035625 0.05955814 0.01069185 0.035325 0.05981795 0.0110773 0.035325 0.0601076 0.009542394 0.031925 0.06354441 0.009611323 0.031925 0.06354838 0.01042254 0.031925 0.06341175 0.01054924 0.031925 0.0633569 0.01115796 0.031925 0.06291035 0.01129074 0.031925 0.06275149 0.011603 0.031925 0.06213951 0.01166596 0.031925 0.06187082 0.01166952 0.031925 0.06125192 0.01158893 0.031925 0.06091667 0.01134433 0.031925 0.06042336 0.0110773 0.031925 0.0601076 0.01069185 0.031925 0.05981795 0.01024829 0.031925 0.05962896 0.009841315 0.031925 0.05955559 0.009291803 0.031925 0.05959042 0.008961173 0.031925 0.05968825 0.008426964 0.031925 0.06000079 0.008225751 0.031925 0.06018965 0.007851896 0.031925 0.06076607 0.007780709 0.031925 0.06096049 0.00769834 0.031925 0.06171093 0.007714192 0.031925 0.06184809 0.008001475 0.031925 0.06261893 0.008039378 0.031925 0.06267664 0.008691855 0.031925 0.06328205 0.00885157 0.031625 0.05940899 0.009863734 0.031625 0.05925643 0.008005835 0.031625 0.0599856 0.007494038 0.031625 0.06087206 0.007417543 0.031625 0.0618928 0.007791505 0.031625 0.06284564 0.008541854 0.031625 0.06354186 0.009519976 0.031625 0.06384357 0.01053214 0.031625 0.06369101 0.01137787 0.031625 0.0631144 0.01188967 0.031625 0.06222794 0.01196617 0.031625 0.0612072 0.0115922 0.031625 0.06025437 0.01084185 0.031625 0.05955814 0.02235847 0.035625 0.0432072 0.02198451 0.035625 0.04225436 0.02173664 0.035325 0.04242336 0.02198123 0.035325 0.04291666 0.02206182 0.035325 0.04325192 0.02228198 0.035625 0.04422794 0.02205826 0.035325 0.04387082 0.0219953 0.035325 0.04413951 0.02177018 0.035625 0.0451144 0.02168304 0.035325 0.04475148 0.02155026 0.035325 0.04491035 0.02092444 0.035625 0.04569101 0.02094154 0.035325 0.0453569 0.02081484 0.035325 0.04541175 0.01991228 0.035625 0.04584357 0.02000363 0.035325 0.04554838 0.0199347 0.035325 0.04554441 0.01893416 0.035625 0.04554186 0.01908416 0.035325 0.04528205 0.01818381 0.035625 0.04484564 0.01843168 0.035325 0.04467664 0.01839378 0.035325 0.04461893 0.01780985 0.035625 0.0438928 0.0181065 0.035325 0.04384809 0.01809064 0.035325 0.04371093 0.01788634 0.035625 0.04287206 0.01817301 0.035325 0.04296049 0.0182442 0.035325 0.04276607 0.01839814 0.035625 0.0419856 0.01861805 0.035325 0.04218965 0.01881927 0.035325 0.04200079 0.01924388 0.035625 0.04140899 0.01935348 0.035325 0.04168825 0.01968411 0.035325 0.04159042 0.02025604 0.035625 0.04125643 0.02023362 0.035325 0.04155559 0.02064059 0.035325 0.04162896 0.02123416 0.035625 0.04155814 0.02108416 0.035325 0.04181795 0.02146961 0.035325 0.04210759 0.0199347 0.031925 0.04554441 0.02000363 0.031925 0.04554838 0.02081484 0.031925 0.04541175 0.02094154 0.031925 0.0453569 0.02155026 0.031925 0.04491035 0.02168304 0.031925 0.04475148 0.0219953 0.031925 0.04413951 0.02205826 0.031925 0.04387082 0.02206182 0.031925 0.04325192 0.02198123 0.031925 0.04291666 0.02173664 0.031925 0.04242336 0.02146961 0.031925 0.04210759 0.02108416 0.031925 0.04181795 0.02064059 0.031925 0.04162896 0.02023362 0.031925 0.04155559 0.01968411 0.031925 0.04159042 0.01935348 0.031925 0.04168825 0.01881927 0.031925 0.04200079 0.01861805 0.031925 0.04218965 0.0182442 0.031925 0.04276607 0.01817301 0.031925 0.04296049 0.01809064 0.031925 0.04371093 0.0181065 0.031925 0.04384809 0.01839378 0.031925 0.04461893 0.01843168 0.031925 0.04467664 0.01908416 0.031925 0.04528205 0.01924388 0.031625 0.04140899 0.02025604 0.031625 0.04125643 0.01839814 0.031625 0.0419856 0.01788634 0.031625 0.04287206 0.01780985 0.031625 0.0438928 0.01818381 0.031625 0.04484564 0.01893416 0.031625 0.04554186 0.01991228 0.031625 0.04584357 0.02092444 0.031625 0.04569101 0.02177018 0.031625 0.0451144 0.02228198 0.031625 0.04422794 0.02235847 0.031625 0.0432072 0.02198451 0.031625 0.04225436 0.02123416 0.031625 0.04155814 0.03275077 0.035625 0.0612072 0.03237681 0.035625 0.06025437 0.03212894 0.035325 0.06042336 0.03237354 0.035325 0.06091666 0.03245413 0.035325 0.06125192 0.03267428 0.035625 0.06222794 0.03245056 0.035325 0.06187082 0.03238761 0.035325 0.06213951 0.03216248 0.035625 0.0631144 0.03207535 0.035325 0.06275149 0.03194257 0.035325 0.06291035 0.03131675 0.035625 0.06369101 0.03133385 0.035325 0.0633569 0.03120715 0.035325 0.06341175 0.03030458 0.035625 0.06384357 0.03039593 0.035325 0.06354838 0.030327 0.035325 0.06354441 0.02932646 0.035625 0.06354186 0.02947646 0.035325 0.06328205 0.02857612 0.035625 0.06284563 0.02882399 0.035325 0.06267664 0.02878608 0.035325 0.06261893 0.02820215 0.035625 0.0618928 0.0284988 0.035325 0.06184809 0.02848295 0.035325 0.06171093 0.02827865 0.035625 0.06087206 0.02856532 0.035325 0.06096049 0.02863651 0.035325 0.06076607 0.02879045 0.035625 0.0599856 0.02901036 0.035325 0.06018965 0.02921157 0.035325 0.06000079 0.02963618 0.035625 0.05940899 0.02974578 0.035325 0.05968825 0.03007641 0.035325 0.05959042 0.03064834 0.035625 0.05925643 0.03062592 0.035325 0.05955559 0.0310329 0.035325 0.05962896 0.03162646 0.035625 0.05955814 0.03147646 0.035325 0.05981795 0.03186191 0.035325 0.0601076 0.030327 0.031925 0.06354441 0.03039593 0.031925 0.06354838 0.03120715 0.031925 0.06341175 0.03133385 0.031925 0.0633569 0.03194257 0.031925 0.06291035 0.03207535 0.031925 0.06275149 0.03238761 0.031925 0.06213951 0.03245056 0.031925 0.06187082 0.03245413 0.031925 0.06125192 0.03237354 0.031925 0.06091666 0.03212894 0.031925 0.06042336 0.03186191 0.031925 0.0601076 0.03147646 0.031925 0.05981795 0.0310329 0.031925 0.05962896 0.03062592 0.031925 0.05955559 0.03007641 0.031925 0.05959042 0.02974578 0.031925 0.05968825 0.02921157 0.031925 0.06000079 0.02901036 0.031925 0.06018965 0.02863651 0.031925 0.06076607 0.02856532 0.031925 0.06096049 0.02848295 0.031925 0.06171093 0.0284988 0.031925 0.06184809 0.02878608 0.031925 0.06261893 0.02882399 0.031925 0.06267664 0.02947646 0.031925 0.06328205 0.02963618 0.031625 0.05940899 0.03064834 0.031625 0.05925643 0.02879045 0.031625 0.0599856 0.02827865 0.031625 0.06087206 0.02820215 0.031625 0.0618928 0.02857612 0.031625 0.06284563 0.02932646 0.031625 0.06354186 0.03030458 0.031625 0.06384357 0.03131675 0.031625 0.06369101 0.03216248 0.031625 0.0631144 0.03267428 0.031625 0.06222794 0.03275077 0.031625 0.0612072 0.03237681 0.031625 0.06025437 0.03162646 0.031625 0.05955814 0.035478 0.035625 0.05539711 0.03519002 0.035625 0.05453451 0.0349698 0.035325 0.05475 0.03517897 0.035325 0.05542125 0.03518416 0.035325 0.05555 0.03533212 0.035625 0.05629474 0.03505613 0.035325 0.05617715 0.0349698 0.035325 0.05635 0.03478581 0.035625 0.05702175 0.03459607 0.035325 0.05678937 0.03438416 0.035325 0.05693564 0.03396421 0.035625 0.0574116 0.0339042 0.035325 0.05711766 0.03358416 0.035325 0.05715 0.03305555 0.035625 0.05737498 0.03313901 0.035325 0.05708683 0.03263416 0.035625 0.05719545 0.03278416 0.035325 0.05693564 0.03226798 0.035625 0.05692029 0.0324758 0.035325 0.05670393 0.03178194 0.035625 0.05615167 0.03219852 0.035325 0.05635 0.0320665 0.035325 0.05605667 0.03170876 0.035625 0.05524522 0.03198416 0.035325 0.05555 0.03200488 0.035325 0.05529334 0.03206522 0.035625 0.05440859 0.03219852 0.035325 0.05475 0.03230505 0.035325 0.05458881 0.03276964 0.035625 0.05383344 0.03278416 0.035325 0.05416436 0.03289825 0.035325 0.05410448 0.03366067 0.035625 0.05365154 0.03358416 0.035325 0.05395 0.03364858 0.035325 0.0539513 0.03453416 0.035625 0.05390455 0.03438416 0.035325 0.05416436 0.03493646 0.035325 0.05469485 0.03505613 0.031925 0.05617715 0.0349698 0.031925 0.05635 0.03459607 0.031925 0.05678937 0.03438416 0.031925 0.05693564 0.0339042 0.031925 0.05711766 0.03358416 0.031925 0.05715 0.03313901 0.031925 0.05708683 0.03278416 0.031925 0.05693564 0.0324758 0.031925 0.05670393 0.03219852 0.031925 0.05635 0.0320665 0.031925 0.05605667 0.03198416 0.031925 0.05555 0.03200488 0.031925 0.05529334 0.03219852 0.031925 0.05475 0.03230505 0.031925 0.05458881 0.03278416 0.031925 0.05416436 0.03289825 0.031925 0.05410448 0.03358416 0.031925 0.05395 0.03364858 0.031925 0.0539513 0.03438416 0.031925 0.05416436 0.03493646 0.031925 0.05469485 0.0349698 0.031925 0.05475 0.03517897 0.031925 0.05542125 0.03518416 0.031925 0.05555 0.03276964 0.031625 0.05383344 0.03366067 0.031625 0.05365154 0.03206522 0.031625 0.05440859 0.03170876 0.031625 0.05524522 0.03178194 0.031625 0.05615167 0.03226798 0.031625 0.05692029 0.03263416 0.031625 0.05719545 0.03305555 0.031625 0.05737498 0.03396421 0.031625 0.0574116 0.03478581 0.031625 0.05702175 0.03533212 0.031625 0.05629474 0.035478 0.031625 0.05539711 0.03519002 0.031625 0.05453451 0.03453416 0.031625 0.05390455 0.028728 0.035625 0.06708845 0.02844002 0.035625 0.06622586 0.0282198 0.035325 0.06644134 0.02842897 0.035325 0.06711259 0.02843416 0.035325 0.06724134 0.02858212 0.035625 0.06798608 0.02830613 0.035325 0.06786849 0.0282198 0.035325 0.06804134 0.0280358 0.035625 0.06871309 0.02784607 0.035325 0.06848071 0.02763416 0.035325 0.06862698 0.02721421 0.035625 0.06910294 0.0271542 0.035325 0.06880901 0.02683416 0.035325 0.06884135 0.02630555 0.035625 0.06906633 0.02638901 0.035325 0.06877817 0.02588416 0.035625 0.06888679 0.02603416 0.035325 0.06862698 0.02551798 0.035625 0.06861163 0.0257258 0.035325 0.06839526 0.02503194 0.035625 0.06784301 0.02544852 0.035325 0.06804134 0.0253165 0.035325 0.06774801 0.02495876 0.035625 0.06693656 0.02523416 0.035325 0.06724134 0.02525488 0.035325 0.06698468 0.02531522 0.035625 0.06609993 0.02544852 0.035325 0.06644134 0.02555505 0.035325 0.06628016 0.02601964 0.035625 0.06552479 0.02603416 0.035325 0.0658557 0.02614825 0.035325 0.06579582 0.02691066 0.035625 0.06534288 0.02683416 0.035325 0.06564134 0.02689859 0.035325 0.06564264 0.02778416 0.035625 0.0655959 0.02763416 0.035325 0.0658557 0.02818646 0.035325 0.0663862 0.02830613 0.031925 0.06786849 0.0282198 0.031925 0.06804134 0.02784607 0.031925 0.06848071 0.02763416 0.031925 0.06862698 0.0271542 0.031925 0.06880901 0.02683416 0.031925 0.06884135 0.02638901 0.031925 0.06877817 0.02603416 0.031925 0.06862698 0.0257258 0.031925 0.06839526 0.02544852 0.031925 0.06804134 0.0253165 0.031925 0.06774801 0.02523416 0.031925 0.06724134 0.02525488 0.031925 0.06698468 0.02544852 0.031925 0.06644134 0.02555505 0.031925 0.06628016 0.02603416 0.031925 0.0658557 0.02614825 0.031925 0.06579582 0.02683416 0.031925 0.06564134 0.02689859 0.031925 0.06564264 0.02763416 0.031925 0.0658557 0.02818646 0.031925 0.0663862 0.0282198 0.031925 0.06644134 0.02842897 0.031925 0.06711259 0.02843416 0.031925 0.06724134 0.02601964 0.031625 0.06552479 0.02691066 0.031625 0.06534288 0.02531522 0.031625 0.06609993 0.02495876 0.031625 0.06693656 0.02503194 0.031625 0.06784301 0.02551798 0.031625 0.06861163 0.02588416 0.031625 0.06888679 0.02630555 0.031625 0.06906633 0.02721421 0.031625 0.06910294 0.0280358 0.031625 0.06871309 0.02858212 0.031625 0.06798608 0.028728 0.031625 0.06708845 0.02844002 0.031625 0.06622586 0.02778416 0.031625 0.0655959 0.015228 0.035625 0.06708845 0.01494002 0.035625 0.06622586 0.0147198 0.035325 0.06644134 0.01492897 0.035325 0.06711259 0.01493416 0.035325 0.06724134 0.01508212 0.035625 0.06798608 0.01480613 0.035325 0.06786849 0.0147198 0.035325 0.06804134 0.01453581 0.035625 0.06871309 0.01434607 0.035325 0.06848071 0.01413416 0.035325 0.06862698 0.01371421 0.035625 0.06910294 0.0136542 0.035325 0.06880901 0.01333416 0.035325 0.06884135 0.01280555 0.035625 0.06906633 0.01288901 0.035325 0.06877817 0.01238416 0.035625 0.06888679 0.01253416 0.035325 0.06862698 0.01201798 0.035625 0.06861163 0.0122258 0.035325 0.06839526 0.01153194 0.035625 0.06784301 0.01194852 0.035325 0.06804134 0.0118165 0.035325 0.06774801 0.01145876 0.035625 0.06693656 0.01173416 0.035325 0.06724134 0.01175488 0.035325 0.06698468 0.01181522 0.035625 0.06609993 0.01194852 0.035325 0.06644134 0.01205505 0.035325 0.06628016 0.01251964 0.035625 0.06552479 0.01253416 0.035325 0.0658557 0.01264825 0.035325 0.06579582 0.01341067 0.035625 0.06534288 0.01333416 0.035325 0.06564134 0.01339858 0.035325 0.06564264 0.01428416 0.035625 0.0655959 0.01413416 0.035325 0.0658557 0.01468646 0.035325 0.0663862 0.01480613 0.031925 0.06786849 0.0147198 0.031925 0.06804134 0.01434607 0.031925 0.06848071 0.01413416 0.031925 0.06862698 0.0136542 0.031925 0.06880901 0.01333416 0.031925 0.06884135 0.01288901 0.031925 0.06877817 0.01253416 0.031925 0.06862698 0.0122258 0.031925 0.06839526 0.01194852 0.031925 0.06804134 0.0118165 0.031925 0.06774801 0.01173416 0.031925 0.06724134 0.01175488 0.031925 0.06698468 0.01194852 0.031925 0.06644134 0.01205505 0.031925 0.06628016 0.01253416 0.031925 0.0658557 0.01264825 0.031925 0.06579582 0.01333416 0.031925 0.06564134 0.01339858 0.031925 0.06564264 0.01413416 0.031925 0.0658557 0.01468646 0.031925 0.0663862 0.0147198 0.031925 0.06644134 0.01492897 0.031925 0.06711259 0.01493416 0.031925 0.06724134 0.01251964 0.031625 0.06552479 0.01341067 0.031625 0.06534288 0.01181522 0.031625 0.06609993 0.01145876 0.031625 0.06693656 0.01153194 0.031625 0.06784301 0.01201798 0.031625 0.06861163 0.01238416 0.031625 0.06888679 0.01280555 0.031625 0.06906633 0.01371421 0.031625 0.06910294 0.01453581 0.031625 0.06871309 0.01508212 0.031625 0.06798608 0.015228 0.031625 0.06708845 0.01494002 0.031625 0.06622586 0.01428416 0.031625 0.0655959 0.008477998 0.035625 0.05539711 0.008190021 0.035625 0.05453451 0.0079698 0.035325 0.05475 0.008178972 0.035325 0.05542125 0.008184159 0.035325 0.05555 0.00833212 0.035625 0.05629474 0.008056127 0.035325 0.05617715 0.0079698 0.035325 0.05635 0.007785806 0.035625 0.05702175 0.007596072 0.035325 0.05678937 0.007384159 0.035325 0.05693564 0.006964209 0.035625 0.0574116 0.006904201 0.035325 0.05711766 0.00658416 0.035325 0.05715 0.006055546 0.035625 0.05737498 0.006139011 0.035325 0.05708683 0.005634159 0.035625 0.05719545 0.00578416 0.035325 0.05693564 0.005267983 0.035625 0.05692029 0.0054758 0.035325 0.05670393 0.00478194 0.035625 0.05615167 0.005198519 0.035325 0.05635 0.005066501 0.035325 0.05605667 0.004708764 0.035625 0.05524522 0.004984159 0.035325 0.05555 0.005004879 0.035325 0.05529334 0.005065218 0.035625 0.05440859 0.005198519 0.035325 0.05475 0.005305051 0.035325 0.05458881 0.005769644 0.035625 0.05383344 0.00578416 0.035325 0.05416436 0.005898252 0.035325 0.05410448 0.006660665 0.035625 0.05365154 0.00658416 0.035325 0.05395 0.006648585 0.035325 0.0539513 0.007534159 0.035625 0.05390455 0.00738416 0.035325 0.05416436 0.007936464 0.035325 0.05469485 0.008056127 0.031925 0.05617715 0.0079698 0.031925 0.05635 0.007596072 0.031925 0.05678937 0.007384159 0.031925 0.05693564 0.006904201 0.031925 0.05711766 0.00658416 0.031925 0.05715 0.006139011 0.031925 0.05708683 0.00578416 0.031925 0.05693564 0.0054758 0.031925 0.05670393 0.005198519 0.031925 0.05635 0.005066501 0.031925 0.05605667 0.004984159 0.031925 0.05555 0.005004879 0.031925 0.05529334 0.005198519 0.031925 0.05475 0.005305051 0.031925 0.05458881 0.00578416 0.031925 0.05416436 0.005898252 0.031925 0.05410448 0.00658416 0.031925 0.05395 0.006648585 0.031925 0.0539513 0.00738416 0.031925 0.05416436 0.007936464 0.031925 0.05469485 0.0079698 0.031925 0.05475 0.008178972 0.031925 0.05542125 0.008184159 0.031925 0.05555 0.005769644 0.031625 0.05383344 0.006660665 0.031625 0.05365154 0.005065218 0.031625 0.05440859 0.004708764 0.031625 0.05524522 0.00478194 0.031625 0.05615167 0.005267983 0.031625 0.05692029 0.005634159 0.031625 0.05719545 0.006055546 0.031625 0.05737498 0.006964209 0.031625 0.0574116 0.007785806 0.031625 0.05702175 0.00833212 0.031625 0.05629474 0.008477998 0.031625 0.05539711 0.008190021 0.031625 0.05453451 0.007534159 0.031625 0.05390455 0.015228 0.035625 0.04370577 0.01494002 0.035625 0.04284317 0.0147198 0.035325 0.04305866 0.01492897 0.035325 0.04372991 0.01493416 0.035325 0.04385866 0.01508212 0.035625 0.04460339 0.01480613 0.035325 0.0444858 0.0147198 0.035325 0.04465866 0.01453581 0.035625 0.04533041 0.01434607 0.035325 0.04509803 0.01413416 0.035325 0.0452443 0.01371421 0.035625 0.04572026 0.0136542 0.035325 0.04542632 0.01333416 0.035325 0.04545866 0.01280555 0.035625 0.04568364 0.01288901 0.035325 0.04539549 0.01238416 0.035625 0.0455041 0.01253416 0.035325 0.0452443 0.01201798 0.035625 0.04522894 0.0122258 0.035325 0.04501258 0.01153194 0.035625 0.04446033 0.01194852 0.035325 0.04465866 0.0118165 0.035325 0.04436532 0.01145876 0.035625 0.04355388 0.01173416 0.035325 0.04385866 0.01175488 0.035325 0.043602 0.01181522 0.035625 0.04271725 0.01194852 0.035325 0.04305866 0.01205505 0.035325 0.04289747 0.01251964 0.035625 0.0421421 0.01253416 0.035325 0.04247302 0.01264825 0.035325 0.04241314 0.01341067 0.035625 0.0419602 0.01333416 0.035325 0.04225866 0.01339858 0.035325 0.04225995 0.01428416 0.035625 0.04221321 0.01413416 0.035325 0.04247302 0.01468646 0.035325 0.04300351 0.01480613 0.031925 0.0444858 0.0147198 0.031925 0.04465866 0.01434607 0.031925 0.04509803 0.01413416 0.031925 0.0452443 0.0136542 0.031925 0.04542632 0.01333416 0.031925 0.04545866 0.01288901 0.031925 0.04539549 0.01253416 0.031925 0.0452443 0.0122258 0.031925 0.04501258 0.01194852 0.031925 0.04465866 0.0118165 0.031925 0.04436532 0.01173416 0.031925 0.04385866 0.01175488 0.031925 0.043602 0.01194852 0.031925 0.04305866 0.01205505 0.031925 0.04289747 0.01253416 0.031925 0.04247302 0.01264825 0.031925 0.04241314 0.01333416 0.031925 0.04225866 0.01339858 0.031925 0.04225995 0.01413416 0.031925 0.04247302 0.01468646 0.031925 0.04300351 0.0147198 0.031925 0.04305866 0.01492897 0.031925 0.04372991 0.01493416 0.031925 0.04385866 0.01251964 0.031625 0.0421421 0.01341067 0.031625 0.0419602 0.01181522 0.031625 0.04271725 0.01145876 0.031625 0.04355388 0.01153194 0.031625 0.04446033 0.01201798 0.031625 0.04522894 0.01238416 0.031625 0.0455041 0.01280555 0.031625 0.04568364 0.01371421 0.031625 0.04572026 0.01453581 0.031625 0.04533041 0.01508212 0.031625 0.04460339 0.015228 0.031625 0.04370577 0.01494002 0.031625 0.04284317 0.01428416 0.031625 0.04221321 0.028728 0.035625 0.04370577 0.02844002 0.035625 0.04284317 0.0282198 0.035325 0.04305866 0.02842897 0.035325 0.04372991 0.02843416 0.035325 0.04385866 0.02858212 0.035625 0.04460339 0.02830613 0.035325 0.0444858 0.0282198 0.035325 0.04465866 0.02803581 0.035625 0.04533041 0.02784607 0.035325 0.04509803 0.02763416 0.035325 0.0452443 0.02721421 0.035625 0.04572026 0.0271542 0.035325 0.04542632 0.02683416 0.035325 0.04545866 0.02630555 0.035625 0.04568364 0.02638901 0.035325 0.04539549 0.02588416 0.035625 0.0455041 0.02603416 0.035325 0.0452443 0.02551798 0.035625 0.04522894 0.0257258 0.035325 0.04501258 0.02503194 0.035625 0.04446033 0.02544852 0.035325 0.04465866 0.0253165 0.035325 0.04436532 0.02495876 0.035625 0.04355387 0.02523416 0.035325 0.04385866 0.02525488 0.035325 0.043602 0.02531522 0.035625 0.04271725 0.02544852 0.035325 0.04305866 0.02555505 0.035325 0.04289747 0.02601964 0.035625 0.0421421 0.02603416 0.035325 0.04247302 0.02614825 0.035325 0.04241314 0.02691066 0.035625 0.0419602 0.02683416 0.035325 0.04225866 0.02689859 0.035325 0.04225995 0.02778416 0.035625 0.04221321 0.02763416 0.035325 0.04247301 0.02818646 0.035325 0.04300351 0.02830613 0.031925 0.0444858 0.0282198 0.031925 0.04465866 0.02784607 0.031925 0.04509803 0.02763416 0.031925 0.0452443 0.0271542 0.031925 0.04542632 0.02683416 0.031925 0.04545866 0.02638901 0.031925 0.04539549 0.02603416 0.031925 0.0452443 0.0257258 0.031925 0.04501258 0.02544852 0.031925 0.04465866 0.0253165 0.031925 0.04436532 0.02523416 0.031925 0.04385866 0.02525488 0.031925 0.043602 0.02544852 0.031925 0.04305866 0.02555505 0.031925 0.04289747 0.02603416 0.031925 0.04247302 0.02614825 0.031925 0.04241314 0.02683416 0.031925 0.04225866 0.02689859 0.031925 0.04225995 0.02763416 0.031925 0.04247301 0.02818646 0.031925 0.04300351 0.0282198 0.031925 0.04305866 0.02842897 0.031925 0.04372991 0.02843416 0.031925 0.04385866 0.02601964 0.031625 0.0421421 0.02691066 0.031625 0.0419602 0.02531522 0.031625 0.04271725 0.02495876 0.031625 0.04355387 0.02503194 0.031625 0.04446033 0.02551798 0.031625 0.04522894 0.02588416 0.031625 0.0455041 0.02630555 0.031625 0.04568364 0.02721421 0.031625 0.04572026 0.02803581 0.031625 0.04533041 0.02858212 0.031625 0.04460339 0.028728 0.031625 0.04370577 0.02844002 0.031625 0.04284317 0.02778416 0.031625 0.04221321 0.02828416 0.035625 0.04134718 0.02878416 0.034625 0.04048116 0.02754341 0.034625 0.03982996 0.02589968 0.035625 0.04021573 0.02625429 0.034625 0.03928072 0.0257359 0.035625 0.04015462 0.02492514 0.034625 0.03883699 0.02336458 0.035625 0.03948143 0.02356461 0.034625 0.03850164 0.0221815 0.034625 0.03827687 0.02074452 0.035625 0.0391633 0.02078479 0.034625 0.03816411 0.01938353 0.034625 0.03816411 0.01810736 0.035625 0.03926957 0.01798682 0.034625 0.03827687 0.01660371 0.034625 0.03850164 0.01552139 0.035625 0.0397975 0.01524318 0.034625 0.03883699 0.01391403 0.034625 0.03928072 0.0130536 0.035625 0.04073341 0.01262491 0.034625 0.03982996 0.01138416 0.034625 0.04048116 0.0107679 0.035625 0.04205307 0.01019983 0.034625 0.04123008 0.009079609 0.034625 0.04207187 0.008723481 0.035625 0.04372228 0.008030755 0.034625 0.04300108 0.007060073 0.034625 0.04401167 0.006973298 0.035625 0.04569783 0.006173856 0.034625 0.04509709 0.005377852 0.034625 0.04625029 0.005562681 0.035625 0.04792854 0.004677224 0.034625 0.04746382 0.004076518 0.034625 0.04872978 0.004528162 0.035625 0.05035665 0.003579626 0.034625 0.05003998 0.003189771 0.034625 0.05138591 0.003896535 0.035625 0.05291925 0.002909484 0.034625 0.05275884 0.002740582 0.034625 0.05414988 0.00368416 0.035625 0.05555 0.002684159 0.034625 0.05555 0.002740582 0.034625 0.05695012 0.003896535 0.035625 0.05818075 0.002909485 0.034625 0.05834116 0.003189772 0.034625 0.05971409 0.004528161 0.035625 0.06074335 0.003579625 0.034625 0.06106002 0.004076518 0.034625 0.06237022 0.005562681 0.035625 0.06317146 0.004677224 0.034625 0.06363618 0.005377852 0.034625 0.0648497 0.006973298 0.035625 0.06540217 0.006173855 0.034625 0.06600291 0.007060073 0.034625 0.06708834 0.00872348 0.035625 0.06737772 0.008030755 0.034625 0.06809893 0.00907961 0.034625 0.06902812 0.0107679 0.035625 0.06904694 0.01019983 0.034625 0.06986992 0.01188416 0.035625 0.06975282 0.01138416 0.034625 0.07061885 0.0130536 0.035625 0.07036658 0.01262491 0.034625 0.07127004 0.01552139 0.035625 0.0713025 0.01391403 0.034625 0.07181928 0.01524318 0.034625 0.07226302 0.01660371 0.034625 0.07259836 0.01810736 0.035625 0.07183043 0.01798682 0.034625 0.07282314 0.02074452 0.035625 0.0719367 0.01938353 0.034625 0.07293589 0.02078479 0.034625 0.07293589 0.02336458 0.035625 0.07161856 0.0221815 0.034625 0.07282314 0.02356461 0.034625 0.07259836 0.02589968 0.035625 0.07088427 0.02492514 0.034625 0.07226302 0.02625429 0.034625 0.07181928 0.02828416 0.035625 0.06975282 0.02754341 0.034625 0.07127004 0.02878416 0.034625 0.07061885 0.03045626 0.035625 0.06825352 0.02996849 0.034625 0.06986992 0.03108871 0.034625 0.06902812 0.0321537 0.035625 0.06665343 0.03213757 0.034625 0.06809893 0.03310825 0.034625 0.06708834 0.03235973 0.035625 0.06642521 0.03394528 0.035625 0.06431524 0.03399446 0.034625 0.06600291 0.03479047 0.034625 0.0648497 0.03517182 0.035625 0.06197825 0.03549109 0.034625 0.06363618 0.0360918 0.034625 0.06237022 0.03600761 0.035625 0.05947478 0.03658869 0.034625 0.06106002 0.03697855 0.034625 0.05971409 0.03643098 0.035625 0.05686965 0.03725883 0.034625 0.05834116 0.03742774 0.034625 0.05695012 0.03643098 0.035625 0.05423035 0.03748416 0.034625 0.05555 0.03742774 0.034625 0.05414988 0.03600761 0.035625 0.05162522 0.03725883 0.034625 0.05275884 0.03697855 0.034625 0.05138591 0.03517182 0.035625 0.04912175 0.03658869 0.034625 0.05003998 0.0360918 0.034625 0.04872978 0.03394528 0.035625 0.04678476 0.03549109 0.034625 0.04746382 0.03479047 0.034625 0.04625029 0.03235973 0.035625 0.04467479 0.03399446 0.034625 0.04509708 0.03310825 0.034625 0.04401167 0.03045626 0.035625 0.04284648 0.03213756 0.034625 0.04300108 0.03108871 0.034625 0.04207188 0.02996849 0.034625 0.04123008 0.01019983 0.032625 0.06986992 0.01138416 0.032625 0.07061885 0.01262491 0.032625 0.07127004 0.01391403 0.032625 0.07181928 0.01524318 0.032625 0.07226302 0.01660371 0.032625 0.07259836 0.01798682 0.032625 0.07282314 0.01938353 0.032625 0.07293589 0.02078479 0.032625 0.07293589 0.0221815 0.032625 0.07282314 0.02356461 0.032625 0.07259836 0.02492514 0.032625 0.07226302 0.02625429 0.032625 0.07181928 0.02754341 0.032625 0.07127004 0.02878416 0.032625 0.07061885 0.02996849 0.032625 0.06986992 0.03108871 0.032625 0.06902812 0.03213757 0.032625 0.06809893 0.03310825 0.032625 0.06708834 0.03399446 0.032625 0.06600291 0.03479047 0.032625 0.0648497 0.03549109 0.032625 0.06363618 0.0360918 0.032625 0.06237022 0.03658869 0.032625 0.06106002 0.03697855 0.032625 0.05971409 0.03725883 0.032625 0.05834116 0.03742774 0.032625 0.05695012 0.03748416 0.032625 0.05555 0.03742774 0.032625 0.05414988 0.03725883 0.032625 0.05275884 0.03697855 0.032625 0.05138591 0.03658869 0.032625 0.05003998 0.0360918 0.032625 0.04872978 0.03549109 0.032625 0.04746382 0.03479047 0.032625 0.04625029 0.03399446 0.032625 0.04509708 0.03310825 0.032625 0.04401167 0.03213756 0.032625 0.04300108 0.03108871 0.032625 0.04207188 0.02996849 0.032625 0.04123008 0.02878416 0.032625 0.04048116 0.02754341 0.032625 0.03982996 0.02625429 0.032625 0.03928072 0.02492514 0.032625 0.03883699 0.02356461 0.032625 0.03850164 0.0221815 0.032625 0.03827687 0.02078479 0.032625 0.03816411 0.01938353 0.032625 0.03816411 0.01798682 0.032625 0.03827687 0.01660371 0.032625 0.03850164 0.01524318 0.032625 0.03883699 0.01391403 0.032625 0.03928072 0.01262491 0.032625 0.03982996 0.01138416 0.032625 0.04048116 0.01019983 0.032625 0.04123008 0.009079609 0.032625 0.04207187 0.008030755 0.032625 0.04300108 0.007060073 0.032625 0.04401167 0.006173856 0.032625 0.04509709 0.005377852 0.032625 0.04625029 0.004677224 0.032625 0.04746382 0.004076518 0.032625 0.04872978 0.003579626 0.032625 0.05003998 0.003189771 0.032625 0.05138591 0.002909484 0.032625 0.05275884 0.002740582 0.032625 0.05414988 0.002684159 0.032625 0.05555 0.002740582 0.032625 0.05695012 0.002909485 0.032625 0.05834116 0.003189772 0.032625 0.05971409 0.003579625 0.032625 0.06106002 0.004076518 0.032625 0.06237022 0.004677224 0.032625 0.06363618 0.005377852 0.032625 0.0648497 0.006173855 0.032625 0.06600291 0.007060073 0.032625 0.06708834 0.008030755 0.032625 0.06809893 0.00907961 0.032625 0.06902812 0.03045626 0.031625 0.04284648 0.03235973 0.031625 0.04467479 0.03394528 0.031625 0.04678476 0.03517182 0.031625 0.04912175 0.03600761 0.031625 0.05162522 0.03643098 0.031625 0.05423035 0.03643098 0.031625 0.05686965 0.03600761 0.031625 0.05947478 0.03517182 0.031625 0.06197825 0.03394528 0.031625 0.06431524 0.03235973 0.031625 0.06642521 0.0321537 0.031625 0.06665343 0.03045626 0.031625 0.06825352 0.02828416 0.031625 0.06975282 0.02589968 0.031625 0.07088427 0.02336458 0.031625 0.07161856 0.02074452 0.031625 0.0719367 0.01810736 0.031625 0.07183043 0.01552139 0.031625 0.0713025 0.0130536 0.031625 0.07036658 0.01188416 0.031625 0.06975282 0.0107679 0.031625 0.06904694 0.00872348 0.031625 0.06737772 0.006973298 0.031625 0.06540217 0.005562681 0.031625 0.06317146 0.004528161 0.031625 0.06074335 0.003896535 0.031625 0.05818075 0.00368416 0.031625 0.05555 0.003896535 0.031625 0.05291925 0.004528162 0.031625 0.05035665 0.005562681 0.031625 0.04792854 0.006973298 0.031625 0.04569783 0.008723481 0.031625 0.04372228 0.0107679 0.031625 0.04205307 0.0130536 0.031625 0.04073341 0.01552139 0.031625 0.0397975 0.01810736 0.031625 0.03926957 0.02074452 0.031625 0.0391633 0.02336458 0.031625 0.03948143 0.0257359 0.031625 0.04015462 0.02589968 0.031625 0.04021573 0.02828416 0.031625 0.04134718 0.02272179 0.031625 0.04538149 0.005310027 0.031625 0.05114821 0.0169149 0.031625 0.06993932 0.0202924 0.031625 0.07188933 0.02346166 0.031625 0.06919134 0.02673666 0.031625 0.06351887 0.03031166 0.031625 0.05732679 0.03358666 0.031625 0.05165433 0.02900047 0.031625 0.04900649 0.03237797 0.031625 0.05095649 0.01731288 0.031625 0.04225866 0.01602346 0.031625 0.044492 0.008885027 0.031625 0.04495612 0.01403788 0.031625 0.04793112 0.01046288 0.031625 0.0541232 0.008477302 0.031625 0.05756233 0.007187878 0.031625 0.05979567 0.01063621 0.031625 0.06631432 0.01402198 0.031625 0.05205 0.01363112 0.031625 0.05283739 0.01573613 0.031625 0.05006415 0.01450845 0.031625 0.05131781 0.02143236 0.031625 0.04761484 0.0206699 0.031625 0.04857455 0.01891678 0.031625 0.04864803 0.017237 0.031625 0.04915518 0.02628759 0.031625 0.05230693 0.02528617 0.031625 0.05086609 0.02771105 0.031625 0.05123984 0.0239579 0.031625 0.04971955 0.02238623 0.031625 0.04893937 0.02689921 0.031625 0.05395154 0.03108855 0.031625 0.05318984 0.02708262 0.031625 0.0556966 0.02210738 0.031625 0.06225124 0.02371035 0.031625 0.06153755 0.02552797 0.031625 0.06282104 0.02508547 0.031625 0.06044764 0.02910297 0.031625 0.05662896 0.02614634 0.031625 0.05905 0.0268263 0.031625 0.05743244 0.01862878 0.031625 0.06239703 0.0201649 0.031625 0.06431016 0.01697171 0.031625 0.06181998 0.01388621 0.031625 0.06068516 0.01551022 0.031625 0.06084897 0.01315925 0.031625 0.05452742 0.01312251 0.031625 0.0562817 0.01352319 0.031625 0.05799 0.01433611 0.031625 0.059545 0.01259679 0.031625 0.06291851 0.01887547 0.031625 0.0665435 0.03229723 0.031625 0.05388768 0.02475108 0.031625 0.066958 0.02354239 0.031625 0.06626016 0.02037729 0.031625 0.06254386 0.02225297 0.031625 0.06849351 0.02614634 0.035625 0.05905 0.02508547 0.035625 0.06044764 0.02371035 0.035625 0.06153755 0.02210738 0.035625 0.06225124 0.02037729 0.035625 0.06254386 0.01862878 0.035625 0.06239703 0.01697171 0.035625 0.06181998 0.01551022 0.035625 0.06084897 0.01433611 0.035625 0.059545 0.01352319 0.035625 0.05799 0.01312251 0.035625 0.0562817 0.01315925 0.035625 0.05452742 0.01363112 0.035625 0.05283739 0.01402198 0.035625 0.05205 0.01450845 0.035625 0.05131781 0.01573613 0.035625 0.05006415 0.017237 0.035625 0.04915518 0.01891678 0.035625 0.04864803 0.0206699 0.035625 0.04857455 0.02238623 0.035625 0.04893937 0.0239579 0.035625 0.04971955 0.02528617 0.035625 0.05086609 0.02628759 0.035625 0.05230693 0.02689921 0.035625 0.05395154 0.02708262 0.035625 0.0556966 0.0268263 0.035625 0.05743244 0.02552797 0.035625 0.06282104 0.005310027 0.035625 0.05114821 0.01063621 0.035625 0.06631432 0.007187878 0.035625 0.05979567 0.01259679 0.035625 0.06291851 0.01046288 0.035625 0.0541232 0.008477302 0.035625 0.05756233 0.008885027 0.035625 0.04495612 0.01602346 0.035625 0.044492 0.01403788 0.035625 0.04793112 0.01731288 0.035625 0.04225866 0.02272179 0.035625 0.04538149 0.02900047 0.035625 0.04900649 0.03358666 0.035625 0.05165433 0.03031166 0.035625 0.05732679 0.03229723 0.035625 0.05388768 0.02673666 0.035625 0.06351887 0.02475108 0.035625 0.066958 0.02346166 0.035625 0.06919134 0.0201649 0.035625 0.06431016 0.01388621 0.035625 0.06068516 0.02354239 0.035625 0.06626016 0.02910297 0.035625 0.05662896 0.03108855 0.035625 0.05318984 0.02771105 0.035625 0.05123984 0.02143236 0.035625 0.04761484 0.01887547 0.035625 0.0665435 0.0169149 0.035625 0.06993932 0.03237797 0.035625 0.05095649 0.0202924 0.035625 0.07188933 0.02225297 0.035625 0.06849351 0.0369088 -0.030565 0.05249363 0.0371824 -0.030565 0.05530456 0.03748237 -0.030865 0.05530025 0.03740232 -0.030865 0.05386437 0.03720398 -0.030865 0.05244001 0.03617628 -0.030565 0.04976607 0.03688868 -0.030865 0.05103689 0.03645859 -0.030865 0.04966459 0.03500479 -0.030565 0.04719628 0.03591665 -0.030865 0.0483325 0.03526656 -0.030865 0.04704972 0.03342631 -0.030565 0.04485435 0.03451276 -0.030865 0.045825 0.03366039 -0.030865 0.04466671 0.0314839 -0.030565 0.04280419 0.03271529 -0.030865 0.04358277 0.0316839 -0.030865 0.04258057 0.02923053 -0.030565 0.04110169 0.03057327 -0.030865 0.04166697 0.02939099 -0.030865 0.0408482 0.02814515 -0.030865 0.04012987 0.02672767 -0.030565 0.0397933 0.02684423 -0.030865 0.03951686 0.0240436 -0.030565 0.03891471 0.02549713 -0.030865 0.03901338 0.02411306 -0.030865 0.03862286 0.02125151 -0.030565 0.03848989 0.02270147 -0.030865 0.03834797 0.021272 -0.030865 0.03819059 0.01983441 -0.030865 0.03815179 0.01842759 -0.030565 0.03853043 0.01839853 -0.030865 0.03823184 0.01564886 -0.030565 0.03903522 0.01697416 -0.030865 0.03843019 0.01557105 -0.030865 0.03874548 0.0129911 -0.030565 0.03999048 0.01419875 -0.030865 0.03917557 0.01286667 -0.030865 0.03971751 0.01052683 -0.030565 0.04137018 0.01158388 -0.030865 0.0403676 0.01035916 -0.030865 0.0411214 0.009200869 -0.030865 0.04197377 0.008323259 -0.030565 0.04313665 0.008116927 -0.030865 0.04291888 0.006440492 -0.030565 0.04524173 0.007114735 -0.030865 0.04395026 0.00620113 -0.030865 0.04506089 0.004929889 -0.030565 0.047628 0.005382366 -0.030865 0.04624316 0.004664027 -0.030865 0.04748902 0.00405102 -0.030865 0.04878993 0.003832658 -0.030565 0.05023035 0.003547541 -0.030865 0.05013703 0.00317872 -0.030565 0.05297782 0.003157027 -0.030865 0.0515211 0.002882134 -0.030865 0.05293269 0.002985924 -0.030565 0.05579544 0.002724753 -0.030865 0.05436216 0.00268595 -0.030865 0.05579975 0.003259517 -0.030565 0.05860637 0.002766002 -0.030865 0.05723563 0.002964349 -0.030865 0.05865999 0.003279646 -0.030865 0.06006311 0.003992049 -0.030565 0.06133393 0.003709728 -0.030865 0.06143541 0.005163524 -0.030565 0.06390372 0.004251666 -0.030865 0.06276749 0.004901761 -0.030865 0.06405028 0.006742001 -0.030565 0.06624565 0.005655565 -0.030865 0.065275 0.006507928 -0.030865 0.06643329 0.007453036 -0.030865 0.06751723 0.008684415 -0.030565 0.06829581 0.008484419 -0.030865 0.06851943 0.009595043 -0.030865 0.06943303 0.01093778 -0.030565 0.06999832 0.01077732 -0.030865 0.07025179 0.01344064 -0.030565 0.07130671 0.01202318 -0.030865 0.07097013 0.01332409 -0.030865 0.07158314 0.01612472 -0.030565 0.07218529 0.01467119 -0.030865 0.07208662 0.01605526 -0.030865 0.07247714 0.0189168 -0.030565 0.07261011 0.01746685 -0.030865 0.07275203 0.01889632 -0.030865 0.07290941 0.02174072 -0.030565 0.07256957 0.02033391 -0.030865 0.07294821 0.02176979 -0.030865 0.07286816 0.02451946 -0.030565 0.07206479 0.02319415 -0.030865 0.07266981 0.02459728 -0.030865 0.07235452 0.02596956 -0.030865 0.07192443 0.02717721 -0.030565 0.07110952 0.02730166 -0.030865 0.07138249 0.02964148 -0.030565 0.06972983 0.02858444 -0.030865 0.0707324 0.02980916 -0.030865 0.06997859 0.03184506 -0.030565 0.06796335 0.03096745 -0.030865 0.06912623 0.03205139 -0.030865 0.06818113 0.03305359 -0.030865 0.06714974 0.03372782 -0.030565 0.06585827 0.03396719 -0.030865 0.06603912 0.03523843 -0.030565 0.063472 0.03478596 -0.030865 0.06485683 0.0355043 -0.030865 0.06361099 0.03633567 -0.030565 0.06086965 0.0361173 -0.030865 0.06231007 0.03662077 -0.030865 0.06096297 0.0370113 -0.030865 0.0595789 0.0369896 -0.030565 0.05812218 0.03728619 -0.030865 0.05816731 0.03744357 -0.030865 0.05673784 0.021272 -0.035265 0.03819059 0.01983441 -0.035265 0.03815179 0.01839853 -0.035265 0.03823184 0.01697416 -0.035265 0.03843019 0.01557105 -0.035265 0.03874548 0.01419875 -0.035265 0.03917557 0.01286667 -0.035265 0.03971751 0.01158388 -0.035265 0.0403676 0.01035916 -0.035265 0.0411214 0.009200869 -0.035265 0.04197377 0.008116927 -0.035265 0.04291888 0.007114735 -0.035265 0.04395026 0.00620113 -0.035265 0.04506089 0.005382366 -0.035265 0.04624316 0.004664027 -0.035265 0.04748902 0.00405102 -0.035265 0.04878993 0.003547541 -0.035265 0.05013703 0.003157027 -0.035265 0.0515211 0.002882134 -0.035265 0.05293269 0.002724753 -0.035265 0.05436216 0.00268595 -0.035265 0.05579975 0.002766002 -0.035265 0.05723563 0.002964349 -0.035265 0.05865999 0.003279646 -0.035265 0.06006311 0.003709728 -0.035265 0.06143541 0.004251666 -0.035265 0.06276749 0.004901761 -0.035265 0.06405028 0.005655565 -0.035265 0.065275 0.006507928 -0.035265 0.06643329 0.007453036 -0.035265 0.06751723 0.008484419 -0.035265 0.06851943 0.009595043 -0.035265 0.06943303 0.01077732 -0.035265 0.07025179 0.01202318 -0.035265 0.07097013 0.01332409 -0.035265 0.07158314 0.01467119 -0.035265 0.07208662 0.01605526 -0.035265 0.07247714 0.01746685 -0.035265 0.07275203 0.01889632 -0.035265 0.07290941 0.02033391 -0.035265 0.07294821 0.02176979 -0.035265 0.07286816 0.02319415 -0.035265 0.07266981 0.02459728 -0.035265 0.07235452 0.02596956 -0.035265 0.07192443 0.02730166 -0.035265 0.07138249 0.02858444 -0.035265 0.0707324 0.02980916 -0.035265 0.06997859 0.03096745 -0.035265 0.06912623 0.03205139 -0.035265 0.06818113 0.03305359 -0.035265 0.06714974 0.03396719 -0.035265 0.06603912 0.03478596 -0.035265 0.06485683 0.0355043 -0.035265 0.06361099 0.0361173 -0.035265 0.06231007 0.03662077 -0.035265 0.06096297 0.0370113 -0.035265 0.0595789 0.03728619 -0.035265 0.05816731 0.03744357 -0.035265 0.05673784 0.03748237 -0.035265 0.05530025 0.03740232 -0.035265 0.05386437 0.03720398 -0.035265 0.05244001 0.03688868 -0.035265 0.05103689 0.03645859 -0.035265 0.04966459 0.03591665 -0.035265 0.0483325 0.03526656 -0.035265 0.04704972 0.03451276 -0.035265 0.045825 0.03366039 -0.035265 0.04466671 0.03271529 -0.035265 0.04358277 0.0316839 -0.035265 0.04258057 0.03057327 -0.035265 0.04166697 0.02939099 -0.035265 0.0408482 0.02814515 -0.035265 0.04012987 0.02684423 -0.035265 0.03951686 0.02549713 -0.035265 0.03901338 0.02411306 -0.035265 0.03862286 0.02270147 -0.035265 0.03834797 0.03633567 -0.035565 0.06086965 0.0369896 -0.035565 0.05812218 0.03523843 -0.035565 0.063472 0.03372782 -0.035565 0.06585827 0.03184506 -0.035565 0.06796335 0.02964148 -0.035565 0.06972983 0.02717721 -0.035565 0.07110952 0.02451946 -0.035565 0.07206479 0.02174072 -0.035565 0.07256957 0.0189168 -0.035565 0.07261011 0.01612472 -0.035565 0.07218529 0.01344064 -0.035565 0.07130671 0.01093778 -0.035565 0.06999832 0.008684415 -0.035565 0.06829581 0.006742001 -0.035565 0.06624565 0.005163524 -0.035565 0.06390372 0.003992049 -0.035565 0.06133393 0.003259517 -0.035565 0.05860637 0.002985924 -0.035565 0.05579544 0.00317872 -0.035565 0.05297782 0.003832658 -0.035565 0.05023035 0.004929889 -0.035565 0.047628 0.006440492 -0.035565 0.04524173 0.008323259 -0.035565 0.04313665 0.01052683 -0.035565 0.04137018 0.0129911 -0.035565 0.03999048 0.01564886 -0.035565 0.03903522 0.01842759 -0.035565 0.03853043 0.02125151 -0.035565 0.03848989 0.0240436 -0.035565 0.03891471 0.02672767 -0.035565 0.0397933 0.02923053 -0.035565 0.04110169 0.0314839 -0.035565 0.04280419 0.03342631 -0.035565 0.04485435 0.03500479 -0.035565 0.04719628 0.03617628 -0.035565 0.04976607 0.0369088 -0.035565 0.05249363 0.0371824 -0.035565 0.05530456 0.009456463 -0.030865 0.04827679 0.009714092 -0.030565 0.04812308 0.008955284 -0.030865 0.0477898 0.009101542 -0.030565 0.04752787 0.008277757 -0.030865 0.04761864 0.008273451 -0.030565 0.04731867 0.007605422 -0.030865 0.04780918 0.007451714 -0.030565 0.04755155 0.007118436 -0.030865 0.04831035 0.0068565 -0.030565 0.0481641 0.006947272 -0.030865 0.04898788 0.006647306 -0.030565 0.04899219 0.007137813 -0.030865 0.04966022 0.006880183 -0.030565 0.04981393 0.007638984 -0.030865 0.05014721 0.007492734 -0.030565 0.05040914 0.008316511 -0.030865 0.05031837 0.008320817 -0.030565 0.05061834 0.008988846 -0.030865 0.05012783 0.009142562 -0.030565 0.05038546 0.00947584 -0.030865 0.04962666 0.009737776 -0.030565 0.04977291 0.009646996 -0.030865 0.04894913 0.009946962 -0.030565 0.04894482 0.008277757 -0.035265 0.04761864 0.008955284 -0.035265 0.0477898 0.009456463 -0.035265 0.04827679 0.009646996 -0.035265 0.04894913 0.00947584 -0.035265 0.04962666 0.008988846 -0.035265 0.05012783 0.008316511 -0.035265 0.05031837 0.007638984 -0.035265 0.05014721 0.007137813 -0.035265 0.04966022 0.006947272 -0.035265 0.04898788 0.007118436 -0.035265 0.04831035 0.007605422 -0.035265 0.04780918 0.009737776 -0.035565 0.04977291 0.009142562 -0.035565 0.05038546 0.008320817 -0.035565 0.05061834 0.007492734 -0.035565 0.05040914 0.006880183 -0.035565 0.04981393 0.006647306 -0.035565 0.04899219 0.0068565 -0.035565 0.0481641 0.007451714 -0.035565 0.04755155 0.008273451 -0.035565 0.04731867 0.009101542 -0.035565 0.04752787 0.009714092 -0.035565 0.04812308 0.009946962 -0.035565 0.04894482 0.02104971 -0.030865 0.04135968 0.02130734 -0.030565 0.04120596 0.02054854 -0.030865 0.04087269 0.02069479 -0.030565 0.04061076 0.01987102 -0.030865 0.04070153 0.01986671 -0.030565 0.04040156 0.01919868 -0.030865 0.04089206 0.01904496 -0.030565 0.04063444 0.01871169 -0.030865 0.04139324 0.01844975 -0.030565 0.04124698 0.01854053 -0.030865 0.04207077 0.01824056 -0.030565 0.04207507 0.01873106 -0.030865 0.0427431 0.01847343 -0.030565 0.04289681 0.01923224 -0.030865 0.04323009 0.01908598 -0.030565 0.04349203 0.01990977 -0.030865 0.04340125 0.01991407 -0.030565 0.04370122 0.0205821 -0.030865 0.04321072 0.02073581 -0.030565 0.04346834 0.02106909 -0.030865 0.04270954 0.02133103 -0.030565 0.0428558 0.02124025 -0.030865 0.04203201 0.02154022 -0.030565 0.04202771 0.01987102 -0.035265 0.04070153 0.02054854 -0.035265 0.04087269 0.02104971 -0.035265 0.04135968 0.02124025 -0.035265 0.04203201 0.02106909 -0.035265 0.04270954 0.0205821 -0.035265 0.04321072 0.01990977 -0.035265 0.04340125 0.01923224 -0.035265 0.04323009 0.01873106 -0.035265 0.0427431 0.01854053 -0.035265 0.04207077 0.01871169 -0.035265 0.04139324 0.01919868 -0.035265 0.04089206 0.02133103 -0.035565 0.0428558 0.02073581 -0.035565 0.04346834 0.01991407 -0.035565 0.04370122 0.01908598 -0.035565 0.04349203 0.01847343 -0.035565 0.04289681 0.01824056 -0.035565 0.04207507 0.01844975 -0.035565 0.04124698 0.01904496 -0.035565 0.04063444 0.01986671 -0.035565 0.04040156 0.02069479 -0.035565 0.04061076 0.02130734 -0.035565 0.04120596 0.02154022 -0.035565 0.04202771 0.02064705 -0.025815 0.06282827 0.02162383 -0.025815 0.06360415 0.0224394 -0.025815 0.06245962 0.02343975 -0.025815 0.06303198 0.02408376 -0.025815 0.06165681 0.02507477 -0.025815 0.06205645 0.02547681 -0.025815 0.0604703 0.02644073 -0.025815 0.06073016 0.02653102 -0.025815 0.05897462 0.02746402 -0.025815 0.0591246 0.02718014 -0.025815 0.05726376 0.02808945 -0.025815 0.05732633 0.02738341 -0.025815 0.05544522 0.02828331 -0.025815 0.0554323 0.02712803 -0.025815 0.05363327 0.02803517 -0.025815 0.05354462 0.02643006 -0.025815 0.05194174 0.02735837 -0.025815 0.05176505 0.02533335 -0.025815 0.05047694 0.02628942 -0.025815 0.05018952 0.02390682 -0.025815 0.0493309 0.02488595 -0.025815 0.04890298 0.0222401 -0.025815 0.04857562 0.02322361 -0.025815 0.04797479 0.02043791 -0.025815 0.04825858 0.02139202 -0.025815 0.04745497 0.01948992 -0.025815 0.04737156 0.01861349 -0.025815 0.04839968 0.01761986 -0.025815 0.04772905 0.01688149 -0.025815 0.04899006 0.01588265 -0.025815 0.04850817 0.01535071 -0.025815 0.04999262 0.01437195 -0.025815 0.04966692 0.01411735 -0.025815 0.05134438 0.01316919 -0.025815 0.05114283 0.01325892 -0.025815 0.05296039 0.01233922 -0.025815 0.05285632 0.01282933 -0.025815 0.05473911 0.01192678 -0.025815 0.05471504 0.01278491 -0.025815 0.05565478 0.011885 -0.025815 0.0556677 0.0128556 -0.025815 0.05656879 0.01195411 -0.025815 0.05661876 0.01333607 -0.025815 0.05833445 0.01241973 -0.025815 0.05846487 0.01424053 -0.025815 0.05992516 0.01329854 -0.025815 0.06015385 0.01551217 -0.025815 0.06124096 0.01454317 -0.025815 0.06159462 0.0170711 -0.025815 0.06219917 0.01608651 -0.025815 0.06270953 0.01881934 -0.025815 0.0627396 0.01784537 -0.025815 0.06343846 0.01972492 -0.025815 0.06374212 0.02708344 -0.026115 0.05544953 0.02697829 -0.026115 0.05676284 0.02688853 -0.026115 0.05719333 0.02646008 -0.026115 0.05843924 0.02626608 -0.026115 0.05883388 0.02554124 -0.026115 0.05993409 0.02525519 -0.026115 0.06026809 0.02427952 -0.026115 0.06115348 0.02391939 -0.026115 0.06140585 0.02275419 -0.026115 0.06202078 0.02234261 -0.026115 0.06217566 0.02106108 -0.026115 0.0624815 0.02062392 -0.026115 0.06252916 0.02018464 -0.026115 0.06254928 0.0193066 -0.026115 0.06250668 0.01887132 -0.026115 0.06244413 0.01760097 -0.026115 0.06209475 0.01719492 -0.026115 0.06192592 0.01605137 -0.026115 0.06127159 0.01570007 -0.026115 0.06100708 0.01475517 -0.026115 0.06008893 0.01448068 -0.026115 0.05974536 0.0137938 -0.026115 0.05862106 0.01361338 -0.026115 0.05822003 0.01322768 -0.026115 0.05696023 0.01315266 -0.026115 0.05652692 0.01308488 -0.026115 0.05565047 0.01309239 -0.026115 0.05521079 0.01312748 -0.026115 0.05477244 0.0133964 -0.026115 0.05348266 0.01353941 -0.026115 0.05306681 0.01412063 -0.026115 0.05188443 0.01436257 -0.026115 0.05151721 0.01521958 -0.026115 0.05051652 0.01554524 -0.026115 0.05022101 0.01662419 -0.026115 0.04946489 0.0170131 -0.026115 0.04925964 0.0182462 -0.026115 0.0487956 0.01867393 -0.026115 0.04869353 0.01998369 -0.026115 0.04855072 0.02042337 -0.026115 0.04855822 0.02172749 -0.026115 0.04874563 0.0221515 -0.026115 0.04886224 0.02336804 -0.026115 0.04936808 0.02374973 -0.026115 0.04958648 0.02480225 -0.026115 0.05037897 0.02511763 -0.026115 0.05068542 0.02594001 -0.026115 0.05171477 0.02616927 -0.026115 0.05209003 0.02670982 -0.026115 0.05329155 0.02683856 -0.026115 0.05371203 0.02706332 -0.026115 0.05501024 0.01867393 -0.035265 0.04869353 0.01998369 -0.035265 0.04855072 0.02042337 -0.035265 0.04855822 0.02172749 -0.035265 0.04874563 0.0221515 -0.035265 0.04886224 0.02336804 -0.035265 0.04936808 0.02374973 -0.035265 0.04958648 0.02480225 -0.035265 0.05037897 0.02511763 -0.035265 0.05068542 0.02594001 -0.035265 0.05171477 0.02616927 -0.035265 0.05209003 0.02670982 -0.035265 0.05329155 0.02683856 -0.035265 0.05371203 0.02706332 -0.035265 0.05501024 0.02708344 -0.035265 0.05544953 0.02697829 -0.035265 0.05676284 0.02688853 -0.035265 0.05719333 0.02646008 -0.035265 0.05843924 0.02626608 -0.035265 0.05883388 0.02554124 -0.035265 0.05993409 0.02525519 -0.035265 0.06026809 0.02427952 -0.035265 0.06115348 0.02391939 -0.035265 0.06140585 0.02275419 -0.035265 0.06202078 0.02234261 -0.035265 0.06217566 0.02106108 -0.035265 0.0624815 0.02062392 -0.035265 0.06252916 0.02018464 -0.035265 0.06254928 0.0193066 -0.035265 0.06250668 0.01887132 -0.035265 0.06244413 0.01760097 -0.035265 0.06209475 0.01719492 -0.035265 0.06192592 0.01605137 -0.035265 0.06127159 0.01570007 -0.035265 0.06100708 0.01475517 -0.035265 0.06008893 0.01448068 -0.035265 0.05974536 0.0137938 -0.035265 0.05862106 0.01361338 -0.035265 0.05822003 0.01322768 -0.035265 0.05696023 0.01315266 -0.035265 0.05652692 0.01308488 -0.035265 0.05565047 0.01309239 -0.035265 0.05521079 0.01312748 -0.035265 0.05477244 0.0133964 -0.035265 0.05348266 0.01353941 -0.035265 0.05306681 0.01412063 -0.035265 0.05188443 0.01436257 -0.035265 0.05151721 0.01521958 -0.035265 0.05051652 0.01554524 -0.035265 0.05022101 0.01662419 -0.035265 0.04946489 0.0170131 -0.035265 0.04925964 0.0182462 -0.035265 0.0487956 0.02712803 -0.035565 0.05363327 0.02738341 -0.035565 0.05544522 0.02643006 -0.035565 0.05194174 0.02533335 -0.035565 0.05047694 0.02390682 -0.035565 0.0493309 0.0222401 -0.035565 0.04857562 0.02043791 -0.035565 0.04825858 0.01861349 -0.035565 0.04839968 0.01688149 -0.035565 0.04899006 0.01535071 -0.035565 0.04999262 0.01411735 -0.035565 0.05134438 0.01325892 -0.035565 0.05296039 0.01282933 -0.035565 0.05473911 0.01278491 -0.035565 0.05565478 0.0128556 -0.035565 0.05656879 0.01333607 -0.035565 0.05833445 0.01424053 -0.035565 0.05992516 0.01551217 -0.035565 0.06124096 0.0170711 -0.035565 0.06219917 0.01881934 -0.035565 0.0627396 0.02064705 -0.035565 0.06282827 0.0224394 -0.035565 0.06245962 0.02408376 -0.035565 0.06165681 0.02547681 -0.035565 0.0604703 0.02653102 -0.035565 0.05897462 0.02718014 -0.035565 0.05726376 0.03303051 -0.030865 0.06143978 0.03328814 -0.030565 0.06128607 0.03252933 -0.030865 0.06095279 0.03267559 -0.030565 0.06069086 0.03185181 -0.030865 0.06078163 0.0318475 -0.030565 0.06048166 0.03117947 -0.030865 0.06097217 0.03102576 -0.030565 0.06071454 0.03069248 -0.030865 0.06147334 0.03043055 -0.030565 0.06132709 0.03052132 -0.030865 0.06215087 0.03022135 -0.030565 0.06215518 0.03071186 -0.030865 0.06282321 0.03045423 -0.030565 0.06297692 0.03121303 -0.030865 0.0633102 0.03106678 -0.030565 0.06357213 0.03189056 -0.030865 0.06348135 0.03189487 -0.030565 0.06378132 0.03256289 -0.030865 0.06329082 0.03271661 -0.030565 0.06354845 0.03304989 -0.030865 0.06278964 0.03331182 -0.030565 0.0629359 0.03322104 -0.030865 0.06211212 0.03352101 -0.030565 0.06210781 0.03185181 -0.035265 0.06078163 0.03252933 -0.035265 0.06095279 0.03303051 -0.035265 0.06143978 0.03322104 -0.035265 0.06211212 0.03304989 -0.035265 0.06278964 0.03256289 -0.035265 0.06329082 0.03189056 -0.035265 0.06348135 0.03121303 -0.035265 0.0633102 0.03071186 -0.035265 0.06282321 0.03052132 -0.035265 0.06215087 0.03069248 -0.035265 0.06147334 0.03117947 -0.035265 0.06097217 0.03331182 -0.035565 0.0629359 0.03271661 -0.035565 0.06354845 0.03189487 -0.035565 0.06378132 0.03106678 -0.035565 0.06357213 0.03045423 -0.035565 0.06297692 0.03022135 -0.035565 0.06215518 0.03043055 -0.035565 0.06132709 0.03102576 -0.035565 0.06071454 0.0318475 -0.035565 0.06048166 0.03267559 -0.035565 0.06069086 0.03328814 -0.035565 0.06128607 0.03352101 -0.035565 0.06210781 0.02143725 -0.030865 0.0683569 0.02169488 -0.030565 0.06820318 0.02093608 -0.030865 0.06786991 0.02108233 -0.030565 0.06760797 0.02025856 -0.030865 0.06769875 0.02025425 -0.030565 0.06739878 0.01958622 -0.030865 0.06788928 0.0194325 -0.030565 0.06763165 0.01909923 -0.030865 0.06839046 0.01883729 -0.030565 0.0682442 0.01892807 -0.030865 0.06906798 0.0186281 -0.030565 0.06907229 0.0191186 -0.030865 0.06974032 0.01886097 -0.030565 0.06989403 0.01961978 -0.030865 0.07022731 0.01947352 -0.030565 0.07048924 0.02029731 -0.030865 0.07039847 0.02030162 -0.030565 0.07069844 0.02096964 -0.030865 0.07020793 0.02112335 -0.030565 0.07046556 0.02145663 -0.030865 0.06970676 0.02171857 -0.030565 0.06985302 0.02162779 -0.030865 0.06902923 0.02192776 -0.030565 0.06902493 0.02025856 -0.035265 0.06769875 0.02093608 -0.035265 0.06786991 0.02143725 -0.035265 0.0683569 0.02162779 -0.035265 0.06902923 0.02145663 -0.035265 0.06970676 0.02096964 -0.035265 0.07020793 0.02029731 -0.035265 0.07039847 0.01961978 -0.035265 0.07022731 0.0191186 -0.035265 0.06974032 0.01892807 -0.035265 0.06906798 0.01909923 -0.035265 0.06839046 0.01958622 -0.035265 0.06788928 0.02171857 -0.035565 0.06985302 0.02112335 -0.035565 0.07046556 0.02030162 -0.035565 0.07069844 0.01947352 -0.035565 0.07048924 0.01886097 -0.035565 0.06989403 0.0186281 -0.035565 0.06907229 0.01883729 -0.035565 0.0682442 0.0194325 -0.035565 0.06763165 0.02025425 -0.035565 0.06739878 0.02108233 -0.035565 0.06760797 0.02169488 -0.035565 0.06820318 0.02192776 -0.035565 0.06902493 0.009650233 -0.030865 0.0617754 0.009907863 -0.030565 0.06162169 0.009149054 -0.030865 0.06128841 0.009295313 -0.030565 0.06102648 0.008471527 -0.030865 0.06111725 0.008467222 -0.030565 0.06081729 0.007799193 -0.030865 0.06130779 0.007645484 -0.030565 0.06105016 0.007312206 -0.030865 0.06180897 0.007050271 -0.030565 0.06166271 0.007141043 -0.030865 0.06248649 0.006841077 -0.030565 0.0624908 0.007331583 -0.030865 0.06315883 0.007073954 -0.030565 0.06331254 0.007832754 -0.030865 0.06364582 0.007686504 -0.030565 0.06390775 0.008510281 -0.030865 0.06381697 0.008514588 -0.030565 0.06411695 0.009182616 -0.030865 0.06362644 0.009336333 -0.030565 0.06388407 0.00966961 -0.030865 0.06312527 0.009931546 -0.030565 0.06327152 0.009840766 -0.030865 0.06244774 0.01014073 -0.030565 0.06244343 0.008471527 -0.035265 0.06111725 0.009149054 -0.035265 0.06128841 0.009650233 -0.035265 0.0617754 0.009840766 -0.035265 0.06244774 0.00966961 -0.035265 0.06312527 0.009182616 -0.035265 0.06362644 0.008510281 -0.035265 0.06381697 0.007832754 -0.035265 0.06364582 0.007331583 -0.035265 0.06315883 0.007141043 -0.035265 0.06248649 0.007312206 -0.035265 0.06180897 0.007799193 -0.035265 0.06130779 0.009931546 -0.035565 0.06327152 0.009336333 -0.035565 0.06388407 0.008514588 -0.035565 0.06411695 0.007686504 -0.035565 0.06390775 0.007073954 -0.035565 0.06331254 0.006841077 -0.035565 0.0624908 0.007050271 -0.035565 0.06166271 0.007645484 -0.035565 0.06105016 0.008467222 -0.035565 0.06081729 0.009295313 -0.035565 0.06102648 0.009907863 -0.035565 0.06162169 0.01014073 -0.035565 0.06244343 0.03530326 -0.035565 0.05533153 0.01141438 -0.035565 0.05567445 0.01152706 -0.035565 0.06352364 0.01155971 -0.035565 0.06579841 0.01575495 -0.035565 0.06573819 0.02470403 -0.035565 0.06560972 0.02889927 -0.035565 0.0655495 0.02875394 -0.035565 0.05542555 0.02886662 -0.035565 0.06327474 0.03311805 -0.035565 0.04943729 0.03026046 -0.035565 0.04947831 0.03002758 -0.035565 0.04865657 0.02864127 -0.035565 0.04757636 0.03023678 -0.035565 0.04782848 0.03083199 -0.035565 0.04721593 0.03087301 -0.035565 0.05007352 0.0317011 -0.035565 0.05028272 0.03252284 -0.035565 0.05004984 0.02860861 -0.035565 0.04530159 0.03165373 -0.035565 0.04698306 0.03332724 -0.035565 0.0486092 0.03309437 -0.035565 0.04778746 0.03248182 -0.035565 0.04719225 0.02441337 -0.035565 0.04536181 0.01546429 -0.035565 0.04549028 0.01126905 -0.035565 0.0455505 0.01130171 -0.035565 0.04782526 0.01549694 -0.035565 0.04776504 0.02444602 -0.035565 0.04763658 0.01572229 -0.035565 0.06346342 0.02467137 -0.035565 0.06333496 0.03285612 -0.035265 0.04929103 0.03236912 -0.035265 0.04979221 0.03169679 -0.035265 0.04998275 0.03101926 -0.035265 0.04981159 0.03051809 -0.035265 0.0493246 0.03032755 -0.035265 0.04865226 0.03049871 -0.035265 0.04797474 0.0309857 -0.035265 0.04747356 0.03165803 -0.035265 0.04728302 0.03233556 -0.035265 0.04745418 0.03283674 -0.035265 0.04794117 0.03302727 -0.035265 0.04861351 0.03165803 -0.030865 0.04728302 0.03233556 -0.030865 0.04745418 0.03283674 -0.030865 0.04794117 0.03302727 -0.030865 0.04861351 0.03285612 -0.030865 0.04929103 0.03236912 -0.030865 0.04979221 0.03169679 -0.030865 0.04998275 0.03101926 -0.030865 0.04981159 0.03051809 -0.030865 0.0493246 0.03032755 -0.030865 0.04865226 0.03049871 -0.030865 0.04797474 0.0309857 -0.030865 0.04747356 0.03309437 -0.030565 0.04778746 0.03248182 -0.030565 0.04719225 0.03165373 -0.030565 0.04698306 0.03083199 -0.030565 0.04721593 0.03023678 -0.030565 0.04782848 0.03002758 -0.030565 0.04865657 0.03026046 -0.030565 0.04947831 0.03087301 -0.030565 0.05007352 0.0317011 -0.030565 0.05028272 0.03252284 -0.030565 0.05004984 0.03311805 -0.030565 0.04943729 0.03332724 -0.030565 0.0486092 0.01466296 -0.030565 0.06630392 0.0146382 -0.030565 0.0645791 0.01044295 -0.030565 0.06463932 0.03000705 -0.030565 0.06608365 0.03530326 -0.030565 0.05533153 0.0297006 -0.030565 0.04473586 0.01016127 -0.030565 0.04501634 0.01031449 -0.030565 0.05569024 0.01018603 -0.030565 0.04674117 0.01435651 -0.030565 0.04495612 0.02550537 -0.030565 0.04479608 0.02972536 -0.030565 0.04646068 0.02985382 -0.030565 0.05540976 0.02998229 -0.030565 0.06435884 0.02581181 -0.030565 0.06614388 0.01046771 -0.030565 0.06636414 0.02124674 -0.030565 0.06497859 0.02022052 -0.030565 0.06504902 0.02948011 -0.030565 0.05695221 0.028959 -0.030565 0.05893928 0.02802292 -0.030565 0.06076787 0.02671563 -0.030565 0.06235247 0.02578705 -0.030565 0.06441906 0.02509825 -0.030565 0.063619 0.02324643 -0.030565 0.06450824 0.02572417 -0.030565 0.04790537 0.02723567 -0.030565 0.04929654 0.02841279 -0.030565 0.05098011 0.02920046 -0.030565 0.05287736 0.02956187 -0.030565 0.05489958 0.02394894 -0.030565 0.04687167 0.02553013 -0.030565 0.0465209 0.021993 -0.030565 0.04624375 0.0199478 -0.030565 0.04605098 0.01790898 -0.030565 0.04630237 0.01438127 -0.030565 0.04668094 0.01597187 -0.030565 0.04698618 0.01422704 -0.030565 0.04807042 0.01275609 -0.030565 0.04950439 0.01162779 -0.030565 0.05122105 0.0108949 -0.030565 0.05314013 0.01229845 -0.030565 0.06099359 0.01131026 -0.030565 0.05919262 0.01073233 -0.030565 0.05722133 0.01059168 -0.030565 0.05517189 0.0191927 -0.030565 0.06500808 0.01718032 -0.030565 0.06459532 0.01530374 -0.030565 0.0637596 0.01365068 -0.030565 0.06254002 0.02124674 -0.030315 0.06497859 0.02022052 -0.030315 0.06504902 0.0191927 -0.030315 0.06500808 0.01718032 -0.030315 0.06459532 0.01530374 -0.030315 0.0637596 0.01365068 -0.030315 0.06254002 0.01229845 -0.030315 0.06099359 0.01131026 -0.030315 0.05919262 0.01073233 -0.030315 0.05722133 0.01059168 -0.030315 0.05517189 0.0108949 -0.030315 0.05314013 0.01162779 -0.030315 0.05122105 0.01275609 -0.030315 0.04950439 0.01422704 -0.030315 0.04807042 0.01597187 -0.030315 0.04698618 0.01790898 -0.030315 0.04630237 0.0199478 -0.030315 0.04605098 0.021993 -0.030315 0.04624375 0.02394894 -0.030315 0.04687167 0.02572417 -0.030315 0.04790537 0.02723567 -0.030315 0.04929654 0.02841279 -0.030315 0.05098011 0.02920046 -0.030315 0.05287736 0.02956187 -0.030315 0.05489958 0.02948011 -0.030315 0.05695221 0.028959 -0.030315 0.05893928 0.02802292 -0.030315 0.06076787 0.02671563 -0.030315 0.06235247 0.02509825 -0.030315 0.063619 0.02324643 -0.030315 0.06450824 0.01160651 -0.030315 0.05616598 0.01197708 -0.030315 0.05810446 0.0127847 -0.030315 0.05990522 0.01398584 -0.030315 0.06147119 0.01551575 -0.030315 0.06271796 0.01729194 -0.030315 0.06357829 0.01921865 -0.030315 0.06400582 0.02020616 -0.030315 0.06404912 0.02119202 -0.030315 0.06397749 0.02310568 -0.030315 0.06349484 0.02485644 -0.030315 0.06258387 0.02634992 -0.030315 0.06129371 0.02750562 -0.030315 0.0596939 0.02826123 -0.030315 0.0578707 0.028576 -0.030315 0.05592238 0.02843297 -0.030315 0.05395399 0.02783987 -0.030315 0.05207164 0.02682865 -0.030315 0.05037681 0.02545383 -0.030315 0.04896087 0.02378954 -0.030315 0.04790015 0.02192548 -0.030315 0.04725184 0.01996216 -0.030315 0.04705087 0.01800541 -0.030315 0.04730811 0.01616073 -0.030315 0.04800966 0.01452757 -0.030315 0.04911771 0.01319396 -0.030315 0.05057254 0.0122318 -0.030315 0.05229569 0.01169297 -0.030315 0.05419429 0.01162834 -0.026115 0.05468449 0.02858328 -0.026115 0.055428 0.02843297 -0.026115 0.05395399 0.02832606 -0.026115 0.05347125 0.02783987 -0.026115 0.05207164 0.0276245 -0.026115 0.05162657 0.02682865 -0.026115 0.05037681 0.02651644 -0.026115 0.04999341 0.02545383 -0.026115 0.04896087 0.02506162 -0.026115 0.0486598 0.02378954 -0.026115 0.04790015 0.02333847 -0.026115 0.04769764 0.02192548 -0.026115 0.04725184 0.02143986 -0.026115 0.04715881 0.01996216 -0.026115 0.04705087 0.01946818 -0.026115 0.04707235 0.01800541 -0.026115 0.04730811 0.01752971 -0.026115 0.04744292 0.01616073 -0.026115 0.04800966 0.01572894 -0.026115 0.04825054 0.01452757 -0.026115 0.04911771 0.01416296 -0.026115 0.04945169 0.01319396 -0.026115 0.05057254 0.0129162 -0.026115 0.05098159 0.0122318 -0.026115 0.05229569 0.01205587 -0.026115 0.05275777 0.01169297 -0.026115 0.05419429 0.01158504 -0.026115 0.055672 0.01160651 -0.026115 0.05616598 0.01165667 -0.026115 0.05665787 0.01197708 -0.026115 0.05810446 0.01213933 -0.026115 0.05857152 0.0127847 -0.026115 0.05990522 0.01305029 -0.026115 0.06032228 0.01398584 -0.026115 0.06147119 0.01434045 -0.026115 0.06181576 0.01551575 -0.026115 0.06271796 0.01594025 -0.026115 0.06297146 0.01729194 -0.026115 0.06357829 0.01776346 -0.026115 0.06372707 0.01921865 -0.026115 0.06400582 0.01971178 -0.026115 0.06404184 0.02020616 -0.026115 0.06404912 0.02119202 -0.026115 0.06397749 0.02168017 -0.026115 0.06389882 0.02310568 -0.026115 0.06349484 0.02356252 -0.026115 0.06330571 0.02485644 -0.026115 0.06258387 0.02525734 -0.026115 0.06229449 0.02634992 -0.026115 0.06129371 0.02667329 -0.026115 0.06091967 0.02750562 -0.026115 0.0596939 0.02773401 -0.026115 0.05925537 0.02826123 -0.026115 0.0578707 0.02838233 -0.026115 0.05739132 0.028576 -0.026115 0.05592238</float_array>
          <technique_common>
            <accessor source="#link1-positions-array" count="3319" stride="3">
              <param name="X" type="float" />
              <param name="Y" type="float" />
              <param name="Z" type="float" />
            </accessor>
          </technique_common>
        </source>
        <source id="link1-normals">
          <float_array id="link1-normals-array" count="8637">0 0 1 -0.5000002 -0.8660253 3.944305e-31 1 0 0 -0.5000002 0.8660253 0 0.9659259 0.2588188 0 0.7071062 0.7071074 0 0.2588195 0.9659257 0 -0.2588195 0.9659257 0 -0.7071062 0.7071074 0 -0.9659261 0.2588183 0 -0.9659259 -0.2588185 0 -0.7071068 -0.7071068 3.944305e-31 -0.2588195 -0.9659257 0 0.2588195 -0.9659257 0 0.7071068 -0.7071068 3.944305e-31 0.9659258 -0.2588191 0 -0.5085894 -0.5085894 0.6947472 -0.1861569 -0.6947459 0.6947473 -0.1861565 -0.6947461 0.6947471 0.186157 -0.6947461 0.694747 0.1861564 -0.694746 0.6947473 0.5085893 -0.5085893 0.6947473 0.5085892 -0.5085894 0.6947473 0.6947459 -0.1861566 0.6947473 0.694746 -0.1861565 0.6947473 0.694746 0.1861564 0.6947473 0.694746 0.1861565 0.6947472 0.508589 0.5085899 0.6947471 0.5085892 0.5085894 0.6947473 0.1861569 0.6947458 0.6947473 0.1861568 0.6947459 0.6947473 -0.1861569 0.6947459 0.6947473 -0.1861569 0.6947459 0.6947473 -0.5085889 0.5085897 0.6947473 -0.5085895 0.5085895 0.694747 -0.6947464 0.1861561 0.6947469 -0.6947459 0.1861568 0.6947473 -0.694746 -0.1861562 0.6947473 -0.6947461 -0.1861569 0.6947471 0.9659261 0.2588183 0 -0.9659259 0.2588188 0 -0.9659258 -0.2588191 0 0.9659259 -0.2588185 0 -0.5085893 -0.5085893 0.6947474 -0.5085892 -0.5085894 0.6947473 -0.1861569 -0.6947458 0.6947473 -0.1861565 -0.6947462 0.6947471 0.1861565 -0.694746 0.6947472 0.5085894 -0.5085894 0.6947472 0.6947463 -0.1861563 0.694747 0.6947459 -0.1861568 0.6947473 0.694746 0.186156 0.6947474 0.6947461 0.1861569 0.694747 0.5085891 0.50859 0.6947469 0.5085894 0.5085894 0.6947472 0.1861569 0.6947459 0.6947473 0.1861569 0.6947459 0.6947473 -0.1861568 0.6947459 0.6947473 -0.5085889 0.5085897 0.6947473 -0.5085893 0.5085895 0.6947471 -0.6947461 0.1861565 0.6947472 -0.694746 0.1861565 0.6947473 -0.694746 -0.1861566 0.6947473 -0.694746 -0.1861565 0.6947473 0.9659257 0.2588195 0 0.7071068 0.7071068 0 0.2588191 0.9659258 0 -0.2588188 0.9659259 0 -0.7071068 0.7071068 0 -0.965926 0.2588184 0 -0.965926 -0.2588184 0 -0.7071068 -0.7071068 0 -0.2588188 -0.9659259 0 0.2588191 -0.9659258 0 0.7071068 -0.7071068 0 0.9659257 -0.2588195 0 -0.5085894 -0.5085895 0.6947471 -0.5085895 -0.5085894 0.6947471 -0.1861565 -0.6947461 0.6947471 -0.1861566 -0.694746 0.6947472 0.1861566 -0.694746 0.6947472 0.1861568 -0.694746 0.6947471 0.5085894 -0.5085894 0.6947471 0.5085892 -0.5085896 0.6947472 0.6947458 -0.1861569 0.6947473 0.6947461 -0.1861565 0.6947471 0.6947461 0.186157 0.694747 0.694746 0.1861565 0.6947472 0.5085893 0.5085894 0.6947473 0.5085893 0.5085896 0.6947471 0.1861567 0.6947461 0.6947471 0.1861568 0.694746 0.6947472 -0.1861564 0.694746 0.6947473 -0.1861567 0.6947461 0.6947471 -0.5085894 0.5085894 0.6947471 -0.5085895 0.5085894 0.6947471 -0.6947464 0.1861562 0.694747 -0.6947459 0.1861569 0.6947473 -0.694746 -0.1861561 0.6947474 -0.6947461 -0.1861569 0.694747 -0.9659259 -0.2588188 0 -0.7071062 -0.7071074 0 0.7071062 -0.7071074 0 0.9659261 -0.2588183 0 0.9659259 0.2588185 0 0.7071068 0.7071068 -3.944305e-31 -0.7071068 0.7071068 -3.944305e-31 -0.9659258 0.2588191 0 -0.508589 -0.5085899 0.6947471 -0.1861568 -0.6947459 0.6947473 0.1861569 -0.6947459 0.6947473 0.1861569 -0.6947459 0.6947473 0.5085889 -0.5085897 0.6947473 0.5085895 -0.5085895 0.694747 0.6947464 -0.1861561 0.6947469 0.694746 0.1861562 0.6947473 0.6947461 0.1861569 0.6947471 0.1861565 0.6947461 0.6947471 -0.186157 0.6947461 0.694747 -0.5085893 0.5085893 0.6947473 -0.5085892 0.5085894 0.6947473 -0.6947459 0.1861566 0.6947473 -0.694746 -0.1861564 0.6947473 -0.694746 -0.1861565 0.6947472 -0.9659261 -0.2588183 0 0.9659259 -0.2588188 0 0.9659258 0.2588191 0 -0.9659259 0.2588185 0 -0.5085891 -0.50859 0.6947469 -0.1861569 -0.6947459 0.6947473 0.1861568 -0.6947459 0.6947473 0.5085889 -0.5085897 0.6947473 0.5085893 -0.5085895 0.6947471 0.6947461 -0.1861565 0.6947472 0.694746 0.1861566 0.6947473 0.694746 0.1861565 0.6947473 0.5085893 0.5085893 0.6947474 0.1861565 0.6947462 0.6947471 -0.1861565 0.694746 0.6947472 -0.5085894 0.5085894 0.6947472 -0.6947463 0.1861563 0.694747 -0.694746 -0.186156 0.6947474 -0.6947461 -0.1861569 0.694747 0.965926 0.2588184 0 0.2588188 0.9659259 0 -0.2588191 0.9659258 0 -0.9659257 0.2588195 0 -0.9659257 -0.2588195 0 -0.2588191 -0.9659258 0 0.2588188 -0.9659259 0 0.965926 -0.2588184 0 -0.5085893 -0.5085894 0.6947473 -0.5085893 -0.5085896 0.6947471 -0.1861567 -0.6947461 0.6947471 -0.1861568 -0.694746 0.6947472 0.1861567 -0.6947461 0.6947471 0.5085895 -0.5085894 0.6947471 0.6947464 -0.1861562 0.694747 0.6947459 -0.1861569 0.6947473 0.694746 0.1861561 0.6947474 0.6947461 0.1861569 0.694747 0.5085894 0.5085895 0.6947471 0.5085895 0.5085894 0.6947471 0.1861565 0.6947461 0.6947471 0.1861566 0.694746 0.6947472 -0.1861566 0.694746 0.6947472 -0.1861568 0.694746 0.6947471 -0.5085892 0.5085896 0.6947472 -0.6947458 0.1861569 0.6947473 -0.6947461 0.1861565 0.6947471 -0.6947461 -0.186157 0.694747 -0.694746 -0.1861565 0.6947472 -0.5085896 0.6947469 -0.5085896 -0.508589 0.6947471 -0.5085899 -0.6947462 0.694747 -0.1861565 -0.6947461 0.6947471 -0.1861566 -0.6947463 0.6947472 0.1861557 -0.6947464 0.694747 0.1861562 -0.508588 0.6947469 0.5085912 -0.5085887 0.6947476 0.5085895 -0.1861575 0.6947477 0.6947453 -0.1861571 0.6947474 0.6947456 0.1861579 0.6947474 0.6947455 0.1861573 0.6947476 0.6947454 0.5085873 0.6947479 0.5085906 0.508589 0.6947471 0.5085899 0.6947466 0.6947469 0.1861557 0.6947462 0.6947471 0.1861561 0.6947462 0.6947471 -0.1861565 0.6947462 0.694747 -0.1861566 0.5085894 0.6947472 -0.5085894 0.5085891 0.6947469 -0.50859 0.1861552 0.6947464 -0.6947473 0.1861573 0.6947474 -0.6947456 -0.1861544 0.6947478 -0.694746 -0.1861573 0.6947467 -0.6947464 -0.9659262 0 0.2588177 -0.7071045 3.944305e-31 0.707109 -0.2588204 0 0.9659255 0.2588209 0 0.9659253 0.7071045 3.944305e-31 0.707109 0.9659262 0 0.2588177 0.9659259 0 -0.2588188 0.7071068 -3.944305e-31 -0.7071068 0.2588167 0 -0.9659265 -0.2588162 0 -0.9659266 -0.7071068 -3.944305e-31 -0.7071068 -0.9659259 0 -0.2588188 -0.9781476 0 0.2079119 -0.8090175 0 0.5877845 -0.4999998 0 0.8660255 -0.104529 0 0.9945219 0.3090181 0 0.9510562 0.6691302 -3.944305e-31 0.7431452 0.9135457 0 0.406736 0.9945219 0 0.1045286 0.9945219 0 -0.1045286 0.9135453 0 -0.4067369 0.6691302 3.944305e-31 -0.7431452 0.3090181 0 -0.9510562 -0.104529 0 -0.9945219 -0.4999998 0 -0.8660255 -0.8090166 0 -0.5877857 -0.9781476 0 -0.2079119 -0.5085926 0.694746 -0.5085878 -0.5085886 0.6947478 -0.5085894 -0.694746 0.6947473 -0.1861565 -0.6947457 0.6947475 -0.1861569 -0.6947457 0.6947476 0.1861564 -0.694746 0.694747 0.1861579 -0.5085891 0.6947463 0.5085908 -0.5085904 0.6947476 0.5085878 -0.1861573 0.6947485 0.6947445 -0.1861556 0.6947477 0.6947458 0.1861575 0.6947474 0.6947455 0.1861555 0.6947482 0.6947453 0.508588 0.694748 0.5085896 0.5085904 0.694747 0.5085887 0.6947454 0.6947474 0.1861579 0.6947461 0.694747 0.186157 0.694746 0.6947469 -0.1861581 0.6947457 0.6947477 -0.186156 0.5085908 0.6947487 -0.5085859 0.5085889 0.6947467 -0.5085906 0.1861577 0.6947466 -0.6947463 0.1861561 0.6947458 -0.6947476 -0.186158 0.6947455 -0.6947473 -0.186156 0.6947463 -0.6947471 -0.9659259 0 0.2588188 -0.7071056 0 0.7071079 0.2588204 0 0.9659255 0.7071056 0 0.7071079 0.9659253 0 0.2588209 0.9659253 0 -0.2588209 0.7071102 0 -0.7071034 0.2588204 0 -0.9659255 -0.2588204 0 -0.9659255 -0.7071102 0 -0.7071034 -0.5085925 0.6947462 -0.5085877 -0.5085884 0.694748 -0.5085893 -0.6947455 0.6947476 -0.1861571 -0.6947462 0.6947471 -0.1861561 -0.6947461 0.694747 0.1861573 -0.694746 0.6947471 0.186157 -0.508589 0.6947465 0.5085906 -0.5085903 0.6947478 0.5085877 -0.1861572 0.6947486 0.6947445 -0.1861555 0.6947477 0.6947458 0.1861577 0.6947474 0.6947455 0.1861554 0.6947483 0.6947452 0.5085873 0.6947485 0.5085897 0.5085909 0.6947469 0.5085883 0.694746 0.6947471 0.1861572 0.6947461 0.694747 -0.1861573 0.6947459 0.6947475 -0.1861561 0.5085906 0.6947485 -0.5085865 0.1861579 0.6947467 -0.6947461 0.186156 0.6947458 -0.6947476 -0.1861559 0.6947464 -0.694747 -0.9659256 0 0.2588199 0.2588207 0 0.9659254 0.7071051 0 0.7071085 0.9659256 0 0.2588199 0.9659256 0 -0.2588199 0.7071096 0 -0.707104 0.2588207 0 -0.9659254 -0.9659256 0 -0.2588199 -0.5085876 0.6947483 -0.5085896 -0.5085909 0.6947469 -0.5085883 -0.694746 0.6947471 -0.1861572 -0.6947461 0.694747 -0.186157 -0.6947459 0.6947475 0.1861561 -0.5085908 0.6947485 0.5085863 -0.5085892 0.6947469 0.50859 -0.1861578 0.6947467 0.6947462 -0.186156 0.6947458 0.6947476 0.1861581 0.6947455 0.6947473 0.1861558 0.6947464 0.694747 0.5085919 0.6947464 0.508588 0.5085884 0.6947479 0.5085894 0.6947457 0.6947475 0.1861568 0.6947461 0.6947473 0.1861562 0.694746 0.6947471 -0.1861569 0.694746 0.694747 -0.1861571 0.5085887 0.6947464 -0.5085912 0.5085902 0.6947479 -0.5085877 0.1861573 0.6947486 -0.6947444 0.1861555 0.6947477 -0.6947458 -0.1861576 0.6947474 -0.6947455 -0.1861554 0.6947483 -0.6947452 -0.7071099 0 0.7071037 -0.2588205 0 0.9659255 0.2588205 0 0.9659255 0.7071096 0 0.707104 0.9659258 0 0.2588193 0.9659258 0 -0.2588193 0.7071051 0 -0.7071085 0.2588205 0 -0.9659255 -0.2588205 0 -0.9659255 -0.7071054 -3.944305e-31 -0.7071082 -0.5085868 0.6947485 -0.5085901 -0.5085904 0.694747 -0.5085887 -0.6947454 0.6947474 -0.1861579 -0.6947467 0.6947467 -0.1861563 -0.6947464 0.6947464 0.1861582 -0.694746 0.6947476 0.1861552 -0.5085901 0.6947485 0.5085868 -0.5085887 0.694747 0.5085904 -0.1861581 0.6947468 0.6947461 -0.1861561 0.6947458 0.6947476 0.1861576 0.6947455 0.6947474 0.186156 0.6947462 0.6947472 0.5085937 0.6947455 0.5085873 0.5085879 0.6947481 0.5085896 0.6947449 0.694748 0.1861578 0.6947458 0.6947473 -0.186157 0.5085896 0.6947469 -0.5085896 0.5085901 0.6947474 -0.5085884 0.1861569 0.6947483 -0.6947448 0.1861556 0.6947477 -0.6947458 -0.1861579 0.6947474 -0.6947455 -0.1861555 0.6947484 -0.6947452 -0.9659253 0 0.2588209 -0.707109 3.944305e-31 0.7071045 -0.2588209 0 0.9659253 0.2588198 0 0.9659256 0.7071113 0 0.7071023 0.2588198 0 -0.9659256 -0.2588209 0 -0.9659253 -0.7071045 -3.944305e-31 -0.707109 -0.9659253 0 -0.2588209 0 -1 0 0 -0.9060832 0.4230996 0 -0.9847779 0.1738171 0.007446969 -0.9097488 0.4150924 0 -0.9659251 0.2588217 -0.0002698652 -0.9765078 0.2154819 0 -0.9847223 0.1741319 0.0007589249 -0.5472955 0.8369392 0.0002987612 -0.6730704 0.7395784 0 -0.8105722 0.5856387 -0.0004802652 -0.7927891 0.6094959 0 -0.6087586 0.7933555 0 -0.378462 0.9256168 0.0002748426 -0.2423275 0.9701945 0 -0.0784827 0.9969155 -0.001694424 -0.275813 0.9612098 -0.005598036 -0.4395882 0.898182 0 -0.2588217 0.9659251 0 -0.1174796 0.9930753 0.000432875 -0.1655176 0.9862068 0.5085896 -0.6947469 -0.5085896 0.508589 -0.6947471 -0.5085899 0.6947462 -0.694747 -0.1861565 0.6947461 -0.6947471 -0.1861566 0.6947463 -0.6947472 0.1861557 0.6947464 -0.694747 0.1861562 0.508588 -0.6947469 0.5085912 0.5085887 -0.6947476 0.5085895 0.1861579 -0.6947477 0.6947452 0.1861573 -0.6947474 0.6947456 -0.1861575 -0.6947474 0.6947455 -0.186157 -0.6947476 0.6947455 -0.5085873 -0.6947479 0.5085906 -0.508589 -0.6947471 0.5085899 -0.6947466 -0.6947469 0.1861557 -0.6947462 -0.6947471 0.1861561 -0.6947462 -0.6947471 -0.1861565 -0.6947462 -0.694747 -0.1861566 -0.5085894 -0.6947472 -0.5085894 -0.5085891 -0.6947469 -0.50859 -0.1861548 -0.6947463 -0.6947474 -0.1861571 -0.6947474 -0.6947456 0.1861548 -0.6947478 -0.694746 0.1861575 -0.6947467 -0.6947463 0.9781476 -9.860761e-32 0.2079116 0.8090174 0 0.5877847 0.4999998 0 0.8660255 0.1045291 0 0.9945219 -0.3090181 0 0.9510562 -0.66913 0 0.7431453 -0.9135457 0 0.406736 -0.9945218 0 0.1045292 -0.9945218 0 -0.1045292 -0.9135453 0 -0.4067369 -0.66913 0 -0.7431453 -0.3090181 0 -0.9510562 0.1045291 0 -0.9945219 0.4999998 0 -0.8660255 0.8090165 0 -0.587786 0.9781476 9.860761e-32 -0.2079116 0.5085919 -0.6947464 -0.5085879 0.5085884 -0.694748 -0.5085893 0.6947455 -0.6947476 -0.1861571 0.6947462 -0.6947471 -0.1861561 0.6947461 -0.694747 0.1861573 0.694746 -0.6947471 0.186157 0.5085887 -0.6947464 0.5085911 0.5085902 -0.694748 0.5085875 0.1861574 -0.6947486 0.6947443 0.1861555 -0.6947477 0.6947458 -0.1861554 -0.6947483 0.6947452 -0.5085879 -0.6947482 0.5085895 -0.5085909 -0.6947469 0.5085883 -0.694746 -0.6947471 0.1861572 -0.6947461 -0.694747 0.186157 -0.6947461 -0.694747 -0.1861573 -0.6947459 -0.6947475 -0.1861561 -0.5085909 -0.6947485 -0.508586 -0.5085893 -0.6947467 -0.5085901 -0.1861577 -0.6947467 -0.6947463 -0.186156 -0.6947458 -0.6947476 0.1861582 -0.6947455 -0.6947473 0.1861558 -0.6947464 -0.694747 0.5085926 -0.694746 -0.5085878 0.5085879 -0.6947481 -0.5085896 0.6947449 -0.694748 -0.1861578 0.694746 -0.6947469 0.1861581 0.6947458 -0.6947473 0.186157 0.5085889 -0.6947467 0.5085905 0.5085899 -0.6947477 0.5085881 0.1861573 -0.6947485 0.6947445 0.1861556 -0.6947477 0.6947458 -0.1861555 -0.6947482 0.6947453 -0.508588 -0.694748 0.5085896 -0.508591 -0.6947467 0.5085884 -0.6947464 -0.6947468 0.1861566 -0.6947455 -0.6947474 0.1861577 -0.6947457 -0.6947476 -0.1861564 -0.6947458 -0.6947474 -0.1861569 -0.5085911 -0.6947483 -0.5085862 -0.5085894 -0.6947466 -0.5085902 -0.1861577 -0.6947466 -0.6947463 -0.1861561 -0.6947458 -0.6947476 0.186158 -0.6947455 -0.6947473 0.186156 -0.6947463 -0.6947471 0.5085891 -0.6947476 -0.5085891 0.5085904 -0.694747 -0.5085887 0.6947454 -0.6947474 -0.1861579 0.6947461 -0.694747 -0.186157 0.6947457 -0.6947477 0.186156 0.5085915 -0.6947489 0.508585 0.5085891 -0.6947463 0.5085909 0.1861574 -0.6947464 0.6947466 0.1861561 -0.6947458 0.6947476 -0.1861584 -0.6947454 0.6947473 -0.1861559 -0.6947464 0.694747 -0.5085915 -0.6947466 0.5085882 -0.5085879 -0.6947481 0.5085896 -0.6947449 -0.694748 0.1861578 -0.6947468 -0.6947468 0.1861554 -0.6947464 -0.6947464 -0.1861582 -0.6947461 -0.6947472 -0.1861562 -0.5085882 -0.6947466 -0.5085915 -0.5085896 -0.6947481 -0.5085879 -0.1861576 -0.6947487 -0.6947443 -0.1861556 -0.6947477 -0.6947458 0.1861571 -0.6947474 -0.6947456 0.1861555 -0.6947481 -0.6947454 0.5085874 -0.6947484 -0.5085898 0.5085909 -0.6947469 -0.5085884 0.6947461 -0.694747 -0.1861569 0.694746 -0.6947471 -0.1861571 0.694746 -0.6947471 0.1861569 0.6947459 -0.6947474 0.1861562 0.5085906 -0.6947484 0.5085865 0.5085891 -0.6947469 0.5085901 0.1861578 -0.6947467 0.6947462 0.186156 -0.6947458 0.6947476 -0.1861581 -0.6947455 0.6947473 -0.1861558 -0.6947464 0.694747 -0.5085922 -0.6947463 0.5085878 -0.5085884 -0.694748 0.5085893 -0.6947455 -0.6947476 0.1861571 -0.694746 -0.6947471 -0.186157 -0.5085889 -0.6947465 -0.5085909 -0.5085902 -0.6947479 -0.5085876 -0.1861573 -0.6947486 -0.6947444 -0.1861555 -0.6947477 -0.6947458 0.1861576 -0.6947474 -0.6947455 0.1861554 -0.6947483 -0.6947452 0 1 0 0 0.9847187 0.1741526 0 0.9659251 0.2588217 0.001886985 0.9071359 0.4208336 0 0.9847779 0.1738171 0 0.5465754 0.8374099 -0.001677169 0.9047145 0.426015 0 0.7933587 0.6087545 -0.0004815758 0.6080146 0.7939258 0.0005850589 0.8109608 0.5851002 0.0001235995 0.6729234 0.7397122 0 0.1174796 0.9930753 0 0.0784827 0.9969155 -0.001694424 0.275813 0.9612098 0 0.2027884 0.9792226 -0.002087667 0.445708 0.8951759 0 0.2588217 0.9659251 0.002501152 0.3810904 0.9245344 0.001138957 0.2432774 0.9699561 -0.896919 -0.442195 0 -0.4569021 -0.8477758 0.2692895 -0.7840318 -0.5701076 0.2455025 -0.4463926 -0.6750439 0.5874091 -0.4563169 -0.673251 0.5818144 -0.7875082 -0.4357813 0.4358044 -0.4548793 -0.6142156 0.6448442 -0.7854331 -0.3090632 0.5362601 -0.4561554 -0.3052021 0.835927 -0.9634055 -0.2027772 0.1753033 -0.9621338 -0.2062037 0.1782655 -0.8901513 -0.2131416 0.4027422 -0.9600211 -0.1880284 0.2073758 -0.894706 -0.1531883 0.4195647 -0.9621983 -0.09340817 0.2558309 -0.8960922 0 0.443868 -0.9627108 -0.2052457 0.1762446 -0.8984668 -0.3802723 0.219432 -0.9630966 -0.2565185 0.08150545 -0.9630594 -0.2566454 0.08154573 -0.8985761 -0.4372317 0.0372744 -0.9635552 -0.2675097 0 -0.4505697 0 0.8927412 -0.7815206 -0.2139671 0.5860407 -0.7815184 -3.944305e-31 0.6238822 -0.8960933 -0.1522312 0.4169442 -0.894706 -0.153188 0.4195649 -0.7791367 -0.4324056 0.4538407 -0.8993981 -0.3015337 0.3164812 -0.787245 -0.4664895 0.4032776 -0.8948501 -0.3376773 0.2919202 -0.7793842 -0.5971296 0.1897275 -0.7829502 -0.5928771 0.1883764 -0.7865285 -0.609947 0.09663071 -0.4564945 -0.8897262 0 -0.9168004 0 0.3993458 -0.9168003 2.713789e-06 0.3993459 -0.9168001 2.522856e-05 0.3993464 -0.9168004 -1.200893e-06 0.3993458 -0.9168003 8.619662e-06 0.399346 -0.9168006 -3.169333e-05 0.3993453 -0.9168004 0 0.3993458 -0.9168006 5.439678e-05 0.3993453 -0.9168006 5.759606e-05 0.3993452 -0.9168004 3.508722e-06 0.3993458 -0.9168003 -1.474976e-05 0.3993461 -0.9168003 -8.538965e-06 0.399346 -0.8691955 0 0.4944686 -0.7451318 0 0.6669173 -0.5874407 0 0.8092672 -0.4032381 0 0.9150952 -0.2008364 0 0.9796248 0.01062733 0 0.9999436 0.2216136 0 0.9751346 0.4225964 0 0.906318 0.6045089 0 0.7965984 0.7591383 0 0.6509293 0.8795089 0 0.4758826 0.9601867 0 0.2793592 0.9975309 0 0.07022889 0.9898565 0 -0.142071 0.9691659 0 -0.2464094 0.9691658 -2.143339e-06 -0.2464095 0.9691658 3.678697e-06 -0.2464095 0.9691659 1.972152e-31 -0.2464094 0.9691658 0 -0.2464094 -0 -0.984778 -0.1738166 -0 -0.965926 -0.2588184 -0.0724109 -0.8779583 -0.4732293 -0.04865719 -0.9155844 -0.3991711 -0 -0.9847206 -0.1741413 0.001719829 -0.9720186 -0.2348977 0.0001008761 -0.9109569 -0.4125016 -0.0002747335 -0.7315834 -0.6817519 0.001395293 -0.7778872 -0.6284024 -0.000558891 -0.5302482 -0.8478423 0.0002241054 -0.598801 -0.8008978 -0 -0.5204979 -0.853863 -0 -0.3784722 -0.9256127 -0.002753475 -0.1811972 -0.983443 -0 -0.042224 -0.9991082 -0 -0.2588184 -0.965926 0.02752521 -0.3965986 -0.9175794 0.004487653 -0.1935792 -0.9810744 -0 -0.05538434 -0.9984651 -0.002290827 -0.2035614 -0.9790595 0.6616018 0.7260419 -0.1874733 0.9064465 1.972152e-31 -0.4223206 0.6461611 0.258297 -0.7181633 0.6598403 0.2572378 -0.7060025 0.6541053 0.2589487 -0.7106981 0.9059306 0.281749 -0.316081 0.9084996 0.2780062 -0.3119953 0.6589786 0.6064406 -0.444946 0.9058303 0.410187 -0.1059155 0.6490444 0.6123259 -0.4514403 0.66099 0.605016 -0.4439007 0.9871006 0.1601012 0 0.9619465 0.2715583 -0.03025028 0.9870668 0.1552184 -0.04007905 0.9868401 0.1565644 -0.0404266 0.9614838 0.2381795 -0.1371835 0.9870797 0.1292096 -0.09475553 0.9613008 0.2284006 -0.1540577 0.9869313 0.1079318 -0.1196554 0.9606613 0 -0.2777227 0.9865221 0.10862 -0.1223753 0.9616022 0.1290238 -0.2422272 0.9870704 0.05487295 -0.1506023 0.9679418 0.0859872 -0.2359974 0.9866278 0 -0.1629896 0.9080098 0.4189489 0 0.6574556 0.7295401 -0.1884764 0.9613763 0.2664968 -0.06881129 0.9058301 0.410188 -0.1059133 0.9603792 0.2247031 -0.1648646 0.9086117 0.3367297 -0.2470584 0.9616519 0.1838415 -0.2035384 0.9057262 0.28411 -0.3145497 0.9603314 0.09546531 -0.2620116 0.9064475 0.1445764 -0.3968005 0.9613762 -0.2752376 0 0.6616018 -0.7260419 -0.1874733 0.6571563 -0.729817 -0.1884481 0.9082125 -0.3621537 -0.2097489 0.66099 -0.605016 -0.4439007 0.9086117 -0.3367294 -0.2470587 0.6592414 -0.5040253 -0.5579958 0.658864 -0.5042495 -0.5582389 0.9086939 -0.2085923 -0.3616141 0.6598403 -0.2572378 -0.7060025 0.9866278 -0.05579795 -0.1531411 0.9870704 -0.05487295 -0.1506023 0.9616022 -0.1290238 -0.2422272 0.9865221 -0.10862 -0.1223753 0.957972 -0.1402553 -0.2502358 0.9864613 -0.1324523 -0.09669807 0.9870797 -0.1292096 -0.09475553 0.9614838 -0.2381795 -0.1371835 0.9868401 -0.1565644 -0.0404266 0.9870668 -0.1552184 -0.04007905 0.9619465 -0.2715583 -0.03025028 0.9871006 -0.1601012 0 0.6541052 3.944305e-31 -0.7564035 0.9064474 -0.1445774 -0.3968002 0.9606616 -0.09507503 -0.2609404 0.9603314 -0.09546531 -0.2620116 0.9057262 -0.28411 -0.3145497 0.9616519 -0.1838415 -0.2035384 0.9086117 -0.3367297 -0.2470584 0.9603792 -0.2247031 -0.1648646 0.9058301 -0.410188 -0.1059133 0.9080102 -0.4056439 -0.10474 0.9083293 -0.4066861 -0.09769474 0.6582769 -0.7527758 0 0.9691658 -3.678697e-06 -0.2464095 0.9691658 1.817339e-06 -0.2464095 -0.9168004 0 0.3993458 -0.9168003 -8.619662e-06 0.399346 -0.9168004 1.200893e-06 0.3993458 -0.9168003 8.538965e-06 0.399346 -0.9168003 1.474976e-05 0.3993461 -0.9168004 -3.508722e-06 0.3993458 -0.9168001 -2.522856e-05 0.3993464 -0.9168003 -2.713789e-06 0.3993459 -0.9168006 -5.759606e-05 0.3993452 -0.9168006 -5.439678e-05 0.3993453 -0.9168006 2.687281e-05 0.3993453 0.0001008761 0.9109569 -0.4125016 0 0.9847206 -0.1741413 0.001888766 0.9765054 -0.2154847 0 0.965926 -0.2588184 0 0.984778 -0.1738166 -0.01199169 0.9142109 -0.4050614 -0.01785872 0.8758906 -0.4821792 3.982323e-05 0.5204884 -0.8538687 -0.0002664584 0.7315825 -0.6817529 0.003913657 0.597976 -0.8015044 -0.0001936629 0.7781662 -0.6280584 0 0.5301716 -0.8478904 0 0.3784722 -0.9256127 -0.002753475 0.1811972 -0.983443 0 0.2588184 -0.965926 -0.002290827 0.2035614 -0.9790595 0 0.05538434 -0.9984651 0 0.042224 -0.9991082 0.02752521 0.3965986 -0.9175794 0.004487653 0.1935792 -0.9810744 -0.4561527 0.3052019 0.8359286 -0.4505724 0.3061754 0.8385947 -0.4394785 0.3036343 0.8453786 -0.7775909 0.4440166 0.4451984 -0.4525605 0.6149629 0.6457629 -0.7794652 0.5403665 0.3169197 -0.4463926 0.6750439 0.5874091 -0.7840318 0.5701076 0.2455025 -0.4569021 0.8477758 0.2692895 -0.9635552 0.2675097 0 -0.8985761 0.4372317 0.0372744 -0.9630594 0.2566454 0.08154573 -0.9630966 0.2565185 0.08150545 -0.8984668 0.3802723 0.219432 -0.9627108 0.2052457 0.1762446 -0.9634055 0.2027772 0.1753033 -0.8993977 0.3306889 0.2858822 -0.963022 0.18617 0.1947546 -0.898191 0.211224 0.3855352 -0.9633751 0.09197026 0.2518926 -0.9137533 0.1393375 0.3816282 -0.9621984 0 0.2723496 -0.7829483 0.6220868 0 -0.4478804 0.8514611 0.2727952 -0.8969203 0.421431 0.1339024 -0.7793842 0.5971296 0.1897275 -0.8948501 0.3376773 0.2919202 -0.787245 0.4664895 0.4032776 -0.8993981 0.3015337 0.3164812 -0.7791367 0.4324056 0.4538407 -0.894706 0.153188 0.4195649 -0.7815203 0.2139701 0.58604 -1 0 0 -0 0 -1 -4.304162e-06 -5.224353e-06 -1 -1.346063e-06 -2.266258e-06 -1 -1.346063e-06 -3.40022e-07 -1 2.11472e-06 1.585646e-06 -1 6.593887e-06 8.289171e-06 -1 -1.003407e-05 -1.197203e-05 -1 6.488991e-06 1.275653e-05 -1 -5.16219e-06 -9.041295e-06 -1 4.803337e-06 5.87317e-06 -1 9.808058e-07 5.357606e-07 -1 -8.578529e-06 5.645308e-06 -1 1.186691e-05 -8.015884e-06 -1 -1.593139e-05 1.479755e-05 -1 9.725263e-06 -1.085904e-05 -1 -2.161607e-06 -3.966911e-07 -1 1.161548e-05 -1.417379e-05 -1 -8.75671e-06 1.06498e-05 -1 3.973194e-07 1.495776e-06 -1 3.973194e-07 5.488779e-08 -1 9.201987e-07 0 -1 5.703713e-06 -4.783507e-06 -1 -8.483174e-06 6.859369e-06 -1 1.161548e-05 1.417379e-05 -1 -8.75671e-06 -1.06498e-05 -1 1.893097e-06 7.888609e-31 -1 -2.174878e-05 2.181338e-06 -1 3.806318e-05 -2.259379e-05 -1 -4.350667e-06 7.688701e-08 -1 4.324361e-06 -5.719602e-06 -1 1.16427e-05 1.941128e-05 -1 -1.572647e-05 -2.154979e-05 -1 -4.7687e-06 -8.197701e-06 -1 1.091856e-05 1.527993e-05 -1 2.666735e-06 5.225038e-06 -1 0.9951855 0.09800933 -1.212151e-06 0.9951845 0.09801916 1.547255e-06 0.9569402 0.290285 1.487795e-06 0.9569417 0.29028 2.481397e-08 0.8819212 0.4713968 2.286866e-08 0.881919 0.471401 1.371156e-06 0.7730088 0.6343954 1.201829e-06 0.7730137 0.6343894 -9.41542e-07 0.6343966 0.7730077 -7.727044e-07 0.6343896 0.7730135 1.775458e-06 0.4713961 0.8819216 1.319291e-06 0.471398 0.8819206 7.329022e-07 0.290282 0.9569411 4.513136e-07 0.2902848 0.9569403 -3.535711e-07 0.09801756 0.9951847 -1.193868e-07 0.09801659 0.9951848 1.523905e-07 1 6.403717e-32 -1.218015e-06 0.09801756 -0.9951847 1.52392e-07 0.09801659 -0.9951848 -1.193857e-07 0.290282 -0.9569411 -3.535678e-07 0.2902848 -0.9569403 4.513179e-07 0.4713961 -0.8819216 7.328993e-07 0.471398 -0.8819206 1.319296e-06 0.6343966 -0.7730077 1.775478e-06 0.6343896 -0.7730135 -7.726958e-07 0.7730088 -0.6343954 -9.415361e-07 0.7730137 -0.6343894 1.201837e-06 0.8819212 -0.4713968 1.37116e-06 0.881919 -0.471401 2.28686e-08 0.9569402 -0.290285 2.481394e-08 0.9569417 -0.29028 1.487797e-06 0.9951855 -0.09800933 1.547257e-06 0.9951845 -0.09801916 -1.212149e-06 -0.9951851 -0.09801374 -1.547256e-06 -0.9951845 -0.09801916 -2.580563e-08 -0.9569402 -0.290285 -2.481394e-08 -0.956939 -0.2902891 1.165566e-06 -0.881919 -0.471401 1.07419e-06 -0.8819231 -0.4713933 -1.371163e-06 -0.7730137 -0.6343894 -1.201837e-06 -0.7730088 -0.6343954 9.415361e-07 -0.6343896 -0.7730135 7.726958e-07 -0.6343945 -0.7730095 -9.863196e-07 -0.4713961 -0.8819216 -7.328993e-07 -0.290286 -0.9569399 -4.513198e-07 -0.09801713 -0.9951847 -1.523913e-07 -0.09801659 -0.9951848 -2.541619e-09 -1 4.302723e-32 -1.554742e-06 -0.09801713 0.9951847 -2.541633e-09 -0.09801659 0.9951848 -1.523905e-07 -0.290286 0.9569399 -4.513198e-07 -0.4713961 0.8819216 -7.328993e-07 -0.6343896 0.7730135 -9.863121e-07 -0.6343945 0.7730095 7.727018e-07 -0.7730137 0.6343894 9.41542e-07 -0.7730088 0.6343954 -1.201829e-06 -0.881919 0.471401 -1.371156e-06 -0.8819231 0.4713933 1.074195e-06 -0.9569402 0.290285 1.165567e-06 -0.956939 0.2902891 -2.48139e-08 -0.9951851 0.09801374 -2.580564e-08 -0.9951845 0.09801916 -1.547255e-06 8.256897e-07 0 1 -1.001978e-06 1.918547e-07 1 -1.001978e-06 1.827669e-06 1 4.03241e-06 -3.206722e-06 1 -2.542785e-05 2.303539e-05 1 3.485782e-05 -3.725033e-05 1 -3.9084e-06 3.310132e-06 1 6.20175e-06 -3.445254e-06 1 -9.813786e-06 5.115243e-06 1 2.366747e-05 -1.725624e-05 1 -7.720981e-07 -9.26226e-07 1 8.636968e-07 1.032133e-06 1 9.512091e-07 1.163104e-06 1 4.481667e-06 7.768126e-06 1 -3.686005e-06 -4.511697e-06 1 1.55545e-07 -6.70145e-07 1 1.55545e-07 -7.034671e-08 1 1.103323e-05 1.342375e-05 1 -6.605511e-06 -1.297452e-05 1 -3.686005e-06 4.511697e-06 1 4.221168e-06 -5.123225e-06 1 3.668375e-06 -4.570431e-06 1 -1.339593e-05 7.508756e-06 1 8.838147e-06 -4.37564e-06 1 4.994577e-07 -9.2164e-07 1 4.7687e-06 8.197701e-06 1 -1.323383e-05 -1.373846e-05 1 9.876969e-06 2.084926e-05 1 -4.729729e-06 -6.01769e-06 1 2.236636e-05 2.699896e-05 1 4.49592e-06 2.5388e-07 1 0.1564344 0.9876884 0 0.4539908 0.8910064 0 0.7071073 0.7071063 0 0.8910062 0.4539912 0 0.9876884 0.1564344 0 0.9876884 -0.1564344 0 0.8910062 -0.4539912 0 0.7071073 -0.7071063 0 0.4539908 -0.8910064 0 0.1564344 -0.9876884 0 -0.1564344 -0.9876884 0 -0.4539912 -0.8910062 0 -0.7071068 -0.7071068 0 -0.8910066 -0.4539904 0 -0.9876884 -0.1564344 0 -0.9876884 0.1564344 0 -0.8910066 0.4539904 0 -0.7071068 0.7071068 0 -0.4539912 0.8910062 0 -0.1564344 0.9876884 0 0.9709423 0 -0.2393138 0.7485092 0 -0.6631244 0.3546039 0 -0.9350166 -0.1205357 7.888609e-31 -0.992709 -0.5680655 0 -0.8229833 -0.885455 0 -0.4647252 -0.9927093 0 -0.1205331 -0.9927093 0 0.1205331 -0.8854562 0 0.4647228 -0.5680655 0 0.8229833 -0.1205357 -7.888609e-31 0.992709 0.3546039 0 0.9350166 0.7485117 0 0.6631215 0.9709423 0 0.2393138 -0 -0.09801909 -0.9951845 0.001814671 -0.1950903 -0.9807836 -0 -0.2902824 -0.956941 -0 -0.4713949 -0.8819222 0.001825987 -0.5555704 -0.8314675 -0 -0.6343971 -0.7730073 -0 -0.7730111 -0.6343924 0.001847031 -0.8314689 -0.5555682 -0 -0.8819222 -0.4713949 -0 -0.9569402 -0.2902851 0.001875302 -0.9807833 -0.1950912 -0 -0.9951845 -0.09801909 -0.9167985 -4.79955e-06 0.3993502 -0.9168002 0 0.3993462 -0.9167985 4.79955e-06 0.3993502 -0.9168013 1.522123e-06 0.3993438 -0.9168018 2.525165e-06 0.3993425 -0.9167975 -3.862382e-06 0.3993526 -0.9167975 3.862382e-06 0.3993526 -0.9168018 -2.525165e-06 0.3993425 -0.9168013 -1.522123e-06 0.3993438 -0.916808 8.086436e-06 0.3993283 -0.9167925 -4.802648e-06 0.399364 -0.9168178 8.987075e-06 0.3993057 -0.9168178 -8.987075e-06 0.3993057 -0.9167925 4.802648e-06 0.399364 -0.916808 -8.086436e-06 0.3993283 0 0.9951845 -0.09801909 0.001875302 0.9807833 -0.1950912 0 0.9569402 -0.2902851 0 0.8819222 -0.4713949 0.001847031 0.8314689 -0.5555682 0 0.7730111 -0.6343924 0 0.6343971 -0.7730073 0.001825987 0.5555704 -0.8314675 0 0.4713949 -0.8819222 0 0.2902824 -0.956941 0.001814671 0.1950903 -0.9807836 0 0.09801909 -0.9951845 -0.6665317 0.6980715 0.2615944 -0.7352169 0.571459 0.3645419 -0.6888041 0.7057853 0.1655778 -0.7140254 0.698072 -0.05350884 -0.7990049 0.601307 -0.004597696 -0.6892841 0.7062609 -0.1615019 -0.6200983 0.6980718 -0.3580139 -0.6926645 0.6287298 -0.3534327 -0.5429116 0.7066305 -0.4537844 -0.403353 0.6980718 -0.5916097 -0.4475259 0.6538882 -0.6100416 -0.2809868 0.7068943 -0.6491124 -0.1067183 0.6980719 -0.7080302 -0.1222458 0.6769474 -0.7258086 0.04067052 0.707053 -0.70599 0.2110526 0.6980727 -0.6842158 0.2110525 0.6980726 -0.684216 0.4870221 0.6980726 -0.5248849 0.487022 0.6980729 -0.5248846 0.5910686 0.7070533 -0.3882184 0.6824712 0.6800657 -0.2678503 0.669709 0.6994248 -0.2495892 0.7026412 0.7068943 -0.08121444 0.7456245 0.6640194 0.05587716 0.7092317 0.7006643 0.07784558 0.6644447 0.7066305 0.2432831 0.6577819 0.6504593 0.3797706 0.5976774 0.7017917 0.3876471 0.4845068 0.7062609 0.5161867 0.4329123 0.6398481 0.6349657 0.3592287 0.7028085 0.6140155 0.2010075 0.7057853 0.6793107 0.1154353 0.6325569 0.7658632 0.0449385 0.7037151 0.7090596 -0.125796 0.7052027 0.6977568 -0.2291812 0.6288448 0.7429874 -0.2781749 0.7045137 0.6529006 -0.4870221 0.6980726 0.5248849 -0.5059966 0.5390313 0.6733592 -0.5413771 0.7052025 0.4578212 0.05751242 0 -0.9983448 -0.1660877 0 -0.986111 -0.3972561 -7.888609e-31 -0.9177078 -0.591503 3.944305e-31 -0.8063028 -0.7672765 0 -0.6413164 -0.8907449 0 -0.4545035 -0.9736317 -1.972152e-31 -0.2281256 -0.9999834 1.602374e-31 -0.005754183 -0.9723024 0 0.2337264 -0.8959169 0 0.4442217 -0.763572 0 0.6457227 -0.6007423 -3.944305e-31 0.7994427 -0.3919666 0 0.9199795 -0.1774259 0 0.9841341 0.06325071 0 0.9979976 0.2837383 0 0.9589018 0.504975 -3.944305e-31 0.863134 0.6843784 3.944305e-31 0.729127 0.8389841 -3.944305e-31 0.544156 0.9390346 -1.972152e-31 0.3438228 0.9940302 2.46519e-31 0.1091052 0.9933863 -3.944305e-31 -0.1148201 0.937041 5.916457e-31 -0.3492193 0.8358341 3.944305e-31 -0.5489821 0.680173 7.888609e-31 -0.7330517 0.294755 0 -0.9555728 0.1067177 -0.6980764 0.7080259 0.05190527 -0.5714634 0.8189844 0.2010062 -0.7057897 0.6793065 0.4033503 -0.6980764 0.5916062 0.4034823 -0.6013117 0.6896566 0.4845038 -0.7062653 0.5161834 0.6200945 -0.6980762 0.3580117 0.6524108 -0.6287345 0.4231466 0.6644406 -0.7066349 0.2432816 0.7140213 -0.6980762 0.0535088 0.7520705 -0.6538929 0.08254758 0.7026369 -0.7068986 -0.08121393 0.6665273 -0.6980764 -0.2615927 0.6896877 -0.676952 -0.2570349 0.591065 -0.7070577 -0.388216 0.487019 -0.6980773 -0.5248815 0.4870193 -0.698077 -0.5248817 0.2110513 -0.698077 -0.6842119 0.2110512 -0.6980771 -0.6842117 0.04067026 -0.7070574 -0.7059857 -0.1092698 -0.6800703 -0.7249583 -0.1187032 -0.6994293 -0.7047753 -0.2809851 -0.7068986 -0.6491084 -0.421201 -0.664024 -0.6177878 -0.4220296 -0.7006687 -0.5752864 -0.5429083 -0.7066349 -0.4537816 -0.6577784 -0.6504639 -0.3797686 -0.634547 -0.7017961 -0.3237782 -0.6892799 -0.7062653 -0.1615009 -0.7663487 -0.6398528 -0.05742992 -0.711363 -0.7028129 -0.00409338 -0.6887998 -0.7057897 0.1655767 -0.720971 -0.6325616 0.2829603 -0.6365294 -0.7037192 0.3156098 -0.5413737 -0.7052069 0.4578184 -0.5288528 -0.6288495 0.5699676 -0.4263384 -0.7045181 0.5673533 -0.2110513 -0.698077 0.6842119 -0.3301466 -0.539036 0.7748828 -0.1257952 -0.7052071 0.6977525 -0.6665308 0.6980724 0.2615941 -0.735217 0.5714579 0.3645433 -0.7140255 0.6980719 -0.05350912 -0.7990054 0.6013062 -0.004597699 -0.689284 0.706261 -0.1615025 -0.6926646 0.6287297 -0.3534327 -0.542912 0.7066305 -0.453784 -0.4033528 0.6980718 -0.5916099 -0.4475255 0.6538883 -0.6100417 0.04066207 0.707052 -0.7059916 0.2110529 0.6980716 -0.6842169 0.2110532 0.6980726 -0.6842157 0.4870223 0.6980717 -0.524886 0.5910742 0.7070522 -0.3882118 0.7456245 0.6640195 0.05587686 0.7092318 0.7006642 0.07784523 0.6644445 0.7066305 0.2432836 0.5976773 0.7017917 0.3876471 0.4845073 0.706261 0.5161861 0.4329127 0.6398476 0.6349658 0.04493745 0.7037161 0.7090587 -0.1257943 0.7052038 0.697756 -0.5413772 0.7052036 0.4578194 0.0575004 7.888609e-31 -0.9983455 -0.5915025 0 -0.8063031 -0.767277 3.944305e-31 -0.6413158 -0.890745 0 -0.4545034 -0.9736315 3.944305e-31 -0.2281265 -0.8959163 0 0.444223 -0.7635733 3.944305e-31 0.6457211 -0.1774238 0 0.9841346 0.0632493 0 0.9979978 0.6843791 0 0.7291263 0.838984 0 0.5441561 0.9390343 -1.972152e-31 0.3438235 0.9940302 0 0.1091047 0.8358407 0 -0.5489721 0.6801722 3.944305e-31 -0.7330524 0.294756 7.888609e-31 -0.9555725 0.1067176 -0.6980773 0.7080251 0.05190417 -0.5714623 0.8189852 0.4033506 -0.6980764 0.5916061 0.4034826 -0.601311 0.6896571 0.4845043 -0.7062654 0.516183 0.6524108 -0.6287345 0.4231467 0.6644404 -0.7066348 0.2432821 0.7140213 -0.6980762 0.05350852 0.7520704 -0.653893 0.08254719 0.5910705 -0.7070566 -0.3882094 0.4870197 -0.6980761 -0.5248823 0.4870187 -0.6980771 -0.5248821 0.2110523 -0.698076 -0.6842126 0.04066182 -0.7070563 -0.7059872 -0.4212007 -0.6640241 -0.617788 -0.4220293 -0.7006686 -0.5752866 -0.5429087 -0.7066348 -0.4537812 -0.634547 -0.7017961 -0.3237782 -0.6892797 -0.7062654 -0.1615015 -0.766349 -0.6398523 -0.05743025 -0.6365281 -0.7037202 0.3156103 -0.5413738 -0.705208 0.4578166 -0.1257935 -0.7052082 0.6977516 -0.666531 0.6980723 0.2615942 -0.7352174 0.5714572 0.3645436 -0.6888039 0.7057859 0.1655763 -0.7140249 0.6980725 -0.05350885 -0.7990053 0.6013065 -0.004597139 -0.6892841 0.7062609 -0.161502 -0.6926645 0.6287298 -0.3534327 -0.5429118 0.7066305 -0.4537842 -0.4033529 0.6980718 -0.5916098 -0.4475252 0.6538888 -0.6100415 -0.280985 0.7068948 -0.6491126 -0.1067183 0.6980724 -0.7080298 -0.1222459 0.6769477 -0.7258084 0.04066629 0.7070526 -0.7059907 0.2110527 0.6980721 -0.6842164 0.2110527 0.698072 -0.6842165 0.4870225 0.698072 -0.5248853 0.4870225 0.6980721 -0.5248852 0.5910704 0.7070526 -0.3882169 0.6824716 0.6800652 -0.2678504 0.6697087 0.6994253 -0.2495884 0.70264 0.7068949 -0.08121993 0.7456253 0.6640186 0.05587697 0.7092317 0.7006643 0.07784586 0.6644446 0.7066305 0.2432833 0.5976773 0.7017917 0.3876471 0.4845068 0.7062609 0.5161866 0.4329124 0.639848 0.6349657 0.3592279 0.702809 0.6140152 0.2010086 0.7057859 0.6793098 0.1154353 0.6325565 0.7658635 0.04493773 0.7037155 0.7090593 -0.1257945 0.7052032 0.6977566 -0.2291813 0.6288441 0.7429879 -0.278175 0.7045132 0.6529011 -0.4870225 0.698072 0.5248853 -0.505997 0.5390311 0.6733592 -0.5413774 0.7052031 0.45782 0.05750641 0 -0.9983451 -0.1660879 0 -0.9861109 -0.3972538 0 -0.9177088 -0.5915024 0 -0.8063033 -0.7672768 3.944305e-31 -0.6413161 -0.890745 0 -0.4545035 -0.9736317 -1.972152e-31 -0.2281257 -0.9999834 2.187856e-31 -0.005753482 -0.9723029 1.972152e-31 0.2337245 -0.8959162 -3.944305e-31 0.444223 -0.763573 -7.888609e-31 0.6457215 -0.6007426 0 0.7994425 -0.3919665 0 0.9199795 -0.177424 -7.888609e-31 0.9841345 0.06324966 -7.888609e-31 0.9979978 0.2837401 0 0.9589012 0.5049744 -3.944305e-31 0.8631343 0.6843785 0 0.7291269 0.8389841 0 0.544156 0.9390344 -3.944305e-31 0.3438231 0.9940302 -9.860761e-32 0.1091056 0.9933854 1.972152e-31 -0.1148279 0.9370413 0 -0.3492185 0.8358357 0 -0.5489796 0.6801729 3.944305e-31 -0.7330517 0.1067176 -0.6980767 0.7080256 0.05190447 -0.571462 0.8189854 0.2010074 -0.7057903 0.6793056 0.40335 -0.698077 0.5916057 0.403482 -0.6013113 0.6896572 0.4845039 -0.7062653 0.5161834 0.6524108 -0.6287345 0.4231466 0.6644405 -0.7066348 0.2432818 0.7140213 -0.6980762 0.05350858 0.7520713 -0.6538919 0.08254799 0.7026356 -0.7068993 -0.08121943 0.6665269 -0.6980768 -0.2615926 0.6896885 -0.6769513 -0.2570345 0.5910667 -0.7070571 -0.3882145 0.4870194 -0.6980765 -0.524882 0.4870196 -0.6980764 -0.5248821 0.2110515 -0.6980764 -0.6842123 0.2110514 -0.6980765 -0.6842123 0.04066603 -0.707057 -0.7059863 -0.1092698 -0.6800705 -0.7249581 -0.1187033 -0.6994298 -0.7047749 -0.2809833 -0.7068992 -0.6491085 -0.4212006 -0.6640244 -0.6177877 -0.4220292 -0.7006686 -0.5752867 -0.5429085 -0.7066348 -0.4537814 -0.634547 -0.7017961 -0.3237782 -0.6892799 -0.7062653 -0.161501 -0.7663487 -0.6398527 -0.05742998 -0.7113624 -0.7028135 -0.004092879 -0.6887996 -0.7057903 0.1655753 -0.7209713 -0.6325612 0.2829604 -0.6365283 -0.7037199 0.3156105 -0.541374 -0.7052075 0.4578172 -0.5288529 -0.6288491 0.5699678 -0.4263389 -0.7045175 0.5673536 -0.2110515 -0.6980764 0.6842123 -0.3301467 -0.5390354 0.7748832 -0.1257938 -0.7052075 0.6977523 -0.6967559 0.6785449 0.2326113 -0.6833885 0.6983062 0.2129521 -0.7068207 0.7068189 0.02848571 -0.7391463 0.6627467 -0.1201227 -0.6998539 0.6998507 -0.1428757 -0.6331808 0.7064593 -0.3162234 -0.6076707 0.6497847 -0.4566356 -0.5430431 0.7012413 -0.4619142 -0.4023344 0.7059552 -0.5828844 -0.3293436 0.6401493 -0.6940761 -0.2523733 0.702482 -0.6654522 -0.07125948 0.7053075 -0.7053109 0.0311319 0.6342124 -0.7725318 0.0998443 0.7035721 -0.7035748 0.2781755 0.7045135 -0.6529006 0.2781752 0.7045132 -0.652901 0.4263409 0.7045132 -0.5673575 0.4263411 0.7045135 -0.5673571 0.6063861 0.6966046 -0.3834552 0.6493198 0.5653297 -0.5087102 0.6464473 0.7053075 -0.2909418 0.7151288 0.6966045 -0.0577314 0.7922454 0.5964647 -0.1287518 0.705959 0.7059562 0.05698952 0.660044 0.6966046 0.2812187 0.7353412 0.6249758 0.262066 0.5904479 0.7064593 0.3902389 0.4537512 0.6966044 0.5557446 0.5033342 0.6510475 0.5681477 0.3287453 0.7068179 0.6263664 0.1435096 0.6966043 0.7029562 0.1621379 0.6748619 0.7199116 -0.01424976 0.7070343 0.7070357 -0.1996086 0.6966051 0.6891282 -0.1996085 0.6966048 0.6891285 -0.4969984 0.6966049 0.5174304 -0.4969984 0.6966051 0.5174301 -0.6051885 0.7070342 0.3658543 -0.8946345 0 -0.4467987 -0.7617126 0 -0.6479151 -0.5680631 0 -0.822985 -0.3546055 0 -0.935016 -0.100521 0 -0.9949349 0.1405023 7.888609e-31 -0.9900804 0.3919667 7.888609e-31 -0.9199794 0.6007422 3.944305e-31 -0.7994428 0.7871831 0 -0.6167194 0.9119001 -1.972152e-31 -0.4104122 0.9870504 1.972152e-31 -0.1604106 0.9967574 -4.930381e-32 0.08046463 0.9419672 0 0.3357049 0.8342563 0 0.5513768 0.6631222 0 0.7485112 0.4647263 0 0.8854544 0.2197157 0 0.9755639 -0.02015014 0 0.999797 -0.2782174 0 0.9605181 -0.6927244 0 0.7212024 -0.8557781 0 0.517343 -0.954721 0 0.2975025 -0.9991889 2.46519e-31 0.0402685 -0.9797908 -9.860761e-32 -0.2000251 0.14693 -0.6785486 0.7197106 0.1572715 -0.6983099 0.6983044 0.3287433 -0.7068223 0.6263626 0.4735999 -0.6627514 0.5800549 0.4736581 -0.6998551 0.5346501 0.5904443 -0.7064638 0.3902365 0.6992891 -0.6497898 0.2979395 0.6715459 -0.7012469 0.2393302 0.7059546 -0.7059606 0.05698917 0.7657548 -0.6401547 -0.06181837 0.7024809 -0.7024865 -0.1141638 0.6464433 -0.705312 -0.29094 0.6534634 -0.6342165 -0.4132251 0.5593877 -0.7035765 -0.4382528 0.4263381 -0.7045179 -0.5673538 0.4263386 -0.7045176 -0.5673538 0.2781739 -0.7045176 -0.6528968 0.2781734 -0.7045179 -0.6528967 0.02888878 -0.6966091 -0.7168691 0.1158949 -0.5653358 -0.8166786 -0.07125904 -0.7053119 -0.7053065 -0.3075663 -0.6966089 -0.6481813 -0.2846194 -0.5964682 -0.7504781 -0.4023319 -0.7059596 -0.5828809 -0.5735615 -0.696608 -0.4310041 -0.5946236 -0.6249805 -0.5057887 -0.6331769 -0.7064638 -0.3162215 -0.7081603 -0.6966088 -0.115087 -0.7436935 -0.6510522 -0.1518256 -0.7068163 -0.7068233 0.02848554 -0.6805279 -0.6966096 0.2271935 -0.7045259 -0.6748673 0.2195388 -0.6051848 -0.7070386 0.365852 -0.4969953 -0.6966096 0.5174271 -0.4969956 -0.6966093 0.5174271 -0.1996074 -0.6966094 0.6891243 -0.1996072 -0.6966096 0.6891241 -0.01424967 -0.7070387 0.7070313 -0.6833888 0.6983058 0.2129525 -0.7068211 0.7068186 0.02848436 -0.6076707 0.6497847 -0.4566357 -0.5430432 0.7012413 -0.4619143 -0.4023345 0.705955 -0.5828847 -0.3293438 0.6401489 -0.6940764 -0.2523729 0.702482 -0.6654524 -0.0712603 0.7053075 -0.7053108 0.03113192 0.6342118 -0.7725323 0.09984437 0.7035716 -0.7035753 0.278175 0.704513 -0.6529013 0.2781758 0.7045138 -0.6529001 0.4263412 0.7045137 -0.5673567 0.4263407 0.7045129 -0.5673581 0.6063865 0.6966041 -0.3834555 0.6493202 0.565329 -0.5087106 0.6464476 0.7053076 -0.290941 0.792246 0.5964639 -0.1287524 0.7059592 0.7059559 0.05698954 0.6600441 0.6966045 0.2812187 0.3287467 0.7068176 0.6263661 0.1435097 0.6966039 0.7029566 0.1621376 0.674862 0.7199116 -0.0142453 0.7070338 0.7070363 -0.1996087 0.6966045 0.6891288 -0.1996086 0.6966043 0.6891291 -0.4969988 0.6966043 0.5174308 -0.4969988 0.6966046 0.5174305 -0.6051913 0.7070338 0.3658507 -0.354605 7.888609e-31 -0.9350162 -0.1005222 0 -0.9949348 0.3919678 0 -0.9199789 0.6007412 0 -0.7994435 0.9119006 0 -0.4104111 0.9870503 2.958228e-31 -0.1604112 0.464728 -3.944305e-31 0.8854535 0.2197153 0 0.9755641 -0.02014381 0 0.9997971 -0.8557814 0 0.5173376 -0.9547209 -1.972152e-31 0.297503 -0.999189 7.395571e-32 0.04026657 0.1572713 -0.6983094 0.6983048 0.3287446 -0.706822 0.6263622 0.6992892 -0.6497898 0.2979395 0.671546 -0.7012467 0.2393302 0.7059548 -0.7059603 0.05698919 0.7657551 -0.6401543 -0.06181839 0.7024808 -0.7024865 -0.1141642 0.6464436 -0.705312 -0.2909392 0.6534638 -0.6342158 -0.4132254 0.559388 -0.703576 -0.4382531 0.426339 -0.7045174 -0.5673538 0.4263376 -0.7045182 -0.5673538 0.278173 -0.7045181 -0.6528966 0.2781744 -0.7045173 -0.6528969 0.0288888 -0.6966086 -0.7168695 0.1158949 -0.565335 -0.8166791 -0.07125986 -0.705312 -0.7053064 -0.2846192 -0.5964674 -0.7504789 -0.4023321 -0.7059593 -0.582881 -0.5735615 -0.6966079 -0.4310042 -0.7068167 -0.706823 0.02848418 -0.6805283 -0.6966091 0.2271937 -0.7045258 -0.6748674 0.2195391 -0.6051876 -0.7070381 0.3658485 -0.4969956 -0.696609 0.5174275 -0.4969959 -0.6966088 0.5174276 -0.1996076 -0.6966088 0.6891248 -0.1996074 -0.696609 0.6891246 -0.01424521 -0.7070382 0.7070319 -0.6967561 0.6785446 0.2326113 -0.6833888 0.698306 0.2129522 -0.7068211 0.7068186 0.02848519 -0.7391466 0.6627463 -0.1201232 -0.6998541 0.6998504 -0.1428763 -0.6331809 0.7064592 -0.3162236 -0.607671 0.6497848 -0.4566352 -0.5430422 0.7012422 -0.4619139 -0.4023354 0.7059559 -0.5828829 -0.3293434 0.6401487 -0.6940768 -0.2523726 0.7024819 -0.6654527 -0.07126084 0.7053074 -0.7053108 0.03113179 0.6342115 -0.7725326 0.09984451 0.7035716 -0.7035753 0.2781751 0.704513 -0.6529013 0.2781747 0.7045126 -0.6529019 0.4263418 0.7045126 -0.5673576 0.426342 0.704513 -0.5673569 0.6063866 0.6966041 -0.3834554 0.6493202 0.5653296 -0.5087099 0.6464475 0.7053074 -0.2909417 0.7151291 0.6966043 -0.05773127 0.7922469 0.5964624 -0.128753 0.7059591 0.7059559 0.05699127 0.6600443 0.6966044 0.2812185 0.7353417 0.6249754 0.2620657 0.5904481 0.7064592 0.390239 0.4537517 0.6966041 0.5557446 0.5033349 0.651047 0.5681476 0.3287417 0.7068186 0.6263676 0.1435095 0.6966048 0.7029557 0.1621378 0.6748625 0.7199111 -0.01424545 0.7070342 0.7070359 -0.1996086 0.6966051 0.6891283 -0.1996085 0.6966049 0.6891285 -0.4969984 0.6966051 0.5174302 -0.6051883 0.7070342 0.3658549 -0.8946344 -3.944305e-31 -0.4467989 -0.7617122 3.944305e-31 -0.6479155 -0.5680652 0 -0.8229836 -0.3546045 7.888609e-31 -0.9350164 -0.1005229 0 -0.9949347 0.1405025 7.888609e-31 -0.9900803 0.3919657 7.888609e-31 -0.9199798 0.6007431 3.944305e-31 -0.7994422 0.7871835 3.944305e-31 -0.6167189 0.9119002 0 -0.410412 0.9870502 -1.972152e-31 -0.1604117 0.9967573 9.860761e-32 0.08046708 0.9419674 -1.972152e-31 0.3357044 0.8342564 3.944305e-31 0.5513767 0.6631227 -7.888609e-31 0.7485107 0.4647216 0 0.8854569 0.2197157 0 0.9755639 -0.02014404 0 0.9997971 -0.2782175 0 0.9605181 -0.6927243 -3.944305e-31 0.7212025 -0.8557777 -3.944305e-31 0.5173438 -0.954721 1.972152e-31 0.2975026 -0.9991889 4.930381e-32 0.04026773 -0.9797906 9.860761e-32 -0.2000258 0.1469299 -0.6785492 0.7197101 0.1572714 -0.6983104 0.6983039 0.3287396 -0.706823 0.6263638 0.4736005 -0.6627509 0.580055 0.4736586 -0.6998549 0.53465 0.5904444 -0.7064636 0.3902366 0.6992895 -0.6497895 0.2979394 0.6715462 -0.7012467 0.2393299 0.7059547 -0.7059603 0.05699092 0.7657559 -0.6401534 -0.06181829 0.7024809 -0.7024863 -0.1141646 0.6464435 -0.7053118 -0.2909399 0.6534637 -0.6342162 -0.4132251 0.5593883 -0.703576 -0.4382528 0.426339 -0.7045174 -0.5673538 0.4263396 -0.704517 -0.5673538 0.2781735 -0.704517 -0.6528976 0.2781728 -0.7045174 -0.6528975 0.02888866 -0.6966085 -0.7168696 0.1158952 -0.5653344 -0.8166795 -0.0712604 -0.7053118 -0.7053065 -0.307566 -0.6966087 -0.6481817 -0.2846189 -0.5964672 -0.7504792 -0.402333 -0.7059603 -0.5828793 -0.5735611 -0.6966088 -0.4310032 -0.5946236 -0.6249801 -0.5057892 -0.633177 -0.7064636 -0.3162216 -0.7081606 -0.6966085 -0.1150875 -0.7436938 -0.6510517 -0.1518262 -0.7068167 -0.706823 0.02848501 -0.6805282 -0.6966093 0.2271936 -0.7045262 -0.674867 0.2195389 -0.6051846 -0.7070385 0.3658526 -0.4969953 -0.6966096 0.5174271 -0.4969955 -0.6966093 0.5174272 -0.1996075 -0.6966094 0.6891243 -0.1996073 -0.6966096 0.6891241 -0.01424536 -0.7070385 0.7070315 -0.6967566 0.6785441 0.2326115 -0.6833895 0.698305 0.2129528 -0.7068223 0.7068176 0.02848008 -0.6076709 0.6497851 -0.4566348 -0.5430424 0.7012423 -0.4619136 -0.402334 0.7059559 -0.5828838 -0.329343 0.6401497 -0.6940761 -0.0712615 0.7053076 -0.7053106 0.03113195 0.6342111 -0.7725329 0.09984491 0.7035716 -0.7035751 0.6493199 0.5653301 -0.5087095 0.6464472 0.7053075 -0.2909421 0.715129 0.6966044 -0.0577308 0.7922469 0.5964626 -0.1287526 0.7059602 0.705955 0.05698962 0.6600453 0.6966035 0.2812184 0.3287424 0.7068186 0.6263672 0.1435095 0.6966047 0.7029558 0.1621374 0.6748629 0.7199109 -0.01424037 0.7070338 0.7070364 -0.6051887 0.7070338 0.3658549 -0.1005238 -7.888609e-31 -0.9949347 0.1405031 0 -0.9900802 0.7871836 3.944305e-31 -0.6167188 0.9118999 1.972152e-31 -0.4104127 0.4647226 0 0.8854563 -0.02013684 0 0.9997972 -0.8557778 -3.944305e-31 0.5173436 -0.9991892 1.479114e-31 0.04026046 0.1469299 -0.6785495 0.7197098 0.1572711 -0.6983102 0.6983041 0.3287403 -0.706823 0.6263633 0.6992898 -0.6497893 0.2979389 0.671547 -0.7012457 0.2393306 0.7059558 -0.7059593 0.05698926 0.7657558 -0.6401536 -0.0618178 0.6464432 -0.705312 -0.2909403 0.6534634 -0.6342165 -0.4132251 0.5593885 -0.703576 -0.4382527 0.1158957 -0.5653337 -0.8166798 -0.07126106 -0.705312 -0.7053062 -0.3075657 -0.696609 -0.6481816 -0.2846189 -0.5964686 -0.750478 -0.4023315 -0.7059603 -0.5828802 -0.5735611 -0.696609 -0.431003 -0.7068179 -0.706822 0.02847991 -0.680529 -0.6966084 0.2271939 -0.7045265 -0.6748666 0.2195393 -0.605185 -0.7070382 0.3658527 -0.01424028 -0.7070381 0.707032 -0.6833892 0.6983055 0.2129523 -0.7068219 0.7068179 0.02848144 -0.607671 0.6497851 -0.4566348 -0.5430423 0.7012424 -0.4619135 -0.4023339 0.7059562 -0.5828837 -0.3293428 0.64015 -0.6940758 -0.07126067 0.7053075 -0.7053107 0.03113193 0.6342118 -0.7725323 0.09984484 0.7035721 -0.7035747 0.6493195 0.565331 -0.5087092 0.6464469 0.7053075 -0.2909429 0.7922463 0.5964634 -0.128752 0.70596 0.7059552 0.0569896 0.6600452 0.6966035 0.2812184 0.328741 0.7068189 0.6263676 0.1435094 0.6966051 0.7029555 0.1621378 0.6748627 0.7199109 -0.01424483 0.7070342 0.7070358 -0.605186 0.7070343 0.3658585 -0.1005227 0 -0.9949348 0.9118994 -3.944305e-31 -0.4104137 0.4647209 -3.944305e-31 0.8854572 -0.02014317 0 0.9997971 -0.8557745 3.944305e-31 0.517349 -0.9991891 7.395571e-32 0.04026239 0.1572714 -0.6983107 0.6983036 0.328739 -0.7068233 0.6263637 0.6992897 -0.6497894 0.2979389 0.6715469 -0.7012458 0.2393306 0.7059556 -0.7059596 0.05698925 0.7657555 -0.6401539 -0.06181777 0.6464429 -0.7053119 -0.2909411 0.6534629 -0.6342171 -0.4132248 0.559388 -0.7035765 -0.4382524 0.1158956 -0.5653345 -0.8166793 -0.07126023 -0.705312 -0.7053064 -0.2846191 -0.5964695 -0.7504773 -0.4023314 -0.7059606 -0.58288 -0.5735611 -0.696609 -0.4310029 -0.7068175 -0.7068223 0.02848126 -0.6805286 -0.6966088 0.2271938 -0.7045267 -0.6748665 0.219539 -0.6051822 -0.7070387 0.3658562 -0.01424474 -0.7070386 0.7070314 -0.7391466 0.6627464 -0.1201229 -0.6998537 0.6998508 -0.1428762 -0.6331809 0.7064592 -0.3162234 -0.607671 0.6497849 -0.4566351 -0.5430424 0.7012422 -0.4619138 0.2781758 0.7045138 -0.6529001 0.4263411 0.7045137 -0.5673567 0.4263407 0.7045129 -0.5673581 0.6600443 0.6966044 0.2812186 0.7353415 0.6249755 0.2620659 0.590448 0.7064592 0.3902391 0.4537513 0.6966045 0.5557445 -0.1996081 0.6966037 0.6891298 -0.4969991 0.6966038 0.5174312 -0.4969989 0.6966052 0.5174295 -0.8946345 3.944305e-31 -0.4467986 -0.7617124 3.944305e-31 -0.6479153 0.3919679 0 -0.9199789 0.6007411 0 -0.7994436 0.9419673 0 0.3357046 0.8342562 0 0.5513769 -0.2782164 0 0.9605184 -0.6927252 -3.944305e-31 0.7212017 0.4736002 -0.662751 0.5800551 0.4736584 -0.6998553 0.5346497 0.5904443 -0.7064636 0.3902367 0.6992894 -0.6497895 0.2979394 0.6715462 -0.7012466 0.2393301 0.4263375 -0.7045182 -0.5673538 0.2781731 -0.7045181 -0.6528966 0.2781744 -0.7045173 -0.6528969 -0.5735611 -0.6966088 -0.4310032 -0.5946236 -0.6249802 -0.505789 -0.633177 -0.7064636 -0.3162214 -0.7081602 -0.696609 -0.1150872 -0.4969969 -0.6966081 0.5174274 -0.1996078 -0.6966082 0.6891253 -0.1996064 -0.6966097 0.6891243 0.3287423 0.7068192 -0.6263666 0.2951815 0.7251777 -0.6220813 0.277275 0.7068188 -0.6507886 0.2472154 0.7071006 -0.6624901 0.2246943 0.7046469 -0.6730417 0.1887052 0.7228646 -0.6647233 0.1692905 0.7068191 -0.6868388 0.1134747 0.7068191 -0.6982337 0.08299693 0.7251782 -0.6835408 0.05692102 0.7068191 -0.7051005 7.095204e-08 0.7068191 -0.7073944 -0.02772564 0.7251779 -0.6880031 -0.05692176 0.7068191 -0.7051005 -0.1134738 0.7068191 -0.6982338 -0.1377298 0.7251779 -0.6746463 -0.1692905 0.7068191 -0.6868388 -0.2240092 0.7068191 -0.6709893 -0.2441674 0.7251778 -0.6438163 -0.277275 0.7068191 -0.6507882 -0.3287424 0.7068191 -0.6263666 -0.3442808 0.725178 -0.5963117 -0.3780779 0.7068194 -0.5978825 -0.4249613 0.7068194 -0.5655212 -0.4354774 0.7251783 -0.5333627 -0.4690889 0.7068197 -0.5294918 -0.5101745 0.7068197 -0.4900286 -0.5153955 0.7251779 -0.456601 -0.5479515 0.7068188 -0.4473883 -0.5821741 0.7068188 -0.4018464 -0.5819654 0.7251781 -0.3680123 -0.6126211 0.7068195 -0.353697 -0.6390956 0.7068195 -0.303254 -0.6334625 0.7251778 -0.2698933 -0.6614251 0.7068191 -0.2508457 -0.679465 0.7068191 -0.1968099 -0.668553 0.7251781 -0.1647835 -0.6930979 0.7068195 -0.141497 -0.7022363 0.7068195 -0.08526666 -0.6863286 0.7251781 -0.05540618 -0.7068205 0.7068192 -0.02848383 -0.7068205 0.7068192 0.02848401 -0.6863288 0.7251779 0.05540619 -0.7022365 0.7068192 0.08526691 -0.6930982 0.7068192 0.1414969 -0.6685533 0.7251779 0.1647834 -0.6794652 0.7068189 0.1968096 -0.6614252 0.7068189 0.2508458 -0.6334625 0.7251778 0.2698934 -0.6390956 0.7068193 0.3032545 -0.6126212 0.7068193 0.3536972 -0.5819656 0.7251778 0.3680125 -0.5821742 0.7068194 0.4018452 -0.5479506 0.7068194 0.4473887 -0.5153959 0.7251776 0.456601 -0.5101747 0.7068189 0.4900294 -0.4690894 0.7068189 0.5294924 -0.4354776 0.7251778 0.5333633 -0.4249617 0.7068192 0.5655212 -0.3780782 0.7068192 0.5978826 -0.3780782 0.7068192 0.5978825 -0.3287424 0.7068192 0.6263666 -0.3287423 0.7068192 0.6263666 -0.2511507 0.7059568 0.6622298 -0.2629498 0.7415952 0.617166 -0.2240091 0.7068189 0.6709895 -0.1692906 0.7068189 0.6868389 -0.1377301 0.7251776 0.6746464 -0.1134747 0.7068194 0.6982334 -0.02851832 0.705957 0.7076803 -0.05398026 0.7415952 0.6686723 -7.095202e-08 0.7068193 0.7073942 0.08537039 0.705957 0.7030908 0.05398098 0.7415951 0.6686724 0.1134738 0.7068189 0.698234 0.1970491 0.7059566 0.6802918 0.1605442 0.7415956 0.6513536 0.2240092 0.7068192 0.6709892 0.3036236 0.7059569 0.6398731 0.2629498 0.7415954 0.6171658 0.3287424 0.7068192 0.6263665 0.4023346 0.7059569 0.5828823 0.3585448 0.7415956 0.5669934 0.4249612 0.7068195 0.5655211 0.485643 0.7062094 0.5151885 0.4524979 0.7310029 0.5107645 0.5126038 0.7034324 0.4923619 0.5248697 0.7070904 0.4738511 0.5662094 0.7059567 0.4254786 0.519642 0.7415953 0.4242743 0.5821735 0.7068195 0.401846 0.6271282 0.7059571 0.3291425 0.5809708 0.7415955 0.3354237 0.6390962 0.7068188 0.3032543 0.671806 0.7059565 0.2242815 0.6272528 0.7415957 0.2378858 0.6794644 0.7068197 0.1968098 0.6990827 0.7059573 0.1136121 0.6572896 0.7415958 0.1341867 0.7022364 0.7068194 0.08526667 0.7082547 0.705957 7.840642e-08 0.6703033 0.7415954 0.02701224 0.7068206 0.7068191 -0.02848402 0.6990832 0.7059568 -0.113612 0.6659563 0.7415954 -0.08086169 0.6930984 0.7068191 -0.141497 0.6718056 0.7059567 -0.2242819 0.644361 0.7415955 -0.1866415 0.6614251 0.7068191 -0.2508457 0.6271287 0.7059568 -0.3291424 0.6060773 0.7415955 -0.2875871 0.6126215 0.7068191 -0.3536972 0.5662093 0.7059567 -0.4254787 0.5520962 0.7415961 -0.3810839 0.5479507 0.7068191 -0.4473889 0.4906256 0.7059567 -0.5107951 0.483817 0.7415951 -0.4647125 0.4690895 0.7068188 -0.5294924 0.4023347 0.7059564 -0.5828828 0.4030065 0.7415954 -0.536304 0.3780782 0.7068192 -0.5978825 -0.5344661 0 0.8451899 -0.4647229 0 0.8854561 -0.3919665 -7.888609e-31 0.9199795 -0.3166679 0 0.9485365 -0.2393156 0 0.9709418 -0.1604123 0 0.9870501 -0.08046576 0 0.9967574 -1.003005e-07 0 1 0.0804668 -7.888609e-31 0.9967573 0.160411 0 0.9870503 0.2393155 0 0.9709418 0.3166681 0 0.9485364 0.3919667 0 0.9199794 0.464723 0 0.8854561 0.5344657 0 0.8451901 0.600742 0 0.799443 0.6631227 -3.944305e-31 0.7485107 0.7212029 -3.944305e-31 0.6927239 0.7746052 -3.944305e-31 0.6324451 0.8229834 -3.944305e-31 0.5680653 0.8660254 0 0.5 0.9034508 0 0.4286919 0.9350161 0 0.3546052 0.9605179 -1.972152e-31 0.2782181 0.9797906 -9.860761e-32 0.2000258 0.9927089 -2.958228e-31 0.1205363 0.999189 -7.395571e-32 0.04026585 0.999189 7.395571e-32 -0.04026611 0.9927089 -2.958228e-31 -0.1205366 0.9797907 -1.972152e-31 -0.2000256 0.9605181 1.972152e-31 -0.2782176 0.9350162 -3.944305e-31 -0.3546052 0.9034505 0 -0.4286923 0.8660253 -3.944305e-31 -0.5000001 0.8229843 0 -0.5680641 0.7746043 3.944305e-31 -0.6324462 0.7212025 7.888609e-31 -0.6927243 0.6631227 3.944305e-31 -0.7485107 0.6007424 0 -0.7994426 0.5344661 0 -0.8451899 0.4647229 0 -0.8854561 0.3919665 7.888609e-31 -0.9199795 0.3166679 0 -0.9485365 0.2393156 0 -0.9709418 0.1604123 0 -0.9870501 0.08046576 0 -0.9967574 1.003005e-07 0 -1 -0.0804668 7.888609e-31 -0.9967573 -0.160411 0 -0.9870503 -0.2393155 0 -0.9709418 -0.3166681 0 -0.9485364 -0.3919667 0 -0.9199794 -0.464723 0 -0.8854561 -0.5344657 0 -0.8451901 -0.600742 0 -0.799443 -0.6631227 3.944305e-31 -0.7485107 -0.7212029 3.944305e-31 -0.6927239 -0.7746052 3.944305e-31 -0.6324451 -0.8229834 3.944305e-31 -0.5680653 -0.8660254 0 -0.5 -0.9034508 0 -0.4286919 -0.9350161 0 -0.3546052 -0.9605179 1.972152e-31 -0.2782181 -0.9797906 9.860761e-32 -0.2000258 -0.9927089 2.958228e-31 -0.1205363 -0.999189 7.395571e-32 -0.04026585 -0.999189 -7.395571e-32 0.04026611 -0.9927089 2.958228e-31 0.1205366 -0.9797907 1.972152e-31 0.2000256 -0.9605181 -1.972152e-31 0.2782176 -0.9350162 3.944305e-31 0.3546052 -0.9034505 0 0.4286923 -0.8660253 3.944305e-31 0.5000001 -0.8229843 0 0.5680641 -0.7746043 -3.944305e-31 0.6324462 -0.7212025 -7.888609e-31 0.6927243 -0.6631227 -3.944305e-31 0.7485107 -0.6007424 0 0.7994426 0.490625 -0.7059578 -0.5107943 0.4448533 -0.7415966 -0.5021355 0.5101736 -0.7068204 -0.4900284 0.5479497 -0.7068204 -0.447388 0.5504642 -0.7251795 -0.4136471 0.5821734 -0.7068204 -0.4018446 0.6271275 -0.7059581 -0.3291418 0.5809696 -0.7415968 -0.335423 0.6390946 -0.7068204 -0.303254 0.6614239 -0.7068204 -0.2508453 0.6531244 -0.7251791 -0.2180452 0.6794638 -0.7068204 -0.1968092 0.6930971 -0.7068204 -0.1414967 0.6796436 -0.7251791 -0.1104527 0.7022353 -0.7068204 -0.08526676 0.7068193 -0.7068204 -0.02848397 0.6885601 -0.7251793 7.622616e-08 0.7068191 -0.7068207 0.02848377 0.7022351 -0.7068207 0.08526652 0.6796431 -0.7251796 0.1104529 0.6930965 -0.706821 0.1414967 0.6794631 -0.706821 0.1968094 0.6531245 -0.7251792 0.2180447 0.6614242 -0.7068201 0.2508453 0.639095 -0.7068201 0.3032538 0.6096895 -0.7251793 0.31999 0.61262 -0.7068208 0.3536963 0.5821725 -0.7068208 0.4018453 0.5504647 -0.725179 0.4136472 0.5479503 -0.7068204 0.4473873 0.5248687 -0.7070917 0.4738503 0.5126028 -0.7034338 0.492361 0.4752445 -0.7210881 0.5041574 0.4690881 -0.7068208 0.5294909 0.4249604 -0.7068208 0.5655201 0.3911467 -0.7251793 0.5666738 0.3780773 -0.7068206 0.5978815 0.3287418 -0.7068205 0.6263654 0.2951806 -0.7251792 0.62208 0.2772744 -0.7068205 0.6507869 0.2240088 -0.7068205 0.6709879 0.1915697 -0.7251792 0.6613745 0.1692902 -0.7068203 0.6868376 0.1134736 -0.7068203 0.6982327 0.08299651 -0.725179 0.68354 0.05692164 -0.7068206 0.705099 -7.095189e-08 -0.7068206 0.7073929 -0.02772531 -0.7251791 0.6880019 -0.0569209 -0.7068207 0.705099 -0.1134745 -0.7068207 0.6982321 -0.1377298 -0.7251789 0.6746451 -0.1692902 -0.7068202 0.6868377 -0.2240087 -0.7068202 0.6709883 -0.244167 -0.725179 0.6438151 -0.2772743 -0.7068205 0.6507871 -0.3287418 -0.7068205 0.6263654 -0.3287417 -0.7068205 0.6263654 -0.3780774 -0.7068205 0.5978814 -0.3780775 -0.7068205 0.5978814 -0.4249609 -0.7068205 0.5655201 -0.4354767 -0.725179 0.5333623 -0.4690885 -0.7068202 0.5294914 -0.5101737 -0.7068202 0.4900285 -0.5153949 -0.7251789 0.4566001 -0.5479496 -0.7068207 0.4473878 -0.5821732 -0.7068207 0.4018444 -0.5819644 -0.7251791 0.3680117 -0.6126201 -0.7068206 0.3536965 -0.6390944 -0.7068206 0.3032539 -0.6334613 -0.725179 0.2698929 -0.661424 -0.7068203 0.2508453 -0.6794639 -0.7068203 0.1968092 -0.668552 -0.7251792 0.1647831 -0.693097 -0.7068205 0.1414967 -0.7022352 -0.7068205 0.08526675 -0.6863274 -0.7251792 0.05540609 -0.7068192 -0.7068205 0.02848396 -0.7068192 -0.7068206 -0.02848378 -0.6863273 -0.7251793 -0.05540607 -0.702235 -0.7068208 -0.0852665 -0.6930967 -0.7068208 -0.1414968 -0.6685517 -0.7251794 -0.1647831 -0.6794637 -0.7068204 -0.1968095 -0.6614239 -0.7068204 -0.2508453 -0.6334613 -0.725179 -0.2698928 -0.6390944 -0.7068208 -0.3032535 -0.61262 -0.7068208 -0.3536963 -0.5819643 -0.7251793 -0.3680116 -0.582173 -0.7068201 -0.4018456 -0.5479505 -0.7068201 -0.4473874 -0.5153945 -0.7251792 -0.4566001 -0.5101735 -0.706821 -0.4900277 -0.4479315 -0.7059587 -0.5486162 -0.4448529 -0.7415971 -0.5021351 -0.4249605 -0.7068207 -0.5655202 -0.3541268 -0.7059583 -0.6133654 -0.3585442 -0.7415967 -0.5669924 -0.3287418 -0.7068204 -0.6263655 -0.2511503 -0.7059581 -0.6622286 -0.2629493 -0.7415966 -0.6171646 -0.2240088 -0.7068204 -0.6709881 -0.1416687 -0.7059581 -0.6939403 -0.1605439 -0.7415968 -0.6513524 -0.1134736 -0.7068204 -0.6982325 -0.02851856 -0.7059581 -0.7076792 -0.05398082 -0.7415968 -0.6686705 7.095191e-08 -0.7068204 -0.7073931 0.08537059 -0.7059581 -0.7030897 0.05398007 -0.7415974 -0.66867 0.1134745 -0.7068204 -0.6982324 0.1933798 -0.7061054 -0.6811898 0.1621625 -0.7354219 -0.6579194 0.2246938 -0.7046483 -0.6730404 0.247215 -0.707102 -0.6624889 0.3036233 -0.7059577 -0.6398723 0.2629491 -0.7415967 -0.6171646 0.3287417 -0.7068205 -0.6263654 0.4023337 -0.7059582 -0.5828813 0.3585446 -0.7415963 -0.5669926 0.4249612 -0.7068201 -0.5655204 -0.7965299 0 -0.6045991 -0.6211477 7.888609e-31 -0.7836935 -0.4067365 0 -0.9135455 -0.1667688 0 -0.985996 0.08367793 -7.888609e-31 -0.9964929 0.3288665 -7.888609e-31 -0.9443764 0.5533916 3.944305e-31 -0.8329212 0.7431449 -3.944305e-31 -0.6691305 0.8862036 0 -0.463296 0.9735789 1.972152e-31 -0.2283509 0.9997807 -2.46519e-32 0.02094233 0.9631625 0 0.2689198 0.8957118 -3.944305e-31 0.4446351 0.8957118 -2.69137e-17 0.4446351 0.8329212 2.69137e-17 0.5533916 0.8329212 0 0.5533916 0.7144727 3.944305e-31 0.6996633 0.5180269 -3.944305e-31 0.8553643 0.2890317 0 0.9573195 0.04187569 -7.888609e-31 0.9991229 -0.2079116 0 0.9781476 -0.4446352 0 0.8957118 -0.6534207 0 0.756995 -0.8211492 3.944305e-31 0.5707136 -0.937282 1.972152e-31 0.348572 -0.9945219 0 0.1045286 -0.9892724 3.944305e-31 -0.146083 -0.9218631 0 -0.3875156 0.704986 0.7058939 -0.06861933 0.5835856 0.8113998 -0.03253223 0.7006405 0.7068123 -0.09756657 0.6840677 0.7059036 -0.1837159 0.5702828 0.8113911 -0.1281489 0.6750367 0.7068002 -0.211563 0.644509 0.705892 -0.2938105 0.5414078 0.811395 -0.2202629 0.6310007 0.7068101 -0.3197775 0.587352 0.7059011 -0.3958804 0.4977678 0.8113962 -0.3063712 0.5697634 0.7068042 -0.4192823 0.5141855 0.7058954 -0.48716 0.4405521 0.8113968 -0.3841213 0.4929815 0.7068045 -0.5073428 0.4269887 0.7058958 -0.5651475 0.3713206 0.8113948 -0.4513974 0.4027521 0.7068065 -0.5815628 0.3533519 0.7068067 -0.612835 0.2973564 0.7668242 -0.5688232 0.3015359 0.7068083 -0.6399204 0.2203493 0.7058992 -0.673166 0.2046332 0.8113908 -0.5475128 0.1920979 0.7068087 -0.6808229 0.1065439 0.7058999 -0.7002527 0.1117242 0.8113947 -0.5737215 0.07741593 0.706808 -0.7031567 0.01908539 0.7068073 -0.7071486 -0.009212838 0.7668227 -0.6417929 -0.03937538 0.706807 -0.7063098 -0.1266001 0.7058984 -0.6969073 -0.08061514 0.8113953 -0.5789117 -0.1550934 0.7068067 -0.6901959 -0.2395814 0.7058976 -0.6665654 -0.1748043 0.8113917 -0.5577518 -0.2665812 0.7068047 -0.6552569 -0.3460277 0.7058958 -0.618042 -0.2642212 0.8113935 -0.5213711 -0.3707954 0.7068067 -0.602441 -0.4192792 0.7068065 -0.5697626 -0.4014681 0.766822 -0.5008067 -0.4648995 0.7068043 -0.5331942 -0.5279565 0.7058961 -0.4721998 -0.4191989 0.8113892 -0.4073326 -0.5463187 0.7068039 -0.4494041 -0.5984778 0.7058957 -0.3788609 -0.4805239 0.8113911 -0.3327782 -0.6128393 0.7068022 -0.3533534 -0.6399252 0.7068022 -0.30154 -0.5914366 0.7668238 -0.2493671 -0.6626354 0.7068086 -0.2476611 -0.6890621 0.7059002 -0.1640074 -0.5625447 0.8113883 -0.1587216 -0.6943662 0.7068034 -0.1352201 -0.706664 0.7058952 -0.04835334 -0.5809886 0.8113942 -0.06396542 -0.7071447 0.7068111 -0.01908712 -0.7049773 0.7059028 0.06861665 -0.583599 0.8113899 0.03253604 -0.7006488 0.7068039 0.09756762 -0.6901983 0.7068039 0.1550952 -0.6198961 0.7668195 0.1664833 -0.6750301 0.7068082 0.2115574 -0.6445026 0.7058997 0.2938059 -0.5414083 0.8113946 0.2202632 -0.6310059 0.7068027 0.3197834 -0.5873575 0.7058944 0.3958843 -0.4977727 0.811392 0.3063745 -0.5697643 0.7068053 0.4192789 -0.5331929 0.7068053 0.4648994 -0.4659459 0.766819 0.4414555 -0.4929829 0.7068052 0.5073404 -0.4494027 0.7068052 0.5463182 -0.3869277 0.7668222 0.5121238 -0.4027527 0.7068048 0.5815645 -0.3281446 0.7058963 0.6277193 -0.2919602 0.8113906 0.5063639 -0.3015382 0.7068034 0.6399247 -0.2203504 0.7058954 0.6731697 -0.2046331 0.8113946 0.5475072 -0.1920966 0.7068039 0.6808283 -0.1065447 0.705896 0.7002564 -0.1117252 0.8113945 0.5737216 -0.07741626 0.706805 0.7031596 0.0101667 0.7058966 0.7082419 -0.01576957 0.8113932 0.5842879 0.03937558 0.7068054 0.7063113 0.1266005 0.705898 0.6969077 0.08061629 0.8113933 0.5789145 0.1550932 0.7068061 0.6901966 0.2115601 0.7068064 0.6750312 0.2171039 0.7668217 0.6040285 0.26658 0.7068068 0.6552551 0.346026 0.7058991 0.6180393 0.264221 0.811394 0.5213704 0.3707978 0.7068048 0.6024417 0.4430346 0.7058963 0.552658 0.3464313 0.8113946 0.4707697 0.4648989 0.7068052 0.5331936 0.5073406 0.7068052 0.4929827 0.4784211 0.7668238 0.4278954 0.5463194 0.7068054 0.449401 0.5984767 0.7058969 0.3788604 0.4805139 0.8113987 0.3327741 0.6128322 0.7068103 0.3533495 0.6526674 0.7059023 0.2751857 0.5287471 0.8113887 0.2491483 0.6626434 0.7068 0.2476642 0.6808316 0.7067999 0.1920999 0.6244161 0.7668226 0.1486189 0.6943573 0.7068125 0.1352184 0.7066548 0.7059042 0.04835462 0.5809891 0.8113939 0.06396537 0.7071536 0.7068024 0.01908373 0.0269794 0 -0.999636 -0.05566161 0 -0.9984497 -0.1379221 0 -0.9904431 -0.2192422 0 -0.9756705 -0.2990649 0 -0.9542328 -0.3768418 0 -0.9262776 -0.4520462 0 -0.8919945 -0.5241615 0 -0.8516189 -0.5926988 0 -0.8054242 -0.6571862 3.944305e-31 -0.7537283 -0.7171846 0 -0.6968833 -0.7722807 3.944305e-31 -0.6352814 -0.8221058 0 -0.5693347 -0.8663127 3.944305e-31 -0.499502 -0.9046015 1.972152e-31 -0.4262584 -0.936713 -1.972152e-31 -0.350098 -0.962425 0 -0.2715476 -0.9815612 0 -0.1911482 -0.9939938 4.930381e-32 -0.1094363 -0.9996359 1.232595e-32 -0.02698198 -0.9984496 0 0.05566425 -0.9904431 -9.860761e-32 0.1379224 -0.9756701 -9.860761e-32 0.2192439 -0.9542339 0 0.2990611 -0.9262779 0 0.3768412 -0.8919937 -3.944305e-31 0.4520478 -0.851618 0 0.5241629 -0.8054252 0 0.5926974 -0.7537276 3.944305e-31 0.657187 -0.6968861 3.944305e-31 0.7171819 -0.6352805 0 0.7722815 -0.5693352 0 0.8221055 -0.4995006 -3.944305e-31 0.8663135 -0.4262566 0 0.9046023 -0.3501 0 0.9367123 -0.2715494 -7.888609e-31 0.9624245 -0.1911469 -7.888609e-31 0.9815614 -0.1094364 0 0.9939938 -0.02697956 0 0.999636 0.05566177 0 0.9984497 0.1379233 -7.888609e-31 0.9904429 0.2192416 0 0.9756706 0.2990641 0 0.954233 0.3768412 0 0.9262779 0.4520465 7.888609e-31 0.8919944 0.5241635 -3.944305e-31 0.8516176 0.5926982 -3.944305e-31 0.8054247 0.6571862 -3.944305e-31 0.7537283 0.7171822 0 0.6968857 0.7722833 0 0.6352783 0.8221036 0 0.5693379 0.8663126 0 0.4995023 0.9046037 0 0.4262537 0.936713 1.972152e-31 0.3500983 0.9624236 0 0.2715525 0.9815612 0 0.1911482 0.9939938 0 0.1094361 0.9996361 2.46519e-32 0.02697686 0.9984499 4.930381e-32 -0.05565902 0.990443 9.860761e-32 -0.1379226 0.9756701 9.860761e-32 -0.2192439 0.9542325 1.972152e-31 -0.2990656 0.926278 1.972152e-31 -0.376841 0.8919955 -3.944305e-31 -0.4520441 0.8516182 0 -0.5241627 0.8054225 0 -0.5927011 0.7537301 0 -0.6571841 0.6968833 3.944305e-31 -0.7171846 0.6352805 0 -0.7722815 0.5693359 3.944305e-31 -0.8221051 0.4995032 0 -0.8663121 0.4262563 7.888609e-31 -0.9046024 0.3500971 7.888609e-31 -0.9367134 0.271553 -7.888609e-31 -0.9624234 0.1911454 7.888609e-31 -0.9815617 0.1094364 7.888609e-31 -0.9939938 0.6890587 -0.7059041 0.1640047 0.5737261 -0.8113911 0.1117268 0.6808316 -0.7067999 0.1920999 0.6526773 -0.7058915 0.2751899 0.5475076 -0.8113946 0.204632 0.6399192 -0.7068105 0.3015331 0.5984727 -0.7059017 0.3788578 0.5063566 -0.8113963 0.2919573 0.5815627 -0.7068054 0.4027542 0.5279561 -0.7058969 0.472199 0.451396 -0.811397 0.3713173 0.5073406 -0.7068052 0.4929827 0.4430343 -0.7058967 0.5526576 0.3841246 -0.8113945 0.4405533 0.4192798 -0.7068048 0.5697644 0.3707978 -0.7068048 0.6024417 0.313562 -0.7668228 0.5600551 0.3197805 -0.7068073 0.6310023 0.2395811 -0.7058982 0.6665648 0.2202642 -0.8113928 0.5414106 0.2115601 -0.7068064 0.6750312 0.1550932 -0.7068061 0.6901966 0.1147229 -0.7668217 0.6315244 0.09756799 -0.7068061 0.7006466 0.0101667 -0.7058966 0.7082419 0.03253432 -0.8113934 0.5835942 -0.01908557 -0.7068051 0.7071509 -0.1065447 -0.7058965 0.7002559 -0.06396557 -0.8113939 0.5809892 -0.1352191 -0.7068043 0.6943656 -0.1920966 -0.7068039 0.6808283 -0.1996766 -0.7668217 0.6100113 -0.2476642 -0.7068037 0.6626394 -0.3015382 -0.7068034 0.6399247 -0.2973588 -0.7668196 0.5688281 -0.3533511 -0.7068048 0.6128377 -0.4027527 -0.7068048 0.5815645 -0.3869277 -0.7668222 0.5121238 -0.4494027 -0.7068052 0.5463182 -0.5141847 -0.7058968 0.4871589 -0.4073336 -0.8113899 0.4191966 -0.5331929 -0.7068053 0.4648994 -0.5697643 -0.7068053 0.4192789 -0.5322514 -0.7668197 0.3587423 -0.6024437 -0.7068027 0.3707985 -0.6310059 -0.7068027 0.3197834 -0.5840356 -0.7668233 0.2662411 -0.6552538 -0.7068082 0.2665794 -0.6840708 -0.7058999 0.1837185 -0.5577563 -0.8113888 0.1748032 -0.6901983 -0.7068039 0.1550952 -0.7006488 -0.7068039 0.09756762 -0.6388417 -0.7668213 0.06217956 -0.7063055 -0.7068111 0.03937702 -0.7066565 -0.7059028 -0.04835283 -0.5842924 -0.81139 -0.01577111 -0.703161 -0.7068036 -0.07741629 -0.6943662 -0.7068034 -0.1352201 -0.6244196 -0.7668192 -0.1486215 -0.6808242 -0.7068085 -0.1920941 -0.6526701 -0.7059002 -0.2751849 -0.5475071 -0.811395 -0.2046317 -0.6399252 -0.7068022 -0.30154 -0.5984794 -0.7058938 -0.378862 -0.5063618 -0.811392 -0.2919601 -0.5815653 -0.7068041 -0.4027527 -0.5463187 -0.7068039 -0.4494041 -0.4784258 -0.7668183 -0.4279 -0.5073428 -0.7068044 -0.4929815 -0.4648995 -0.7068043 -0.5331942 -0.4014681 -0.766822 -0.5008067 -0.4192792 -0.7068065 -0.5697626 -0.3707954 -0.7068067 -0.602441 -0.3135631 -0.766821 -0.5600568 -0.3197816 -0.7068044 -0.631005 -0.2395818 -0.7058964 -0.6665664 -0.2202647 -0.8113925 -0.5414107 -0.2115607 -0.7068062 -0.6750312 -0.1266001 -0.7058984 -0.6969073 -0.1281465 -0.8113957 -0.5702767 -0.09756698 -0.7068069 -0.7006459 -0.01016668 -0.7058986 -0.70824 -0.03253419 -0.811394 -0.5835934 0.01908539 -0.7068073 -0.7071486 0.07741593 -0.706808 -0.7031567 0.09654796 -0.7668235 -0.6345552 0.1352172 -0.7068084 -0.6943616 0.1920979 -0.7068087 -0.6808229 0.199677 -0.7668207 -0.6100124 0.2476607 -0.7068079 -0.6626363 0.3015359 -0.7068083 -0.6399204 0.2973564 -0.7668242 -0.5688232 0.3533519 -0.7068067 -0.612835 0.4269873 -0.705898 -0.5651457 0.3327771 -0.8113934 -0.4805208 0.4494032 -0.7068043 -0.5463189 0.4929815 -0.7068045 -0.5073428 0.4659422 -0.7668232 -0.4414523 0.5331958 -0.706804 -0.4648982 0.5873564 -0.7058957 -0.3958834 0.4707635 -0.811399 -0.3464294 0.6024379 -0.7068098 -0.3707946 0.6445 -0.7059019 -0.2938065 0.5213763 -0.8113897 -0.2642223 0.6552611 -0.7068004 -0.2665822 0.6750367 -0.7068002 -0.211563 0.6198931 -0.7668225 -0.1664809 0.6901904 -0.7068121 -0.1550934 0.7006405 -0.7068123 -0.09756657 0.6388376 -0.7668247 -0.06218081 0.7063144 -0.7068024 -0.0393738 0.7066651 -0.7058939 0.04835533 0.584279 -0.8113997 0.01576775 0.7031521 -0.7068126 0.0774152 -0.5012351 0.6947471 0.5158389 -0.5012348 0.6947493 0.5158362 -0.1761661 0.6947478 0.6973457 -0.1761656 0.6947466 0.697347 0.1961104 0.6947465 0.692003 0.1961113 0.6947455 0.6920037 0.5158423 0.6947423 0.5012384 0.5158361 0.6947474 0.5012377 0.6973433 0.6947493 0.1761694 0.697349 0.6947443 0.1761669 0.6920044 0.6947438 -0.1961146 0.6920004 0.6947494 -0.1961091 0.5012374 0.6947495 -0.5158334 0.5012383 0.6947429 -0.5158415 0.1761667 0.6947454 -0.6973479 0.1761672 0.6947464 -0.6973468 -0.1961104 0.6947465 -0.692003 -0.1961092 0.6947477 -0.6920021 -0.5158334 0.6947495 -0.5012374 -0.5158343 0.6947489 -0.5012375 -0.6973456 0.6947489 -0.1761623 -0.6973498 0.6947451 -0.1761604 -0.6920056 0.6947448 0.1961073 -0.6920032 0.694748 0.1961041 -0.2449292 -7.888609e-31 0.969541 -0.6968819 0 0.7171859 -0.9621125 -1.972152e-31 0.2726528 -0.9695423 -1.972152e-31 -0.2449242 -0.7171807 0 -0.6968873 -0.2726577 0 -0.9621111 0.2449292 7.888609e-31 -0.969541 0.6968873 0 -0.7171807 0.9621097 0 -0.2726627 0.9695397 -1.972152e-31 0.2449342 0.7171859 0 0.6968819 0.2726577 0 0.9621111 -0.515834 -0.6947488 -0.5012379 -0.5158339 -0.6947495 -0.5012371 -0.19611 -0.6947478 -0.6920017 -0.1961095 -0.6947466 -0.6920031 0.1761664 -0.6947465 -0.6973469 0.1761674 -0.6947455 -0.6973476 0.5012423 -0.6947423 -0.5158385 0.5012343 -0.6947489 -0.5158374 0.6919987 -0.6947499 -0.196113 0.6920051 -0.6947443 -0.1961105 0.6973485 -0.6947438 0.1761707 0.6973447 -0.6947488 0.1761658 0.5158384 -0.6947479 0.5012346 0.5158392 -0.6947428 0.5012408 0.1961107 -0.6947454 0.692004 0.1961111 -0.6947464 0.6920028 -0.1761664 -0.6947465 0.6973469 -0.1761653 -0.6947477 0.697346 -0.5012335 -0.6947495 0.5158373 -0.5012361 -0.6947474 0.5158376 -0.6920022 -0.6947483 0.1961063 -0.6920059 -0.6947451 0.1961048 -0.6973494 -0.6947448 -0.1761633 -0.6973466 -0.6947485 -0.1761596 -0.5012385 0.6947479 0.5158346 -0.5012394 0.6947413 0.5158426 -0.1761672 0.6947432 0.69735 -0.1761677 0.6947442 0.6973489 0.1961109 0.6947442 0.692005 0.1961098 0.6947454 0.6920041 0.5158346 0.6947479 0.5012385 0.5158354 0.6947473 0.5012386 0.6973461 0.6947483 0.1761624 0.6973407 0.6947532 0.1761648 0.6919972 0.6947536 -0.1961049 0.6920008 0.6947488 -0.1961097 0.5012351 0.6947471 -0.5158389 0.5012346 0.6947508 -0.5158345 0.1761656 0.69475 -0.6973436 0.176165 0.6947488 -0.6973449 -0.1961098 0.6947487 -0.6920009 -0.1961107 0.6947477 -0.6920016 -0.5158411 0.6947439 -0.5012373 -0.5158367 0.6947476 -0.5012368 -0.6973433 0.6947493 -0.1761694 -0.697349 0.6947443 -0.1761669 -0.6920044 0.6947438 0.1961146 -0.6920008 0.6947488 0.1961097 -0.6968873 0 0.7171807 -0.9621097 0 0.2726627 -0.9695397 1.972152e-31 -0.2449342 -0.7171859 0 -0.6968819 0.6968819 0 -0.7171859 0.9621125 1.972152e-31 -0.2726528 0.9695423 1.972152e-31 0.2449242 0.7171807 0 0.6968873 -0.5158384 -0.6947479 -0.5012346 -0.515839 -0.6947443 -0.501239 -0.1961101 -0.6947476 -0.6920019 -0.1961105 -0.6947486 -0.6920007 0.1761659 -0.6947487 -0.6973448 0.1761648 -0.6947499 -0.6973439 0.5012324 -0.6947511 -0.5158361 0.5012368 -0.6947476 -0.5158367 0.6920022 -0.6947483 -0.1961063 0.6919967 -0.6947532 -0.1961085 0.6973411 -0.6947536 0.1761612 0.5158351 -0.6947471 0.501239 0.515835 -0.6947479 0.5012382 0.1961106 -0.6947455 0.6920038 0.1961101 -0.6947443 0.6920052 -0.176167 -0.6947442 0.697349 -0.1761679 -0.6947433 0.6973497 -0.5012434 -0.6947407 0.5158396 -0.5012354 -0.6947473 0.5158385 -0.6919993 -0.6947493 0.1961132 -0.692005 -0.6947443 0.1961109 -0.6973485 -0.6947438 -0.1761707 -0.6973447 -0.6947488 -0.1761658 -0.7055101 0.704299 -0.07885648 -0.7768697 0.6265816 -0.06220152 -0.6923946 0.7069294 -0.1443626 -0.6637341 0.7042999 -0.2518305 -0.7369996 0.6265758 -0.2534451 -0.6347342 0.7069328 -0.3120233 -0.5802505 0.7043023 -0.4089836 -0.6508097 0.6265823 -0.4287674 -0.5372009 0.7069307 -0.4600697 -0.4603131 0.7043009 -0.5404369 -0.5237366 0.6265793 -0.5771467 -0.405909 0.7069305 -0.5792125 -0.3114497 0.7043009 -0.6379337 -0.3637541 0.6265745 -0.6892658 -0.2491113 0.706929 -0.6619629 -0.1430181 0.7042999 -0.695347 -0.1809101 0.6265808 -0.7580687 -0.0766616 0.7069316 -0.703115 -0.03236018 0.7069318 -0.7065411 0.03684686 0.6494868 -0.7594795 0.03684646 0.6494856 -0.7594806 0.1006043 0.7069319 -0.70009 0.2096588 0.704302 -0.6782343 0.20667 0.6265791 -0.751456 0.2715502 0.7069311 -0.6530765 0.3717407 0.7043011 -0.6047882 0.387055 0.6265792 -0.6764517 0.4254332 0.7069362 -0.5650202 0.5104628 0.7043073 -0.4933345 0.5431195 0.6265827 -0.5589411 0.5525798 0.7069373 -0.4414695 0.6171139 0.7043076 -0.3508863 0.6650643 0.6265762 -0.4063148 0.6450158 0.706926 -0.29019 0.6849983 0.7042958 -0.1863996 0.7452138 0.62658 -0.2281532 0.6969126 0.7069333 -0.1206568 0.7056963 0.7064092 -0.05457855 0.7056921 0.7064137 -0.05457523 0.7071728 0.7069377 0.01206775 0.7234248 0.6895105 0.03509805 0.7050247 0.7069332 0.05644132 0.6900592 0.7043031 0.1666592 0.7629566 0.6265712 0.1590778 0.6688448 0.7069251 0.2300078 0.626942 0.7042955 0.3330339 0.6994187 0.6265807 0.343817 0.5906184 0.7069362 0.3891158 0.5244145 0.7043055 0.47848 0.5919437 0.6265788 0.5069533 0.4752916 0.7069375 0.5237722 0.3889444 0.7043065 0.5938642 0.4472704 0.6265806 0.6382366 0.3301153 0.70693 0.6255189 0.2290409 0.7043003 0.6719385 0.2744934 0.6265849 0.729414 0.1641814 0.706933 0.6879609 0.05473929 0.7043031 0.7077858 0.08447395 0.6265774 0.7747676 -0.01206796 0.7069307 0.7071798 -0.1229993 0.7043004 0.6991653 -0.1108573 0.6265802 0.7714324 -0.1875561 0.7069315 0.6819609 -0.293011 0.7043006 0.6466106 -0.2992227 0.626578 0.7196289 -0.351261 0.7069297 0.6138942 -0.4446117 0.7042996 0.5534279 -0.4687873 0.6265767 0.6226075 -0.4928959 0.7069308 0.5072499 -0.5682729 0.7043008 0.4254717 -0.608891 0.626583 0.4864623 -0.6035541 0.7069336 0.3687375 -0.6562287 0.7043038 0.2707767 -0.7107426 0.6265801 0.3197535 -0.6762977 0.7069289 0.2070579 -0.7029559 0.704299 0.09907479 -0.7679356 0.6265762 0.1329551 -0.7065438 0.706929 0.03236171 0.108389 0 0.9941086 -0.01706243 0 0.9998544 -0.142242 0 0.9898319 -0.2651786 -7.888609e-31 0.9641993 -0.3839346 -7.888609e-31 0.9233603 -0.4966337 0 0.8679603 -0.6015031 -3.944305e-31 0.7988705 -0.6968867 0 0.7171812 -0.7812757 -3.944305e-31 0.624186 -0.8533455 -3.944305e-31 0.5213459 -0.9119602 0 0.4102786 -0.9561889 -1.972152e-31 0.2927505 -0.9853412 1.972152e-31 0.1705953 -0.9989527 -2.46519e-32 0.04575486 -0.99681 4.930381e-32 -0.07981145 -0.9789483 0 -0.2041083 -0.9456466 1.972152e-31 -0.3251962 -0.8974289 3.944305e-31 -0.441159 -0.8350616 7.888609e-31 -0.5501565 -0.7595277 0 -0.6504749 -0.6720106 0 -0.7405415 -0.5738989 -3.944305e-31 -0.8189262 -0.4667334 0 -0.884398 -0.352208 0 -0.9359217 -0.2321275 7.888609e-31 -0.9726854 -0.108389 7.888609e-31 -0.9941086 -0.04575288 7.888609e-31 -0.9989528 0.04845834 -7.888609e-31 -0.9988252 0.1422408 0 -0.9898321 0.2651798 0 -0.9641989 0.3839346 0 -0.9233603 0.4966333 3.944305e-31 -0.8679605 0.6015083 0 -0.7988666 0.6968835 3.944305e-31 -0.7171844 0.7812786 3.944305e-31 -0.6241825 0.8533465 3.944305e-31 -0.5213441 0.911957 0 -0.4102857 0.9561905 0 -0.2927453 0.9853416 0 -0.1705927 0.9970229 4.930381e-32 -0.07710554 0.9998544 1.232595e-32 0.0170623 0.9968109 -4.930381e-32 0.0798005 0.9789475 0 0.2041123 0.9456465 -1.972152e-31 0.3251966 0.897431 -1.972152e-31 0.441155 0.8350592 -3.944305e-31 0.5501601 0.7595273 -3.944305e-31 0.6504754 0.672003 -3.944305e-31 0.7405484 0.5738969 3.944305e-31 0.8189275 0.4667369 0 0.8843962 0.3522066 0 0.9359223 0.2321305 0 0.9726847 -0.7529341 -0.6494837 0.1061187 -0.6982914 -0.7055303 0.1208974 -0.6762966 -0.70693 0.2070576 -0.702886 -0.6494879 0.2900288 -0.6462834 -0.7055351 0.2907542 -0.6035531 -0.7069348 0.3687369 -0.6086735 -0.6494889 0.45572 -0.553673 -0.705532 0.442347 -0.4928952 -0.7069319 0.5072491 -0.4762225 -0.6494842 0.5927752 -0.4262727 -0.7055308 0.5661429 -0.3512604 -0.7069308 0.6138933 -0.3138433 -0.6494853 0.692583 -0.272086 -0.705532 0.6543652 -0.1875558 -0.7069325 0.6819598 -0.131744 -0.6494867 0.7488729 -0.1008038 -0.7055317 0.7014725 -0.01206794 -0.7069318 0.7071788 0.0586313 -0.6494856 0.75811 0.07681264 -0.7055343 0.7045006 0.1641811 -0.7069341 0.6879598 0.2453238 -0.6494897 0.7197078 0.2496013 -0.7055314 0.6632681 0.3301148 -0.7069311 0.6255179 0.416599 -0.649489 0.636089 0.4067048 -0.7055379 0.5803511 0.4752909 -0.7069386 0.5237713 0.5617016 -0.6494875 0.512501 0.5382566 -0.705537 0.4609745 0.5906175 -0.7069373 0.3891151 0.6715111 -0.6494855 0.3567091 0.6359945 -0.7055266 0.3126392 0.6688437 -0.7069262 0.2300074 0.7391265 -0.6494816 0.1785096 0.6937561 -0.7055345 0.1446494 0.706971 -0.7064103 0.03429977 0.739615 -0.6704205 0.05921048 0.7071717 -0.7069389 0.01206773 0.7056908 -0.7064146 -0.05457813 0.7056955 -0.7064102 -0.0545755 0.6969116 -0.7069344 -0.1206567 0.7336951 -0.6494852 -0.1996508 0.677636 -0.7055269 -0.2074637 0.6450148 -0.7069271 -0.2901895 0.6609949 -0.6494864 -0.3758367 0.6047422 -0.7055389 -0.3694616 0.552579 -0.7069383 -0.4414688 0.5467572 -0.6494908 -0.528411 0.4938616 -0.7055383 -0.5082483 0.4254325 -0.7069373 -0.5650194 0.3981704 -0.6494863 -0.6477869 0.3519529 -0.7055323 -0.6151043 0.2715498 -0.7069322 -0.6530755 0.2245652 -0.6494866 -0.7264555 0.03684634 -0.6494884 -0.7594782 0.03684685 -0.6494872 -0.7594792 0.1006041 -0.706933 -0.7000889 0.1879268 -0.7055333 -0.6833054 -0.03236013 -0.7069328 -0.70654 -0.07666148 -0.7069327 -0.7031139 -0.1531859 -0.649487 -0.7447824 -0.1645039 -0.7055309 -0.6893218 -0.2491109 -0.7069301 -0.6619619 -0.3335939 -0.6494832 -0.6832911 -0.3307637 -0.7055321 -0.6267534 -0.4059083 -0.7069316 -0.5792117 -0.4930399 -0.6494864 -0.5788601 -0.4762391 -0.7055321 -0.5248054 -0.5372001 -0.7069318 -0.460069 -0.6215039 -0.6494888 -0.4380607 -0.5917885 -0.7055336 -0.389883 -0.6347333 -0.7069339 -0.3120228 -0.7109246 -0.6494837 -0.2697353 -0.6701598 -0.7055311 -0.2304597 -0.6923935 -0.7069305 -0.1443624 -0.7556668 -0.6494873 -0.08446261 -0.7064192 -0.7055302 -0.05656077 -0.7065427 -0.70693 0.03236166 -0.5012349 0.6947481 0.5158378 -0.1761653 0.6947476 0.697346 -0.1761648 0.6947467 0.6973471 0.1961094 0.6947466 0.6920031 0.1961106 0.6947454 0.692004 0.5158428 0.6947422 0.501238 0.5158355 0.6947482 0.5012372 0.6973431 0.6947496 0.1761693 0.697349 0.6947443 0.1761667 0.6920006 0.6947491 -0.1961094 0.5012379 0.6947487 -0.515834 0.5012386 0.6947436 -0.5158402 0.1761656 0.6947464 -0.6973472 0.1761662 0.6947476 -0.6973459 -0.1961091 0.6947477 -0.692002 -0.1961082 0.6947487 -0.6920013 -0.5158329 0.6947504 -0.5012369 -0.5158355 0.6947482 -0.5012372 -0.6973458 0.6947486 -0.1761624 -0.6973497 0.6947451 -0.1761606 -0.692003 0.6947483 0.1961038 -0.2449279 -7.888609e-31 0.9695413 -0.6968825 0 0.7171853 -0.2726565 7.888609e-31 -0.9621115 0.2449279 7.888609e-31 -0.9695413 0.7171866 7.888609e-31 0.6968812 0.2726565 -7.888609e-31 0.9621115 -0.5158345 -0.694748 -0.5012384 -0.5158342 -0.6947501 -0.5012358 -0.1961089 -0.6947488 -0.692001 -0.1961084 -0.6947478 -0.6920021 0.1761653 -0.6947477 -0.697346 0.1761664 -0.6947465 -0.6973469 0.5012417 -0.6947431 -0.5158379 0.5012355 -0.6947482 -0.515837 0.691999 -0.6947496 -0.1961131 0.692005 -0.6947443 -0.1961107 0.6973445 -0.6947491 0.1761656 0.5158382 -0.6947488 0.5012335 0.1961098 -0.6947452 0.6920043 0.1961103 -0.6947465 0.692003 -0.1761655 -0.6947466 0.697347 -0.1761646 -0.6947476 0.6973463 -0.5012341 -0.6947495 0.5158368 -0.5012355 -0.6947482 0.515837 -0.6920019 -0.6947486 0.1961062 -0.6920059 -0.6947451 0.1961046 -0.6973468 -0.6947483 -0.1761599 -0.5012379 0.6947492 0.5158335 -0.5012386 0.6947436 0.5158402 -0.1761656 0.6947464 0.6973472 -0.1761662 0.6947476 0.6973459 0.1961091 0.6947477 0.692002 0.1961082 0.6947487 0.6920013 0.5158331 0.6947503 0.5012366 0.5158352 0.6947486 0.5012369 0.6973456 0.6947488 0.1761624 0.6973407 0.6947532 0.1761646 0.5012348 0.694748 -0.515838 0.5012345 0.6947497 -0.515836 0.1761651 0.6947482 -0.6973455 0.1761647 0.6947473 -0.6973466 -0.1961093 0.6947471 -0.6920025 -0.1961105 0.694746 -0.6920034 -0.5158423 0.6947426 -0.5012379 -0.6973431 0.6947496 -0.1761693 -0.697349 0.6947443 -0.1761667 -0.6920044 0.6947438 0.1961148 -0.6920004 0.6947492 0.1961094 -0.6968876 0 0.7171804 -0.9621096 0 0.2726628 -0.7171863 0 -0.6968815 0.6968822 -3.944305e-31 -0.7171856 0.9695422 0 0.2449243 0.717181 7.888609e-31 0.696887 -0.515838 -0.6947488 -0.5012338 -0.515839 -0.6947432 -0.5012405 -0.1961096 -0.6947458 -0.6920038 -0.1961102 -0.694747 -0.6920024 0.1761654 -0.6947471 -0.6973465 0.1761645 -0.6947481 -0.6973458 0.5012335 -0.6947499 -0.5158368 0.6920019 -0.6947486 -0.1961062 0.6919968 -0.6947532 -0.1961083 0.6973411 -0.6947536 0.1761613 0.6973444 -0.6947492 0.1761655 0.5158345 -0.6947485 0.5012379 0.5158342 -0.6947501 0.5012358 0.1961089 -0.6947488 0.692001 0.1961084 -0.6947478 0.6920021 -0.1761653 -0.6947477 0.697346 -0.1761664 -0.6947465 0.6973469 -0.501242 -0.694743 0.5158377 -0.5012352 -0.6947486 0.5158368 -0.6919988 -0.6947498 0.1961132 -0.692005 -0.6947443 0.1961107 -0.6973445 -0.6947491 -0.1761656 0.06846566 0 0.9976535 -0.03980103 0 0.9992076 -0.2009297 0 0.9796057 -0.4068193 -7.888609e-31 0.9135087 -0.593686 -3.944305e-31 0.8046967 -0.7527918 -3.944305e-31 0.6582587 -0.8766974 0 0.4810423 -0.9596103 -1.972152e-31 0.2813326 -0.9976535 -4.930381e-32 0.06846537 -0.9890466 0 -0.1476036 -0.9341947 1.972152e-31 -0.3567635 -0.8356579 3.944305e-31 -0.5492503 -0.6980498 -3.944305e-31 -0.7160491 -0.5277995 3.944305e-31 -0.849369 -0.3328698 0 -0.9429728 -0.1223775 0 -0.9924836 0.09383905 7.888609e-31 -0.9955874 0.3056669 0 -0.9521385 0.503202 -3.944305e-31 -0.8641689 0.6772089 0 -0.7357908 0.819548 3.944305e-31 -0.5730105 0.9235681 1.972152e-31 -0.3834346 0.9844029 0 -0.1759286 0.9992076 -2.46519e-32 0.03980073 0.9672911 0 0.2536689 0.8901439 0 0.4556795 0.7713761 0 0.6363795 0.6165376 3.944305e-31 0.7873255 0.4328729 0 0.901455 0.2289661 -7.888609e-31 0.9734344 -0.7070267 0.7065069 -0.0310057 0.7034525 0.7047008 -0.09247373 0.6429449 0.7631012 -0.06556179 0.6905226 0.7069567 -0.15294 0.6631618 0.7047036 -0.2522087 0.6104934 0.7631018 -0.2120695 0.6366386 0.7069542 -0.3080697 0.5871245 0.7047015 -0.3983473 0.5451257 0.7631086 -0.3471357 0.5484278 0.7069563 -0.4465868 0.4794327 0.7047031 -0.5230085 0.4503801 0.7631028 -0.4634995 0.4306582 0.7069525 -0.5610274 0.3458962 0.7047001 -0.6194785 0.3313479 0.7631095 -0.5548626 0.2896668 0.7069592 -0.6452146 0.19371 0.7047052 -0.6825445 0.1944552 0.7631066 -0.6163242 0.1330628 0.706958 -0.6946256 0.03108346 0.7047049 -0.7088193 0.04707971 0.7631051 -0.6445573 -0.0307166 0.7069549 -0.7065913 -0.1332209 0.7047014 -0.6968846 -0.1028335 0.7631064 -0.6380391 -0.1928403 0.7069561 -0.6804599 -0.2903416 0.7047027 -0.6473761 -0.2472048 0.7631048 -0.5971271 -0.3445625 0.7069578 -0.6176467 -0.4318092 0.7047051 -0.5629668 -0.3782482 0.7631056 -0.5240211 -0.4777136 0.7069586 -0.5215354 -0.5499985 0.7047057 -0.4482093 -0.4889024 0.7631038 -0.4226666 -0.5851145 0.7069559 -0.397309 -0.6385404 0.7047024 -0.3092906 -0.573191 0.7631088 -0.2985245 -0.6609698 0.7069564 -0.2516578 -0.6926547 0.7047033 -0.1536972 -0.6265882 0.7631062 -0.1582916 -0.7011892 0.7069561 -0.09244853 -0.707029 0.7065046 -0.03100439 -0.7065924 0.7069539 0.03071414 -0.6891345 0.7229013 0.05007312 -0.7036086 0.7069561 0.0717494 -0.6879579 0.7047029 0.1735158 -0.6309824 0.7631044 0.1397604 -0.6680965 0.7069563 0.2320772 -0.6293989 0.7047032 0.327491 -0.5817426 0.7631058 0.2815051 -0.5965673 0.7069552 0.3798971 -0.5369093 0.7047021 0.4638139 -0.5011432 0.763104 0.408078 -0.4928783 0.7069579 0.5072293 -0.4154721 0.7047045 0.57513 -0.3935245 0.7631043 0.5126503 -0.3626163 0.7069579 0.6072232 -0.2716392 0.7047044 0.6554417 -0.264692 0.7631035 0.5895855 -0.2128056 0.706956 0.6744828 -0.1131621 0.7047032 0.7004197 -0.1215902 0.7631055 0.6347329 -0.05152223 0.706957 0.7053774 -0.01042074 0.7069571 0.7071797 0.04786176 0.750863 0.6587214 0.04786215 0.7508624 0.6587222 0.1125386 0.7069559 0.6982468 0.2132228 0.7047027 0.6767054 0.1762099 0.7631069 0.6217861 0.27053 0.7069589 0.6534697 0.3635314 0.7047067 0.6092893 0.3148582 0.7631022 0.564393 0.4139421 0.7069528 0.5734716 0.4942506 0.7046987 0.5090343 0.4365276 0.763103 0.4765685 0.535031 0.7069562 0.4625525 0.5983152 0.7047032 0.3813298 0.5346677 0.763101 0.3630529 0.6272841 0.7069533 0.3266981 0.6701312 0.7047001 0.2330707 0.6039758 0.7631053 0.2299641 0.6857142 0.7069568 0.1732283 0.7058141 0.7047037 0.07224359 0.6407323 0.7631028 0.08447613 0.7071829 0.7069539 0.01041961 -0.13033 -0.01025962 -0.9914176 -0.3554547 -0.01025948 -0.9346372 -0.2726593 0 -0.9621106 -0.1591178 0 -0.9872596 -0.5614144 -0.01026017 -0.8274712 -0.4871823 3.944305e-31 -0.8733003 -0.3825074 0 -0.9239525 -0.7371104 -0.01026027 -0.6756945 -0.6754476 -3.944305e-31 -0.737408 -0.5852754 -3.944305e-31 -0.8108346 -0.8730662 -0.01025962 -0.4874936 -0.8273003 0 -0.5617599 -0.7564917 3.944305e-31 -0.6540033 -0.9619569 -0.01025896 -0.2730085 -0.9345537 -1.972152e-31 -0.3558221 -0.886922 0 -0.4619192 -0.9990566 0 0.04342696 -0.9989873 -0.01025949 -0.04380724 -0.9989873 -0.01025964 -0.04380764 -0.9914201 -9.860761e-32 -0.1307141 -0.9695408 0 -0.2449299 -0.9948409 0 0.1014474 -0.9821618 -0.01025974 0.1877574 -0.9763369 0 0.2162551 -0.9446302 1.972152e-31 0.3281369 -0.9123889 -0.01025967 0.4091958 -0.9001491 -1.972152e-31 0.435582 -0.8434927 -3.944305e-31 0.5371405 -0.7934275 -0.01025958 0.6085784 -0.7754326 0 0.6314303 -0.6968884 0 0.7171796 -0.6316929 -0.01026033 0.7751508 -0.6089115 -3.944305e-31 0.7932382 -0.512709 -3.944305e-31 0.8585625 -0.435903 -0.01026016 0.8999352 -0.4095649 0 0.912281 -0.3008884 0 0.9536594 -0.2166146 -0.01025979 0.9762033 -0.1881403 0 0.9821422 0.2445453 -0.01025962 0.9695836 0.1591196 7.888609e-31 0.9872593 0.07246803 0 0.9973707 -0.04380943 -7.888609e-31 0.9990399 -0.01473369 -0.006844908 0.999868 -0.07284801 0 0.9973431 0.4615565 -0.01025995 0.8870515 0.3825072 -7.888609e-31 0.9239525 0.2726557 -7.888609e-31 0.9621117 0.6536824 -0.01025974 0.7566994 0.5852751 -3.944305e-31 0.8108348 0.487187 0 0.8732977 0.810569 -0.01026037 0.5855532 0.756487 -3.944305e-31 0.6540088 0.6754497 3.944305e-31 0.737406 0.9237571 -0.01025993 0.3828414 0.8869212 0 0.4619207 0.8273013 0 0.5617585 0.9871471 -0.0102602 0.1594846 0.9695408 -1.972152e-31 0.2449298 0.9345505 1.972152e-31 0.3558306 0.9973182 -0.01025954 -0.0724643 0.9998915 0 0.01473237 0.9914204 0 0.1307119 0.9537241 -0.01026083 -0.3005078 0.9763393 9.860761e-32 -0.216244 0.9948412 4.930381e-32 -0.101445 0.8587153 -0.01025967 -0.5123503 0.9001489 0 -0.4355824 0.9446293 0 -0.3281395 0.7174097 -0.01025943 -0.6965759 0.775429 3.944305e-31 -0.6314347 0.843495 0 -0.5371371 0.5374333 -0.01025918 -0.8432439 0.6089098 7.888609e-31 -0.7932395 0.6968839 0 -0.7171839 0.3284793 -0.01025971 -0.9444554 0.4095652 0 -0.9122809 0.5127087 0 -0.8585626 -0.0434305 0 -0.9990565 0.07284787 7.888609e-31 -0.9973431 0.1018193 -0.0102598 -0.99475 0.1881396 7.888609e-31 -0.9821423 0.3008872 0 -0.9536597</float_array>
          <technique_common>
            <accessor source="#link1-normals-array" count="2879" stride="3">
              <param name="X" type="float" />
              <param name="Y" type="float" />
              <param name="Z" type="float" />
            </accessor>
          </technique_common>
        </source>
        <vertices id="link1-vertices">
          <input semantic="POSITION" source="#link1-positions" />
        </vertices>
        <triangles material="anodized_grey-symbol" count="2462">
          <input semantic="VERTEX" source="#link1-vertices" offset="0" />
          <input semantic="NORMAL" source="#link1-normals" offset="1" />
          <p>0 0 1 0 2 0 1 1 0 1 3 1 3 1 0 1 4 1 2 2 1 2 5 2 5 2 1 2 3 2 6 3 2 3 7 3 7 3 2 3 5 3 8 4 9 4 10 4 10 4 9 4 11 4 10 5 11 5 12 5 12 5 11 5 13 5 12 6 13 6 14 6 14 6 13 6 15 6 14 7 15 7 16 7 16 7 15 7 17 7 16 8 17 8 18 8 18 8 17 8 19 8 18 9 19 9 20 9 20 9 19 9 21 9 20 10 21 10 22 10 22 10 21 10 23 10 22 11 23 11 24 11 24 11 23 11 25 11 24 12 25 12 26 12 26 12 25 12 27 12 26 13 27 13 28 13 28 13 27 13 29 13 28 14 29 14 30 14 30 14 29 14 31 14 30 15 31 15 8 15 8 15 31 15 9 15 23 16 32 16 25 16 25 16 32 16 33 16 25 17 33 17 27 17 27 18 33 18 34 18 27 19 34 19 29 19 29 20 34 20 35 20 29 21 35 21 31 21 31 22 35 22 36 22 31 23 36 23 9 23 9 24 36 24 37 24 9 25 37 25 11 25 11 26 37 26 38 26 11 27 38 27 13 27 13 28 38 28 39 28 13 29 39 29 15 29 15 30 39 30 40 30 15 31 40 31 17 31 17 32 40 32 41 32 17 33 41 33 19 33 19 34 41 34 42 34 19 35 42 35 21 35 21 36 42 36 43 36 21 37 43 37 23 37 23 38 43 38 32 38 44 39 45 39 46 39 46 39 45 39 47 39 46 5 47 5 48 5 48 5 47 5 49 5 48 6 49 6 50 6 50 6 49 6 51 6 50 7 51 7 52 7 52 7 51 7 53 7 52 8 53 8 54 8 54 8 53 8 55 8 54 40 55 40 56 40 56 40 55 40 57 40 56 41 57 41 58 41 58 41 57 41 59 41 58 11 59 11 60 11 60 11 59 11 61 11 60 12 61 12 62 12 62 12 61 12 63 12 62 13 63 13 64 13 64 13 63 13 65 13 64 14 65 14 66 14 66 14 65 14 67 14 66 42 67 42 44 42 44 42 67 42 45 42 59 43 68 43 61 43 61 44 68 44 69 44 61 45 69 45 63 45 63 46 69 46 70 46 63 19 70 19 65 19 65 47 70 47 71 47 65 48 71 48 67 48 67 48 71 48 72 48 67 49 72 49 45 49 45 50 72 50 73 50 45 51 73 51 47 51 47 52 73 52 74 52 47 53 74 53 49 53 49 54 74 54 75 54 49 55 75 55 51 55 51 56 75 56 76 56 51 31 76 31 53 31 53 57 76 57 77 57 53 58 77 58 55 58 55 59 77 59 78 59 55 60 78 60 57 60 57 61 78 61 79 61 57 62 79 62 59 62 59 63 79 63 68 63 80 64 81 64 82 64 82 64 81 64 83 64 82 65 83 65 84 65 84 65 83 65 85 65 84 66 85 66 86 66 86 66 85 66 87 66 86 67 87 67 88 67 88 67 87 67 89 67 88 68 89 68 90 68 90 68 89 68 91 68 90 69 91 69 92 69 92 69 91 69 93 69 92 70 93 70 94 70 94 70 93 70 95 70 94 71 95 71 96 71 96 71 95 71 97 71 96 72 97 72 98 72 98 72 97 72 99 72 98 73 99 73 100 73 100 73 99 73 101 73 100 74 101 74 102 74 102 74 101 74 103 74 102 75 103 75 80 75 80 75 103 75 81 75 95 76 104 76 97 76 97 77 104 77 105 77 97 78 105 78 99 78 99 79 105 79 106 79 99 80 106 80 101 80 101 81 106 81 107 81 101 82 107 82 103 82 103 83 107 83 108 83 103 84 108 84 109 84 109 85 108 85 110 85 109 86 110 86 83 86 83 87 110 87 111 87 83 88 111 88 85 88 85 89 111 89 112 89 85 90 112 90 87 90 87 91 112 91 113 91 87 92 113 92 89 92 89 93 113 93 114 93 89 94 114 94 91 94 91 95 114 95 115 95 91 96 115 96 116 96 116 97 115 97 117 97 116 98 117 98 95 98 95 99 117 99 104 99 118 100 119 100 120 100 120 100 119 100 121 100 120 101 121 101 122 101 122 101 121 101 123 101 122 12 123 12 124 12 124 12 123 12 125 12 124 13 125 13 126 13 126 13 125 13 127 13 126 102 127 102 128 102 128 102 127 102 129 102 128 103 129 103 130 103 130 103 129 103 131 103 130 104 131 104 132 104 132 104 131 104 133 104 132 105 133 105 134 105 134 105 133 105 135 105 134 6 135 6 136 6 136 6 135 6 137 6 136 7 137 7 138 7 138 7 137 7 139 7 138 106 139 106 140 106 140 106 139 106 141 106 140 107 141 107 118 107 118 107 141 107 119 107 121 108 142 108 123 108 123 44 142 44 143 44 123 45 143 45 125 45 125 109 143 109 144 109 125 110 144 110 127 110 127 111 144 111 145 111 127 112 145 112 129 112 129 113 145 113 146 113 129 114 146 114 131 114 131 50 146 50 147 50 131 115 147 115 133 115 133 116 147 116 148 116 133 54 148 54 135 54 135 54 148 54 149 54 135 55 149 55 137 55 137 117 149 117 150 117 137 118 150 118 139 118 139 92 150 92 151 92 139 119 151 119 141 119 141 120 151 120 152 120 141 121 152 121 119 121 119 61 152 61 153 61 119 122 153 122 121 122 121 123 153 123 142 123 154 124 155 124 156 124 156 124 155 124 157 124 156 101 157 101 158 101 158 101 157 101 159 101 158 12 159 12 160 12 160 12 159 12 161 12 160 13 161 13 162 13 162 13 161 13 163 13 162 102 163 102 164 102 164 102 163 102 165 102 164 125 165 125 166 125 166 125 165 125 167 125 166 126 167 126 168 126 168 126 167 126 169 126 168 105 169 105 170 105 170 105 169 105 171 105 170 6 171 6 172 6 172 6 171 6 173 6 172 7 173 7 174 7 174 7 173 7 175 7 174 106 175 106 176 106 176 106 175 106 177 106 176 127 177 127 154 127 154 127 177 127 155 127 157 128 178 128 159 128 159 16 178 16 179 16 159 17 179 17 161 17 161 129 179 129 180 129 161 110 180 110 163 110 163 130 180 130 181 130 163 131 181 131 165 131 165 132 181 132 182 132 165 133 182 133 167 133 167 24 182 24 183 24 167 134 183 134 169 134 169 135 183 135 184 135 169 136 184 136 171 136 171 28 184 28 185 28 171 29 185 29 173 29 173 137 185 137 186 137 173 118 186 118 175 118 175 138 186 138 187 138 175 139 187 139 177 139 177 139 187 139 188 139 177 140 188 140 155 140 155 36 188 36 189 36 155 141 189 141 157 141 157 142 189 142 178 142 190 143 191 143 192 143 192 143 191 143 193 143 192 65 193 65 194 65 194 65 193 65 195 65 194 144 195 144 196 144 196 144 195 144 197 144 196 145 197 145 198 145 198 145 197 145 199 145 198 68 199 68 200 68 200 68 199 68 201 68 200 146 201 146 202 146 202 146 201 146 203 146 202 147 203 147 204 147 204 147 203 147 205 147 204 71 205 71 206 71 206 71 205 71 207 71 206 148 207 148 208 148 208 148 207 148 209 148 208 149 209 149 210 149 210 149 209 149 211 149 210 74 211 74 212 74 212 74 211 74 213 74 212 150 213 150 190 150 190 150 213 150 191 150 205 151 214 151 207 151 207 152 214 152 215 152 207 153 215 153 209 153 209 154 215 154 216 154 209 20 216 20 211 20 211 155 216 155 217 155 211 82 217 82 213 82 213 156 217 156 218 156 213 157 218 157 219 157 219 158 218 158 220 158 219 159 220 159 193 159 193 160 220 160 221 160 193 161 221 161 195 161 195 162 221 162 222 162 195 163 222 163 197 163 197 164 222 164 223 164 197 165 223 165 199 165 199 166 223 166 224 166 199 94 224 94 201 94 201 167 224 167 225 167 201 168 225 168 226 168 226 169 225 169 227 169 226 170 227 170 205 170 205 171 227 171 214 171 228 172 229 172 230 172 230 173 229 173 231 173 230 174 231 174 232 174 232 175 231 175 233 175 232 176 233 176 234 176 234 177 233 177 235 177 234 178 235 178 236 178 236 179 235 179 237 179 236 180 237 180 238 180 238 181 237 181 239 181 238 182 239 182 240 182 240 183 239 183 241 183 240 184 241 184 242 184 242 185 241 185 243 185 242 186 243 186 244 186 244 187 243 187 245 187 244 188 245 188 246 188 246 189 245 189 247 189 246 190 247 190 248 190 248 191 247 191 249 191 248 192 249 192 250 192 250 193 249 193 251 193 250 194 251 194 228 194 228 195 251 195 229 195 252 196 232 196 253 196 253 196 232 196 234 196 253 197 234 197 254 197 254 197 234 197 236 197 254 198 236 198 255 198 255 198 236 198 238 198 255 199 238 199 256 199 256 199 238 199 240 199 256 200 240 200 257 200 257 200 240 200 242 200 257 201 242 201 258 201 258 201 242 201 244 201 258 202 244 202 259 202 259 202 244 202 246 202 259 203 246 203 260 203 260 203 246 203 248 203 260 204 248 204 261 204 261 204 248 204 250 204 261 205 250 205 262 205 262 205 250 205 228 205 262 206 228 206 263 206 263 206 228 206 230 206 263 207 230 207 252 207 252 207 230 207 232 207 264 208 265 208 266 208 266 208 265 208 267 208 266 209 267 209 268 209 268 209 267 209 269 209 268 210 269 210 270 210 270 210 269 210 271 210 270 211 271 211 272 211 272 211 271 211 273 211 272 212 273 212 274 212 274 212 273 212 275 212 274 213 275 213 276 213 276 213 275 213 277 213 276 214 277 214 278 214 278 214 277 214 279 214 278 215 279 215 280 215 280 215 279 215 281 215 280 216 281 216 282 216 282 216 281 216 283 216 282 217 283 217 284 217 284 217 283 217 285 217 284 218 285 218 286 218 286 218 285 218 287 218 286 219 287 219 288 219 288 219 287 219 289 219 288 220 289 220 290 220 290 220 289 220 291 220 290 221 291 221 292 221 292 221 291 221 293 221 292 222 293 222 294 222 294 222 293 222 295 222 294 223 295 223 264 223 264 223 295 223 265 223 296 224 297 224 298 224 298 225 297 225 299 225 298 226 299 226 300 226 300 227 299 227 301 227 300 228 301 228 302 228 302 229 301 229 303 229 302 230 303 230 304 230 304 231 303 231 305 231 304 232 305 232 306 232 306 233 305 233 307 233 306 234 307 234 308 234 308 235 307 235 309 235 308 236 309 236 310 236 310 237 309 237 311 237 310 238 311 238 312 238 312 239 311 239 313 239 312 240 313 240 314 240 314 241 313 241 315 241 314 242 315 242 316 242 316 243 315 243 317 243 316 244 317 244 318 244 318 245 317 245 319 245 318 246 319 246 296 246 296 247 319 247 297 247 320 248 300 248 321 248 321 248 300 248 302 248 321 249 302 249 322 249 322 249 302 249 304 249 322 198 304 198 323 198 323 198 304 198 306 198 323 250 306 250 324 250 324 250 306 250 308 250 324 251 308 251 325 251 325 251 308 251 310 251 325 252 310 252 326 252 326 252 310 252 312 252 326 253 312 253 327 253 327 253 312 253 314 253 327 254 314 254 328 254 328 254 314 254 316 254 328 255 316 255 329 255 329 255 316 255 318 255 329 256 318 256 330 256 330 256 318 256 296 256 330 257 296 257 331 257 331 257 296 257 298 257 331 207 298 207 320 207 320 207 298 207 300 207 332 258 333 258 334 258 334 259 333 259 335 259 334 260 335 260 336 260 336 261 335 261 337 261 336 262 337 262 338 262 338 263 337 263 339 263 338 264 339 264 340 264 340 265 339 265 341 265 340 266 341 266 342 266 342 267 341 267 343 267 342 268 343 268 344 268 344 269 343 269 345 269 344 270 345 270 346 270 346 271 345 271 347 271 346 272 347 272 348 272 348 239 347 239 349 239 348 273 349 273 350 273 350 274 349 274 351 274 350 275 351 275 352 275 352 191 351 191 353 191 352 276 353 276 354 276 354 277 353 277 355 277 354 246 355 246 332 246 332 278 355 278 333 278 356 279 336 279 357 279 357 279 336 279 338 279 357 249 338 249 358 249 358 249 338 249 340 249 358 198 340 198 359 198 359 198 340 198 342 198 359 280 342 280 360 280 360 280 342 280 344 280 360 281 344 281 361 281 361 281 344 281 346 281 361 282 346 282 362 282 362 282 346 282 348 282 362 283 348 283 363 283 363 283 348 283 350 283 363 284 350 284 364 284 364 284 350 284 352 284 364 285 352 285 365 285 365 285 352 285 354 285 365 256 354 256 366 256 366 256 354 256 332 256 366 257 332 257 367 257 367 257 332 257 334 257 367 286 334 286 356 286 356 286 334 286 336 286 368 287 369 287 370 287 370 288 369 288 371 288 370 289 371 289 372 289 372 290 371 290 373 290 372 262 373 262 374 262 374 291 373 291 375 291 374 292 375 292 376 292 376 293 375 293 377 293 376 294 377 294 378 294 378 295 377 295 379 295 378 296 379 296 380 296 380 297 379 297 381 297 380 298 381 298 382 298 382 299 381 299 383 299 382 300 383 300 384 300 384 301 383 301 385 301 384 302 385 302 386 302 386 303 385 303 387 303 386 304 387 304 388 304 388 305 387 305 389 305 388 306 389 306 390 306 390 307 389 307 391 307 390 308 391 308 368 308 368 309 391 309 369 309 392 279 372 279 393 279 393 279 372 279 374 279 393 310 374 310 394 310 394 310 374 310 376 310 394 311 376 311 395 311 395 311 376 311 378 311 395 312 378 312 396 312 396 312 378 312 380 312 396 313 380 313 397 313 397 313 380 313 382 313 397 314 382 314 398 314 398 314 382 314 384 314 398 315 384 315 399 315 399 315 384 315 386 315 399 316 386 316 400 316 400 316 386 316 388 316 400 317 388 317 401 317 401 317 388 317 390 317 401 318 390 318 402 318 402 318 390 318 368 318 402 319 368 319 403 319 403 319 368 319 370 319 403 286 370 286 392 286 392 286 370 286 372 286 404 258 405 258 406 258 406 259 405 259 407 259 406 260 407 260 408 260 408 261 407 261 409 261 408 262 409 262 410 262 410 263 409 263 411 263 410 264 411 264 412 264 412 265 411 265 413 265 412 266 413 266 414 266 414 267 413 267 415 267 414 268 415 268 416 268 416 269 415 269 417 269 416 270 417 270 418 270 418 271 417 271 419 271 418 272 419 272 420 272 420 239 419 239 421 239 420 273 421 273 422 273 422 274 421 274 423 274 422 275 423 275 424 275 424 191 423 191 425 191 424 276 425 276 426 276 426 277 425 277 427 277 426 246 427 246 404 246 404 278 427 278 405 278 428 279 408 279 429 279 429 279 408 279 410 279 429 249 410 249 430 249 430 249 410 249 412 249 430 198 412 198 431 198 431 198 412 198 414 198 431 280 414 280 432 280 432 280 414 280 416 280 432 281 416 281 433 281 433 281 416 281 418 281 433 282 418 282 434 282 434 282 418 282 420 282 434 283 420 283 435 283 435 283 420 283 422 283 435 284 422 284 436 284 436 284 422 284 424 284 436 285 424 285 437 285 437 285 424 285 426 285 437 256 426 256 438 256 438 256 426 256 404 256 438 257 404 257 439 257 439 257 404 257 406 257 439 286 406 286 428 286 428 286 406 286 408 286 440 224 441 224 442 224 442 225 441 225 443 225 442 226 443 226 444 226 444 227 443 227 445 227 444 228 445 228 446 228 446 229 445 229 447 229 446 230 447 230 448 230 448 231 447 231 449 231 448 232 449 232 450 232 450 233 449 233 451 233 450 234 451 234 452 234 452 235 451 235 453 235 452 236 453 236 454 236 454 237 453 237 455 237 454 238 455 238 456 238 456 239 455 239 457 239 456 240 457 240 458 240 458 241 457 241 459 241 458 242 459 242 460 242 460 243 459 243 461 243 460 244 461 244 462 244 462 245 461 245 463 245 462 246 463 246 440 246 440 247 463 247 441 247 464 248 444 248 465 248 465 248 444 248 446 248 465 249 446 249 466 249 466 249 446 249 448 249 466 198 448 198 467 198 467 198 448 198 450 198 467 250 450 250 468 250 468 250 450 250 452 250 468 251 452 251 469 251 469 251 452 251 454 251 469 252 454 252 470 252 470 252 454 252 456 252 470 253 456 253 471 253 471 253 456 253 458 253 471 254 458 254 472 254 472 254 458 254 460 254 472 255 460 255 473 255 473 255 460 255 462 255 473 256 462 256 474 256 474 256 462 256 440 256 474 257 440 257 475 257 475 257 440 257 442 257 475 207 442 207 464 207 464 207 442 207 444 207 476 320 477 320 478 320 478 321 477 321 479 321 478 322 479 322 480 322 480 323 479 323 481 323 480 324 481 324 482 324 482 325 481 325 483 325 482 326 483 326 484 326 484 327 483 327 485 327 484 328 485 328 486 328 486 329 485 329 487 329 486 330 487 330 488 330 488 331 487 331 489 331 488 332 489 332 490 332 490 333 489 333 491 333 490 334 491 334 492 334 492 187 491 187 493 187 492 240 493 240 494 240 494 335 493 335 495 335 494 336 495 336 496 336 496 337 495 337 497 337 496 338 497 338 498 338 498 339 497 339 499 339 498 340 499 340 476 340 476 341 499 341 477 341 500 342 480 342 501 342 501 342 480 342 482 342 501 343 482 343 502 343 502 343 482 343 484 343 502 344 484 344 503 344 503 344 484 344 486 344 503 345 486 345 504 345 504 345 486 345 488 345 504 346 488 346 505 346 505 346 488 346 490 346 505 252 490 252 506 252 506 252 490 252 492 252 506 253 492 253 507 253 507 253 492 253 494 253 507 203 494 203 508 203 508 203 494 203 496 203 508 347 496 347 509 347 509 347 496 347 498 347 509 348 498 348 510 348 510 348 498 348 476 348 510 349 476 349 511 349 511 349 476 349 478 349 511 350 478 350 500 350 500 350 478 350 480 350 260 351 261 351 512 351 508 351 509 351 513 351 514 351 515 351 516 351 517 351 518 351 519 351 519 351 518 351 520 351 519 351 520 351 521 351 522 351 523 351 524 351 525 351 526 351 527 351 527 351 526 351 516 351 527 351 516 351 528 351 528 351 516 351 515 351 513 351 509 351 529 351 509 351 510 351 529 351 529 351 510 351 511 351 529 351 511 351 530 351 530 351 511 351 500 351 530 351 500 351 531 351 531 351 500 351 532 351 500 351 501 351 532 351 532 351 501 351 502 351 532 351 502 351 533 351 533 351 502 351 503 351 533 351 503 351 504 351 504 351 505 351 533 351 533 351 505 351 506 351 533 351 506 351 513 351 513 351 506 351 507 351 513 351 507 351 508 351 533 351 534 351 532 351 532 351 534 351 535 351 532 351 535 351 536 351 537 351 538 351 536 351 539 351 262 351 263 351 256 351 540 351 255 351 255 351 540 351 541 351 255 351 541 351 254 351 254 351 541 351 253 351 539 351 263 351 541 351 541 351 263 351 252 351 541 351 252 351 253 351 256 351 257 351 540 351 540 351 257 351 258 351 540 351 258 351 512 351 512 351 258 351 259 351 512 351 259 351 260 351 542 351 543 351 544 351 544 351 543 351 545 351 544 351 545 351 546 351 546 351 545 351 547 351 546 351 547 351 548 351 548 351 547 351 512 351 548 351 512 351 539 351 539 351 512 351 261 351 539 351 261 351 262 351 549 351 550 351 467 351 473 351 551 351 472 351 472 351 551 351 552 351 472 351 552 351 471 351 467 351 468 351 549 351 549 351 468 351 469 351 549 351 469 351 552 351 552 351 469 351 470 351 552 351 470 351 471 351 474 351 475 351 534 351 534 351 475 351 464 351 534 351 464 351 535 351 535 351 464 351 465 351 535 351 465 351 550 351 550 351 465 351 466 351 550 351 466 351 467 351 434 351 553 351 554 351 555 351 549 351 430 351 430 351 431 351 555 351 555 351 431 351 432 351 555 351 432 351 554 351 554 351 432 351 433 351 554 351 433 351 434 351 435 351 436 351 556 351 556 351 436 351 437 351 556 351 437 351 552 351 552 351 437 351 438 351 438 351 439 351 552 351 552 351 439 351 428 351 552 351 428 351 549 351 549 351 428 351 429 351 549 351 429 351 430 351 361 351 362 351 519 351 357 351 358 351 557 351 519 351 362 351 517 351 517 351 362 351 363 351 517 351 363 351 558 351 558 351 363 351 364 351 558 351 364 351 365 351 365 351 522 351 558 351 558 351 522 351 524 351 558 351 524 351 517 351 517 351 524 351 559 351 517 351 559 351 518 351 557 351 358 351 560 351 560 351 358 351 359 351 560 351 359 351 360 351 365 351 366 351 522 351 522 351 366 351 367 351 522 351 367 351 557 351 557 351 367 351 356 351 557 351 356 351 357 351 324 351 557 351 323 351 323 351 557 351 561 351 323 351 561 351 322 351 322 351 561 351 321 351 328 351 526 351 522 351 522 351 526 351 525 351 522 351 525 351 523 351 324 351 325 351 557 351 557 351 325 351 326 351 557 351 326 351 522 351 522 351 326 351 327 351 522 351 327 351 328 351 529 351 514 351 513 351 513 351 514 351 516 351 513 351 516 351 320 351 328 351 329 351 526 351 526 351 329 351 330 351 526 351 330 351 516 351 516 351 330 351 331 351 516 351 331 351 320 351 274 351 276 351 562 351 562 351 276 351 278 351 280 351 282 351 560 351 278 351 280 351 562 351 562 351 280 351 560 351 562 351 560 351 519 351 519 351 560 351 360 351 519 351 360 351 361 351 563 351 268 351 551 351 551 351 268 351 270 351 551 351 270 351 552 351 552 351 270 351 272 351 552 351 272 351 556 351 282 351 284 351 560 351 560 351 284 351 286 351 560 351 286 351 557 351 557 351 286 351 288 351 557 351 288 351 561 351 561 351 288 351 290 351 561 351 290 351 292 351 292 351 294 351 561 351 561 351 294 351 264 351 561 351 264 351 563 351 563 351 264 351 266 351 563 351 266 351 268 351 320 351 321 351 513 351 513 351 321 351 561 351 513 351 561 351 533 351 533 351 561 351 563 351 533 351 563 351 534 351 534 351 563 351 551 351 534 351 551 351 474 351 474 351 551 351 473 351 536 351 535 351 537 351 537 351 535 351 550 351 537 351 550 351 564 351 564 351 550 351 549 351 564 351 549 351 565 351 565 351 549 351 555 351 565 351 555 351 566 351 566 351 555 351 554 351 566 351 554 351 567 351 434 351 435 351 553 351 553 351 435 351 556 351 553 351 556 351 568 351 395 351 396 351 546 351 400 351 519 351 544 351 544 351 519 351 521 351 544 351 521 351 542 351 541 351 567 351 539 351 539 351 567 351 554 351 539 351 554 351 548 351 548 351 554 351 553 351 548 351 553 351 546 351 546 351 553 351 568 351 546 351 568 351 395 351 396 351 397 351 546 351 546 351 397 351 398 351 546 351 398 351 544 351 544 351 398 351 399 351 544 351 399 351 400 351 392 351 393 351 568 351 568 351 393 351 394 351 568 351 394 351 395 351 400 351 401 351 519 351 519 351 401 351 402 351 519 351 402 351 403 351 272 351 274 351 556 351 556 351 274 351 562 351 556 351 562 351 568 351 568 351 562 351 519 351 568 351 519 351 392 351 392 351 519 351 403 351 569 352 570 352 571 352 538 353 537 353 572 353 572 354 537 354 571 354 537 355 564 355 571 355 571 355 564 355 565 355 571 355 565 355 566 355 566 355 567 355 571 355 571 355 567 355 541 355 571 356 541 356 569 356 569 357 541 357 540 357 573 358 574 358 570 358 570 359 574 359 575 359 570 360 575 360 571 360 570 361 576 361 573 361 573 362 576 362 577 362 573 363 577 363 578 363 578 364 577 364 579 364 580 365 581 365 582 365 580 366 582 366 583 366 583 367 582 367 577 367 577 368 582 368 584 368 577 368 584 368 585 368 586 369 579 369 587 369 587 370 579 370 577 370 587 368 577 368 588 368 588 368 577 368 585 368 589 0 590 0 591 0 145 0 144 0 592 0 593 0 586 0 587 0 593 0 587 0 594 0 594 0 587 0 588 0 594 0 588 0 595 0 595 0 41 0 40 0 596 0 39 0 38 0 37 0 36 0 585 0 585 0 36 0 35 0 585 0 35 0 588 0 588 0 35 0 34 0 588 0 34 0 33 0 33 0 32 0 588 0 588 0 32 0 43 0 588 0 43 0 595 0 595 0 43 0 42 0 595 0 42 0 41 0 77 0 596 0 78 0 78 0 596 0 79 0 77 0 76 0 597 0 76 0 75 0 597 0 597 0 75 0 74 0 597 0 74 0 73 0 73 0 72 0 584 0 38 0 37 0 596 0 596 0 37 0 585 0 596 0 585 0 79 0 79 0 585 0 68 0 72 0 71 0 584 0 584 0 71 0 70 0 584 0 70 0 585 0 585 0 70 0 69 0 585 0 69 0 68 0 73 0 584 0 597 0 597 0 584 0 582 0 597 0 582 0 598 0 590 0 599 0 600 0 600 0 599 0 5 0 600 0 5 0 594 0 594 0 5 0 3 0 594 0 3 0 593 0 593 0 3 0 4 0 593 0 4 0 599 0 599 0 4 0 5 0 214 0 227 0 594 0 601 0 600 0 224 0 594 0 227 0 600 0 600 0 227 0 225 0 600 0 225 0 224 0 224 0 223 0 601 0 601 0 223 0 222 0 601 0 222 0 221 0 595 0 602 0 218 0 221 0 602 0 601 0 601 0 602 0 595 0 601 0 595 0 596 0 596 0 595 0 40 0 596 0 40 0 39 0 218 0 217 0 595 0 595 0 217 0 216 0 595 0 216 0 594 0 594 0 216 0 215 0 594 0 215 0 214 0 113 0 112 0 603 0 597 0 105 0 104 0 115 0 114 0 592 0 112 0 111 0 603 0 603 0 111 0 604 0 603 0 604 0 598 0 604 0 108 0 598 0 598 0 108 0 107 0 598 0 107 0 597 0 597 0 107 0 106 0 597 0 106 0 105 0 115 0 592 0 117 0 182 0 181 0 605 0 77 0 597 0 596 0 596 0 597 0 605 0 596 0 605 0 601 0 601 0 605 0 181 0 601 0 181 0 180 0 182 0 605 0 183 0 183 0 605 0 606 0 183 0 606 0 184 0 188 0 187 0 607 0 607 0 187 0 186 0 607 0 186 0 606 0 606 0 186 0 185 0 606 0 185 0 184 0 180 0 179 0 601 0 601 0 179 0 178 0 601 0 178 0 189 0 590 0 600 0 591 0 591 0 600 0 601 0 591 0 601 0 607 0 607 0 601 0 189 0 607 0 189 0 188 0 104 0 117 0 597 0 597 0 117 0 592 0 597 0 592 0 605 0 605 0 592 0 144 0 605 0 144 0 143 0 149 0 148 0 608 0 608 0 148 0 147 0 608 0 147 0 592 0 592 0 147 0 146 0 592 0 146 0 145 0 606 0 151 0 608 0 608 0 151 0 150 0 608 0 150 0 149 0 143 0 142 0 605 0 605 0 142 0 153 0 605 0 153 0 606 0 606 0 153 0 152 0 606 0 152 0 151 0 114 0 113 0 592 0 592 0 113 0 603 0 592 0 603 0 608 0 608 0 603 0 609 0 582 0 581 0 598 0 598 0 581 0 610 0 598 0 610 0 603 0 603 0 610 0 611 0 603 0 611 0 609 0 609 0 611 0 612 0 589 0 591 0 613 0 613 0 591 0 607 0 613 0 607 0 614 0 614 0 607 0 606 0 614 0 606 0 615 0 615 0 606 0 608 0 615 0 608 0 616 0 616 0 608 0 609 0 616 0 609 0 617 0 617 0 609 0 612 0 617 0 612 0 618 0 619 371 620 371 621 371 621 372 620 372 622 372 621 373 622 373 623 373 623 374 622 374 624 374 623 375 624 375 625 375 625 376 624 376 626 376 625 377 626 377 627 377 627 378 626 378 628 378 627 379 628 379 629 379 629 380 628 380 630 380 629 381 630 381 631 381 631 382 630 382 632 382 631 383 632 383 633 383 633 384 632 384 634 384 633 385 634 385 635 385 635 386 634 386 636 386 635 387 636 387 637 387 637 388 636 388 638 388 637 389 638 389 639 389 639 390 638 390 640 390 639 391 640 391 641 391 641 392 640 392 642 392 641 393 642 393 619 393 619 394 642 394 620 394 643 201 623 201 644 201 644 201 623 201 625 201 644 200 625 200 645 200 645 200 625 200 627 200 645 199 627 199 646 199 646 199 627 199 629 199 646 198 629 198 647 198 647 198 629 198 631 198 647 197 631 197 648 197 648 197 631 197 633 197 648 196 633 196 649 196 649 196 633 196 635 196 649 207 635 207 650 207 650 207 635 207 637 207 650 206 637 206 651 206 651 206 637 206 639 206 651 205 639 205 652 205 652 205 639 205 641 205 652 204 641 204 653 204 653 204 641 204 619 204 653 203 619 203 654 203 654 203 619 203 621 203 654 202 621 202 643 202 643 202 621 202 623 202 655 395 656 395 657 395 657 395 656 395 658 395 657 396 658 396 659 396 659 396 658 396 660 396 659 397 660 397 661 397 661 397 660 397 662 397 661 398 662 398 663 398 663 398 662 398 664 398 663 399 664 399 665 399 665 399 664 399 666 399 665 400 666 400 667 400 667 400 666 400 668 400 667 401 668 401 669 401 669 401 668 401 670 401 669 402 670 402 671 402 671 402 670 402 672 402 671 403 672 403 673 403 673 403 672 403 674 403 673 404 674 404 675 404 675 404 674 404 676 404 675 405 676 405 677 405 677 405 676 405 678 405 677 406 678 406 679 406 679 406 678 406 680 406 679 407 680 407 681 407 681 407 680 407 682 407 681 408 682 408 683 408 683 408 682 408 684 408 683 409 684 409 685 409 685 409 684 409 686 409 685 410 686 410 655 410 655 410 686 410 656 410 687 411 688 411 689 411 689 412 688 412 690 412 689 413 690 413 691 413 691 414 690 414 692 414 691 415 692 415 693 415 693 416 692 416 694 416 693 417 694 417 695 417 695 418 694 418 696 418 695 419 696 419 697 419 697 420 696 420 698 420 697 381 698 381 699 381 699 421 698 421 700 421 699 422 700 422 701 422 701 423 700 423 702 423 701 424 702 424 703 424 703 425 702 425 704 425 703 426 704 426 705 426 705 427 704 427 706 427 705 428 706 428 707 428 707 429 706 429 708 429 707 430 708 430 709 430 709 431 708 431 710 431 709 432 710 432 687 432 687 433 710 433 688 433 711 282 691 282 712 282 712 282 691 282 693 282 712 281 693 281 713 281 713 281 693 281 695 281 713 280 695 280 714 280 714 280 695 280 697 280 714 198 697 198 715 198 715 198 697 198 699 198 715 249 699 249 716 249 716 249 699 249 701 249 716 279 701 279 717 279 717 279 701 279 703 279 717 286 703 286 718 286 718 286 703 286 705 286 718 257 705 257 719 257 719 257 705 257 707 257 719 256 707 256 720 256 720 256 707 256 709 256 720 285 709 285 721 285 721 285 709 285 687 285 721 284 687 284 722 284 722 284 687 284 689 284 722 283 689 283 711 283 711 283 689 283 691 283 723 434 724 434 725 434 725 435 724 435 726 435 725 436 726 436 727 436 727 414 726 414 728 414 727 437 728 437 729 437 729 438 728 438 730 438 729 439 730 439 731 439 731 440 730 440 732 440 731 441 732 441 733 441 733 442 732 442 734 442 733 381 734 381 735 381 735 443 734 443 736 443 735 444 736 444 737 444 737 445 736 445 738 445 737 446 738 446 739 446 739 447 738 447 740 447 739 448 740 448 741 448 741 449 740 449 742 449 741 450 742 450 743 450 743 451 742 451 744 451 743 452 744 452 745 452 745 453 744 453 746 453 745 454 746 454 723 454 723 455 746 455 724 455 747 252 727 252 748 252 748 252 727 252 729 252 748 251 729 251 749 251 749 251 729 251 731 251 749 250 731 250 750 250 750 250 731 250 733 250 750 198 733 198 751 198 751 198 733 198 735 198 751 249 735 249 752 249 752 249 735 249 737 249 752 248 737 248 753 248 753 248 737 248 739 248 753 207 739 207 754 207 754 207 739 207 741 207 754 257 741 257 755 257 755 257 741 257 743 257 755 256 743 256 756 256 756 256 743 256 745 256 756 255 745 255 757 255 757 255 745 255 723 255 757 254 723 254 758 254 758 254 723 254 725 254 758 253 725 253 747 253 747 253 725 253 727 253 759 456 760 456 761 456 761 457 760 457 762 457 761 458 762 458 763 458 763 459 762 459 764 459 763 437 764 437 765 437 765 460 764 460 766 460 765 461 766 461 767 461 767 462 766 462 768 462 767 463 768 463 769 463 769 464 768 464 770 464 769 465 770 465 771 465 771 466 770 466 772 466 771 467 772 467 773 467 773 468 772 468 774 468 773 469 774 469 775 469 775 470 774 470 776 470 775 471 776 471 777 471 777 472 776 472 778 472 777 473 778 473 779 473 779 474 778 474 780 474 779 475 780 475 781 475 781 476 780 476 782 476 781 477 782 477 759 477 759 478 782 478 760 478 783 252 763 252 784 252 784 252 763 252 765 252 784 346 765 346 785 346 785 346 765 346 767 346 785 345 767 345 786 345 786 345 767 345 769 345 786 344 769 344 787 344 787 344 769 344 771 344 787 343 771 343 788 343 788 343 771 343 773 343 788 342 773 342 789 342 789 342 773 342 775 342 789 350 775 350 790 350 790 350 775 350 777 350 790 349 777 349 791 349 791 349 777 349 779 349 791 348 779 348 792 348 792 348 779 348 781 348 792 347 781 347 793 347 793 347 781 347 759 347 793 203 759 203 794 203 794 203 759 203 761 203 794 253 761 253 783 253 783 253 761 253 763 253 795 434 796 434 797 434 797 435 796 435 798 435 797 436 798 436 799 436 799 414 798 414 800 414 799 437 800 437 801 437 801 438 800 438 802 438 801 439 802 439 803 439 803 440 802 440 804 440 803 441 804 441 805 441 805 442 804 442 806 442 805 381 806 381 807 381 807 443 806 443 808 443 807 444 808 444 809 444 809 445 808 445 810 445 809 446 810 446 811 446 811 447 810 447 812 447 811 448 812 448 813 448 813 449 812 449 814 449 813 450 814 450 815 450 815 451 814 451 816 451 815 452 816 452 817 452 817 453 816 453 818 453 817 454 818 454 795 454 795 455 818 455 796 455 819 252 799 252 820 252 820 252 799 252 801 252 820 251 801 251 821 251 821 251 801 251 803 251 821 250 803 250 822 250 822 250 803 250 805 250 822 198 805 198 823 198 823 198 805 198 807 198 823 249 807 249 824 249 824 249 807 249 809 249 824 248 809 248 825 248 825 248 809 248 811 248 825 207 811 207 826 207 826 207 811 207 813 207 826 257 813 257 827 257 827 257 813 257 815 257 827 256 815 256 828 256 828 256 815 256 817 256 828 255 817 255 829 255 829 255 817 255 795 255 829 254 795 254 830 254 830 254 795 254 797 254 830 253 797 253 819 253 819 253 797 253 799 253 831 411 832 411 833 411 833 412 832 412 834 412 833 413 834 413 835 413 835 414 834 414 836 414 835 415 836 415 837 415 837 416 836 416 838 416 837 417 838 417 839 417 839 418 838 418 840 418 839 419 840 419 841 419 841 420 840 420 842 420 841 381 842 381 843 381 843 421 842 421 844 421 843 422 844 422 845 422 845 423 844 423 846 423 845 424 846 424 847 424 847 425 846 425 848 425 847 426 848 426 849 426 849 427 848 427 850 427 849 428 850 428 851 428 851 429 850 429 852 429 851 430 852 430 853 430 853 431 852 431 854 431 853 432 854 432 831 432 831 433 854 433 832 433 855 282 835 282 856 282 856 282 835 282 837 282 856 281 837 281 857 281 857 281 837 281 839 281 857 280 839 280 858 280 858 280 839 280 841 280 858 198 841 198 859 198 859 198 841 198 843 198 859 249 843 249 860 249 860 249 843 249 845 249 860 279 845 279 861 279 861 279 845 279 847 279 861 286 847 286 862 286 862 286 847 286 849 286 862 257 849 257 863 257 863 257 849 257 851 257 863 256 851 256 864 256 864 256 851 256 853 256 864 285 853 285 865 285 865 285 853 285 831 285 865 284 831 284 866 284 866 284 831 284 833 284 866 283 833 283 855 283 855 283 833 283 835 283 867 479 868 479 869 479 869 480 868 480 870 480 869 481 870 481 871 481 871 482 870 482 872 482 871 483 872 483 873 483 873 484 872 484 874 484 873 485 874 485 875 485 875 486 874 486 876 486 875 487 876 487 877 487 877 488 876 488 878 488 877 489 878 489 879 489 879 490 878 490 880 490 879 491 880 491 881 491 881 492 880 492 882 492 881 493 882 493 883 493 883 386 882 386 884 386 883 426 884 426 885 426 885 494 884 494 886 494 885 495 886 495 887 495 887 496 886 496 888 496 887 497 888 497 889 497 889 498 888 498 890 498 889 499 890 499 867 499 867 500 890 500 868 500 891 314 871 314 892 314 892 314 871 314 873 314 892 313 873 313 893 313 893 313 873 313 875 313 893 312 875 312 894 312 894 312 875 312 877 312 894 311 877 311 895 311 895 311 877 311 879 311 895 310 879 310 896 310 896 310 879 310 881 310 896 279 881 279 897 279 897 279 881 279 883 279 897 286 883 286 898 286 898 286 883 286 885 286 898 319 885 319 899 319 899 319 885 319 887 319 899 318 887 318 900 318 900 318 887 318 889 318 900 317 889 317 901 317 901 317 889 317 867 317 901 316 867 316 902 316 902 316 867 316 869 316 902 315 869 315 891 315 891 315 869 315 871 315 903 501 904 501 905 501 785 501 786 501 906 501 906 501 786 501 907 501 906 501 907 501 908 501 793 501 794 501 909 501 909 501 794 501 783 501 909 501 783 501 906 501 906 501 783 501 784 501 906 501 784 501 785 501 786 501 787 501 907 501 907 501 787 501 788 501 907 501 788 501 910 501 910 501 788 501 789 501 910 501 789 501 911 501 911 501 789 501 790 501 911 501 790 501 912 501 912 501 790 501 791 501 912 501 791 501 909 501 909 501 791 501 792 501 909 501 792 501 793 501 905 501 904 501 909 501 909 501 904 501 913 501 909 501 913 501 912 501 914 501 915 501 916 501 916 501 915 501 917 501 916 501 917 501 918 501 918 501 917 501 919 501 918 501 919 501 920 501 921 501 922 501 923 501 922 501 921 501 924 501 924 501 921 501 925 501 924 501 925 501 926 501 927 501 928 501 929 501 929 501 928 501 930 501 929 501 930 501 931 501 646 501 647 501 932 501 932 501 647 501 648 501 646 501 932 501 645 501 645 501 932 501 933 501 645 501 933 501 644 501 649 501 650 501 934 501 934 501 650 501 651 501 934 501 651 501 935 501 935 501 651 501 652 501 652 501 653 501 935 501 935 501 653 501 654 501 935 501 654 501 933 501 933 501 654 501 643 501 933 501 643 501 644 501 862 501 863 501 936 501 937 501 857 501 858 501 936 501 863 501 938 501 937 501 858 501 939 501 858 501 859 501 939 501 939 501 859 501 860 501 939 501 860 501 936 501 936 501 860 501 861 501 936 501 861 501 862 501 863 501 864 501 938 501 938 501 864 501 865 501 938 501 865 501 940 501 940 501 865 501 866 501 857 501 937 501 856 501 856 501 937 501 941 501 856 501 941 501 855 501 825 501 826 501 908 501 907 501 942 501 908 501 908 501 942 501 943 501 908 501 943 501 825 501 944 501 939 501 821 501 821 501 822 501 944 501 944 501 822 501 823 501 944 501 823 501 943 501 943 501 823 501 824 501 943 501 824 501 825 501 829 501 936 501 828 501 828 501 936 501 945 501 828 501 945 501 827 501 827 501 945 501 826 501 829 501 830 501 936 501 936 501 830 501 819 501 936 501 819 501 939 501 939 501 819 501 820 501 939 501 820 501 821 501 754 501 915 501 905 501 905 501 915 501 914 501 905 501 914 501 903 501 754 501 905 501 753 501 753 501 905 501 909 501 753 501 909 501 752 501 946 501 749 501 947 501 947 501 749 501 750 501 947 501 750 501 751 501 757 501 917 501 756 501 756 501 917 501 915 501 756 501 915 501 755 501 755 501 915 501 754 501 758 501 747 501 946 501 946 501 747 501 748 501 946 501 748 501 749 501 716 501 717 501 946 501 946 501 717 501 917 501 946 501 917 501 758 501 758 501 917 501 757 501 948 501 714 501 946 501 946 501 714 501 715 501 946 501 715 501 716 501 717 501 718 501 917 501 917 501 718 501 719 501 917 501 719 501 919 501 919 501 719 501 720 501 720 501 721 501 919 501 919 501 721 501 921 501 919 501 921 501 920 501 920 501 921 501 923 501 721 501 722 501 921 501 921 501 722 501 711 501 921 501 711 501 925 501 925 501 711 501 712 501 925 501 712 501 948 501 948 501 712 501 713 501 948 501 713 501 714 501 673 501 947 501 671 501 671 501 947 501 949 501 671 501 949 501 669 501 669 501 949 501 667 501 667 501 949 501 665 501 665 501 949 501 945 501 665 501 945 501 663 501 663 501 945 501 936 501 663 501 936 501 661 501 661 501 936 501 938 501 661 501 938 501 659 501 683 501 685 501 948 501 655 501 657 501 950 501 673 501 675 501 947 501 947 501 675 501 677 501 947 501 677 501 946 501 946 501 677 501 679 501 946 501 679 501 948 501 948 501 679 501 681 501 948 501 681 501 683 501 892 501 893 501 930 501 930 501 893 501 951 501 900 501 928 501 925 501 925 501 928 501 927 501 925 501 927 501 926 501 893 501 894 501 951 501 951 501 894 501 895 501 951 501 895 501 896 501 897 501 898 501 925 501 925 501 898 501 899 501 925 501 899 501 900 501 900 501 901 501 928 501 928 501 901 501 902 501 928 501 902 501 930 501 930 501 902 501 891 501 930 501 891 501 892 501 685 501 655 501 948 501 948 501 655 501 950 501 948 501 950 501 925 501 925 501 950 501 951 501 925 501 951 501 897 501 897 501 951 501 896 501 657 501 659 501 950 501 950 501 659 501 938 501 950 501 938 501 951 501 951 501 938 501 940 501 951 501 940 501 930 501 930 501 940 501 952 501 930 501 952 501 931 501 931 501 952 501 953 501 826 501 945 501 908 501 908 501 945 501 949 501 908 501 949 501 906 501 906 501 949 501 947 501 906 501 947 501 909 501 909 501 947 501 751 501 909 501 751 501 752 501 866 501 855 501 940 501 940 501 855 501 941 501 940 501 941 501 952 501 952 501 941 501 934 501 952 501 934 501 953 501 953 501 934 501 935 501 942 501 954 501 943 501 943 501 954 501 955 501 943 501 955 501 944 501 944 501 955 501 956 501 944 501 956 501 939 501 939 501 956 501 957 501 939 501 957 501 937 501 937 501 957 501 958 501 937 501 958 501 941 501 941 501 958 501 959 501 941 501 959 501 934 501 934 501 959 501 932 501 934 501 932 501 649 501 649 501 932 501 648 501 960 502 933 502 932 502 932 503 959 503 961 503 961 503 959 503 958 503 961 504 958 504 962 504 962 505 958 505 957 505 957 505 956 505 962 505 962 505 956 505 955 505 962 505 955 505 954 505 963 506 964 506 965 506 960 507 932 507 966 507 966 503 932 503 961 503 966 508 961 508 967 508 967 509 961 509 965 509 965 510 961 510 968 510 965 511 968 511 963 511 969 512 589 512 613 512 618 513 970 513 617 513 617 514 970 514 971 514 617 515 971 515 616 515 616 516 971 516 965 516 616 517 965 517 615 517 615 517 965 517 964 517 615 517 964 517 614 517 614 517 964 517 613 517 613 518 964 518 972 518 613 519 972 519 969 519 973 520 974 520 975 520 970 521 976 521 971 521 971 522 976 522 977 522 971 523 977 523 965 523 965 524 977 524 978 524 978 525 977 525 979 525 978 526 979 526 966 526 966 527 979 527 980 527 966 528 980 528 960 528 981 529 982 529 983 529 983 530 982 530 984 530 983 531 984 531 985 531 985 532 984 532 986 532 985 533 986 533 987 533 987 534 986 534 988 534 987 535 988 535 989 535 981 536 983 536 990 536 990 537 983 537 975 537 990 538 975 538 991 538 991 539 975 539 992 539 992 540 975 540 974 540 992 541 974 541 993 541 933 542 960 542 994 542 994 543 960 543 980 543 994 544 980 544 995 544 989 535 995 535 987 535 987 545 995 545 980 545 987 546 980 546 985 546 985 547 980 547 979 547 985 548 979 548 983 548 983 549 979 549 977 549 983 550 977 550 975 550 975 551 977 551 976 551 975 552 976 552 973 552 973 553 976 553 970 553 973 554 970 554 618 554 989 555 988 555 996 555 996 556 997 556 989 556 989 557 997 557 998 557 989 558 998 558 999 558 999 559 1000 559 989 559 989 560 1000 560 1001 560 989 561 1001 561 995 561 995 561 1001 561 926 561 995 561 926 561 994 561 926 562 927 562 994 562 994 563 927 563 929 563 994 564 929 564 931 564 931 565 953 565 994 565 994 566 953 566 935 566 994 555 935 555 933 555 926 567 1001 567 1002 567 926 567 1002 567 924 567 924 568 1002 568 1003 568 924 568 1003 568 922 568 922 569 1003 569 1004 569 922 569 1004 569 923 569 923 570 1004 570 1005 570 923 570 1005 570 920 570 920 571 1005 571 1006 571 920 571 1006 571 918 571 918 572 1006 572 1007 572 918 572 1007 572 916 572 916 573 1007 573 1008 573 916 573 1008 573 914 573 914 574 1008 574 1009 574 914 574 1009 574 903 574 903 575 1009 575 1010 575 903 575 1010 575 904 575 904 576 1010 576 1011 576 904 576 1011 576 913 576 913 577 1011 577 1012 577 913 577 1012 577 912 577 912 578 1012 578 1013 578 912 578 1013 578 911 578 911 579 1013 579 1014 579 911 579 1014 579 910 579 910 580 1014 580 1015 580 910 580 1015 580 907 580 1016 581 1017 581 1018 581 1018 582 1017 582 1015 582 907 583 1019 583 942 583 942 584 1019 584 954 584 1015 585 1017 585 907 585 907 585 1017 585 1020 585 907 585 1020 585 1019 585 682 351 680 351 1021 351 1011 351 1010 351 1022 351 1001 351 1000 351 1023 351 640 351 638 351 1024 351 634 351 632 351 1025 351 1025 351 632 351 630 351 1025 351 630 351 988 351 988 351 630 351 628 351 988 351 628 351 626 351 1024 351 638 351 1025 351 1025 351 638 351 636 351 1025 351 636 351 634 351 626 351 624 351 988 351 988 351 624 351 622 351 988 351 622 351 996 351 996 351 622 351 620 351 996 351 620 351 642 351 1000 351 999 351 1023 351 1023 351 999 351 998 351 1023 351 998 351 1026 351 1026 351 998 351 997 351 1026 351 997 351 1027 351 1027 351 997 351 996 351 1027 351 996 351 1024 351 1024 351 996 351 642 351 1024 351 642 351 640 351 1028 351 1003 351 1029 351 1029 351 1003 351 1002 351 1029 351 1002 351 1001 351 1030 351 1006 351 1005 351 1007 351 1031 351 1008 351 1008 351 1031 351 1022 351 1008 351 1022 351 1009 351 1009 351 1022 351 1010 351 762 351 760 351 1032 351 1032 351 760 351 782 351 1032 351 782 351 1012 351 776 351 774 351 1015 351 762 351 1032 351 764 351 764 351 1032 351 1033 351 764 351 1033 351 766 351 782 351 780 351 1012 351 1012 351 780 351 778 351 1012 351 778 351 1013 351 1013 351 778 351 776 351 1013 351 776 351 1014 351 1014 351 776 351 1015 351 774 351 772 351 1015 351 1015 351 772 351 770 351 1015 351 770 351 1033 351 1033 351 770 351 768 351 1033 351 768 351 766 351 1033 351 1034 351 1015 351 1015 351 1034 351 1035 351 1015 351 1035 351 1018 351 1036 351 1016 351 1018 351 1021 351 680 351 1037 351 1037 351 680 351 678 351 1037 351 678 351 676 351 676 351 674 351 1037 351 1037 351 674 351 672 351 1037 351 672 351 1038 351 660 351 658 351 1039 351 1039 351 658 351 656 351 1039 351 656 351 1040 351 1040 351 656 351 686 351 1040 351 686 351 684 351 666 351 664 351 1041 351 1041 351 664 351 662 351 672 351 670 351 1038 351 1038 351 670 351 668 351 1038 351 668 351 1042 351 834 351 832 351 1043 351 1043 351 832 351 854 351 660 351 1039 351 662 351 662 351 1039 351 1043 351 662 351 1043 351 1041 351 1041 351 1043 351 854 351 1041 351 854 351 852 351 852 351 850 351 1041 351 1041 351 850 351 848 351 1041 351 848 351 1044 351 848 351 846 351 1044 351 1044 351 846 351 844 351 1044 351 844 351 1045 351 836 351 1046 351 1047 351 844 351 842 351 1045 351 1045 351 842 351 840 351 1045 351 840 351 1047 351 1047 351 840 351 838 351 1047 351 838 351 836 351 798 351 796 351 1041 351 1044 351 1048 351 806 351 668 351 666 351 1042 351 1042 351 666 351 1041 351 1042 351 1041 351 818 351 818 351 1041 351 796 351 806 351 804 351 1044 351 1044 351 804 351 802 351 1044 351 802 351 1041 351 1041 351 802 351 800 351 1041 351 800 351 798 351 816 351 814 351 1034 351 1034 351 814 351 812 351 1034 351 812 351 1035 351 1035 351 812 351 810 351 1035 351 810 351 1048 351 1048 351 810 351 808 351 1048 351 808 351 806 351 732 351 1021 351 734 351 734 351 1021 351 1037 351 734 351 1037 351 736 351 736 351 1037 351 738 351 724 351 1031 351 1030 351 1030 351 1031 351 1007 351 1030 351 1007 351 1006 351 732 351 730 351 1021 351 1021 351 730 351 728 351 1021 351 728 351 1030 351 1030 351 728 351 726 351 1030 351 726 351 724 351 1012 351 1011 351 1032 351 1032 351 1011 351 1022 351 1032 351 1022 351 740 351 724 351 746 351 1031 351 1031 351 746 351 744 351 1031 351 744 351 1022 351 1022 351 744 351 742 351 1022 351 742 351 740 351 1021 351 702 351 700 351 710 351 1030 351 1049 351 1049 351 1030 351 1005 351 1049 351 1005 351 1028 351 1028 351 1005 351 1004 351 1028 351 1004 351 1003 351 710 351 708 351 1030 351 1030 351 708 351 706 351 1030 351 706 351 1021 351 1021 351 706 351 704 351 1021 351 704 351 702 351 684 351 682 351 1040 351 1040 351 682 351 1021 351 1040 351 1021 351 698 351 698 351 1021 351 700 351 696 351 694 351 1029 351 1029 351 694 351 692 351 1029 351 692 351 1028 351 1028 351 692 351 690 351 1028 351 690 351 1049 351 1049 351 690 351 688 351 1049 351 688 351 710 351 1018 351 1035 351 1036 351 1036 351 1035 351 1048 351 1036 351 1048 351 1050 351 1050 351 1048 351 1044 351 1050 351 1044 351 1051 351 1051 351 1044 351 1045 351 1051 351 1045 351 1052 351 1052 351 1045 351 1047 351 1052 351 1047 351 1053 351 878 351 876 351 1026 351 1029 351 890 351 888 351 1001 351 1023 351 1029 351 1029 351 1023 351 868 351 1029 351 868 351 890 351 888 351 886 351 1029 351 1029 351 886 351 884 351 1029 351 884 351 1054 351 1054 351 884 351 882 351 1054 351 882 351 880 351 876 351 874 351 1026 351 1026 351 874 351 872 351 1026 351 872 351 1023 351 1023 351 872 351 870 351 1023 351 870 351 868 351 880 351 878 351 1054 351 1054 351 878 351 1026 351 1054 351 1026 351 1046 351 1046 351 1026 351 1027 351 1046 351 1027 351 1047 351 1047 351 1027 351 1024 351 1047 351 1024 351 1053 351 1053 351 1024 351 1025 351 836 351 834 351 1046 351 1046 351 834 351 1043 351 1046 351 1043 351 1054 351 1054 351 1043 351 1039 351 1054 351 1039 351 1029 351 1029 351 1039 351 1040 351 1029 351 1040 351 696 351 696 351 1040 351 698 351 818 351 816 351 1042 351 1042 351 816 351 1034 351 1042 351 1034 351 1038 351 1038 351 1034 351 1033 351 1038 351 1033 351 1037 351 1037 351 1033 351 1032 351 1037 351 1032 351 738 351 738 351 1032 351 740 351 1055 586 1016 586 1036 586 1050 587 1056 587 1036 587 1036 588 1056 588 1057 588 1036 589 1057 589 1055 589 1050 587 1051 587 1056 587 1056 587 1051 587 1052 587 1056 587 1052 587 1053 587 988 590 986 590 1025 590 1025 590 986 590 1053 590 1053 591 986 591 1056 591 1056 592 986 592 1058 592 1056 593 1058 593 1059 593 1059 594 1058 594 982 594 1059 595 982 595 1060 595 982 596 981 596 1060 596 1060 597 981 597 990 597 1060 598 990 598 1061 598 1061 599 990 599 1062 599 992 600 993 600 1063 600 1064 601 990 601 1063 601 1063 602 990 602 991 602 1063 603 991 603 992 603 1065 604 1062 604 1066 604 1066 605 1062 605 990 605 1066 601 990 601 1067 601 1067 601 990 601 1064 601 969 606 972 606 1068 606 954 607 1019 607 1069 607 1070 608 961 608 1069 608 1069 609 961 609 962 609 1069 610 962 610 954 610 1069 611 1071 611 1070 611 1070 612 1071 612 1072 612 1070 613 1072 613 963 613 1068 614 972 614 1072 614 1072 615 972 615 964 615 1072 616 964 616 963 616 1065 617 1073 617 1062 617 1062 618 1073 618 1074 618 1062 619 1074 619 1061 619 1061 620 1074 620 1060 620 1060 621 1074 621 1075 621 1060 622 1075 622 1059 622 1059 623 1075 623 1076 623 1059 624 1076 624 1056 624 1077 625 1020 625 1017 625 1056 626 1076 626 1078 626 1078 627 1076 627 1077 627 1078 628 1077 628 1055 628 1055 629 1077 629 1017 629 1055 630 1017 630 1016 630 1073 631 1079 631 1068 631 1068 631 1079 631 589 631 1068 632 589 632 969 632 1073 633 1068 633 1074 633 1074 634 1068 634 1072 634 1074 635 1072 635 1075 635 1075 636 1072 636 1071 636 1075 637 1071 637 1076 637 1076 638 1071 638 1069 638 1076 639 1069 639 1077 639 1077 640 1069 640 1019 640 1077 625 1019 625 1020 625 590 2 589 2 1079 2 1073 2 1080 2 1079 2 1079 2 1080 2 1081 2 1081 2 586 2 593 2 1065 2 1082 2 1073 2 1073 2 1082 2 1083 2 1073 2 1083 2 1080 2 1080 2 1083 2 1084 2 1080 2 1084 2 1085 2 1081 2 593 2 1079 2 1079 2 593 2 599 2 1079 2 599 2 590 2 1081 641 1080 641 1086 641 1087 642 578 642 579 642 578 643 1087 643 573 643 573 644 1087 644 1088 644 573 645 1088 645 574 645 574 646 1088 646 1089 646 574 647 1089 647 1090 647 1090 648 1089 648 571 648 571 649 1089 649 1091 649 571 650 1091 650 572 650 1092 651 1093 651 1094 651 1094 625 1093 625 1095 625 1092 652 1094 652 1096 652 1096 653 1094 653 1097 653 1096 654 1097 654 1098 654 1098 655 1097 655 1099 655 1098 656 1099 656 1100 656 1100 657 1099 657 1101 657 1101 658 1099 658 1086 658 1101 659 1086 659 1102 659 1102 660 1086 660 1103 660 1103 661 1086 661 1080 661 1103 662 1080 662 1085 662 538 663 572 663 1104 663 1104 664 572 664 1091 664 1104 607 1091 607 1105 607 1095 625 1105 625 1094 625 1094 665 1105 665 1091 665 1094 666 1091 666 1097 666 1097 667 1091 667 1089 667 1097 668 1089 668 1099 668 1099 669 1089 669 1088 669 1099 670 1088 670 1086 670 1086 671 1088 671 1087 671 1086 672 1087 672 1081 672 1081 673 1087 673 579 673 1081 674 579 674 586 674 538 584 1104 584 536 584 536 675 1104 675 532 675 532 585 1104 585 1106 585 1106 585 1104 585 1105 585 1106 676 1105 676 1107 676 1107 584 1105 584 1095 584 1107 581 1095 581 1093 581 532 580 1106 580 1108 580 532 580 1108 580 531 580 531 579 1108 579 1109 579 531 579 1109 579 530 579 530 578 1109 578 1110 578 530 578 1110 578 529 578 529 577 1110 577 1111 577 529 577 1111 577 514 577 514 576 1111 576 1112 576 514 576 1112 576 515 576 515 575 1112 575 1113 575 515 575 1113 575 528 575 528 574 1113 574 1114 574 528 574 1114 574 527 574 527 573 1114 573 1115 573 527 573 1115 573 525 573 525 572 1115 572 1116 572 525 572 1116 572 523 572 523 571 1116 571 1117 571 523 571 1117 571 524 571 524 570 1117 570 1118 570 524 570 1118 570 559 570 559 569 1118 569 1119 569 559 569 1119 569 518 569 518 568 1119 568 1120 568 518 568 1120 568 520 568 520 567 1120 567 1121 567 520 567 1121 567 521 567 1122 555 540 555 512 555 1123 677 1124 677 1125 677 1125 678 1124 678 1126 678 1125 679 1126 679 1127 679 512 680 547 680 1122 680 1122 681 547 681 545 681 1122 682 545 682 543 682 1127 683 1128 683 1125 683 1125 684 1128 684 1129 684 1125 555 1129 555 1130 555 543 685 542 685 1122 685 1122 686 542 686 521 686 1122 561 521 561 1123 561 1123 561 521 561 1121 561 1123 687 1121 687 1124 687 427 501 425 501 1131 501 307 501 305 501 1132 501 291 501 289 501 1133 501 1120 501 1119 501 1134 501 1115 501 1114 501 1135 501 1135 501 1114 501 1136 501 489 501 487 501 1137 501 1137 501 487 501 1106 501 1137 501 1106 501 1138 501 487 501 485 501 1106 501 1106 501 485 501 483 501 1106 501 483 501 1108 501 1108 501 483 501 481 501 1108 501 481 501 1109 501 1109 501 481 501 479 501 1109 501 479 501 1110 501 1110 501 479 501 477 501 1110 501 477 501 1139 501 1139 501 477 501 499 501 1139 501 499 501 497 501 497 501 495 501 1139 501 1139 501 495 501 493 501 1139 501 493 501 1137 501 1137 501 493 501 491 501 1137 501 491 501 489 501 1114 501 1113 501 1136 501 1136 501 1113 501 1112 501 1136 501 1112 501 1139 501 1139 501 1112 501 1111 501 1139 501 1111 501 1110 501 1116 501 1140 501 1117 501 1117 501 1140 501 1134 501 1117 501 1134 501 1118 501 1118 501 1134 501 1119 501 1124 501 1121 501 1141 501 1141 501 1121 501 1120 501 1142 501 1143 501 1126 501 1126 501 1143 501 1127 501 245 501 243 501 1130 501 245 501 1130 501 247 501 247 501 1130 501 1129 501 247 501 1129 501 249 501 243 501 241 501 1130 501 1130 501 241 501 239 501 1130 501 239 501 1144 501 1144 501 239 501 237 501 1144 501 237 501 235 501 233 501 231 501 1145 501 1145 501 231 501 229 501 1145 501 229 501 1129 501 1129 501 229 501 251 501 1129 501 251 501 249 501 1133 501 289 501 1146 501 1146 501 289 501 287 501 1146 501 287 501 285 501 285 501 283 501 1146 501 1146 501 283 501 281 501 1146 501 281 501 1147 501 269 501 267 501 1148 501 1148 501 267 501 265 501 1148 501 265 501 1132 501 1132 501 265 501 295 501 1132 501 295 501 293 501 275 501 273 501 1149 501 1149 501 273 501 271 501 281 501 279 501 1147 501 1147 501 279 501 277 501 1147 501 277 501 1131 501 341 501 1133 501 343 501 343 501 1133 501 1146 501 343 501 1146 501 345 501 345 501 1146 501 347 501 333 501 1140 501 1150 501 1150 501 1140 501 1116 501 1150 501 1116 501 1115 501 341 501 339 501 1133 501 1133 501 339 501 337 501 1133 501 337 501 1150 501 1150 501 337 501 335 501 1150 501 335 501 333 501 1120 501 1134 501 1141 501 1141 501 1134 501 349 501 1141 501 349 501 347 501 333 501 355 501 1140 501 1140 501 355 501 353 501 1140 501 353 501 1134 501 1134 501 353 501 351 501 1134 501 351 501 349 501 311 501 309 501 1133 501 317 501 315 501 1150 501 293 501 291 501 1132 501 1132 501 291 501 1133 501 1132 501 1133 501 307 501 307 501 1133 501 309 501 1150 501 315 501 1133 501 1133 501 315 501 313 501 1133 501 313 501 311 501 1115 501 1135 501 1150 501 1150 501 1135 501 319 501 1150 501 319 501 317 501 305 501 303 501 1139 501 1139 501 303 501 301 501 1139 501 301 501 1136 501 1136 501 301 501 299 501 1136 501 299 501 1135 501 1135 501 299 501 297 501 1135 501 297 501 319 501 1151 501 1152 501 453 501 1153 501 441 501 463 501 269 501 1148 501 271 501 271 501 1148 501 1153 501 271 501 1153 501 1149 501 1149 501 1153 501 463 501 1149 501 463 501 461 501 461 501 459 501 1149 501 1149 501 459 501 457 501 1149 501 457 501 1152 501 1152 501 457 501 455 501 1152 501 455 501 453 501 445 501 443 501 1138 501 1106 501 1107 501 1138 501 1138 501 1107 501 1154 501 1138 501 1154 501 445 501 453 501 451 501 1151 501 1151 501 451 501 449 501 1151 501 449 501 1154 501 1154 501 449 501 447 501 1154 501 447 501 445 501 1155 501 417 501 415 501 407 501 405 501 1149 501 1155 501 415 501 1152 501 277 501 275 501 1131 501 1131 501 275 501 1149 501 1131 501 1149 501 427 501 427 501 1149 501 405 501 415 501 413 501 1152 501 1152 501 413 501 411 501 1152 501 411 501 1149 501 1149 501 411 501 409 501 1149 501 409 501 407 501 417 501 1155 501 419 501 419 501 1155 501 1156 501 419 501 1156 501 421 501 1129 501 1128 501 1145 501 1145 501 1128 501 1157 501 1145 501 1157 501 1156 501 1156 501 1157 501 1158 501 1156 501 1158 501 421 501 421 501 1158 501 423 501 1128 501 1127 501 1157 501 1157 501 1127 501 1143 501 1157 501 1143 501 1158 501 1158 501 1143 501 1159 501 369 501 391 501 1141 501 1141 501 391 501 1142 501 1141 501 1142 501 1124 501 1124 501 1142 501 1126 501 383 501 381 501 1143 501 1143 501 381 501 379 501 1143 501 379 501 1159 501 1159 501 379 501 377 501 377 501 375 501 1159 501 1159 501 375 501 373 501 1159 501 373 501 1141 501 1141 501 373 501 371 501 1141 501 371 501 369 501 391 501 389 501 1142 501 1142 501 389 501 387 501 1142 501 387 501 1143 501 1143 501 387 501 385 501 1143 501 385 501 383 501 347 501 1146 501 1141 501 1141 501 1146 501 1147 501 1141 501 1147 501 1159 501 1159 501 1147 501 1131 501 1159 501 1131 501 1158 501 1158 501 1131 501 425 501 1158 501 425 501 423 501 235 501 233 501 1144 501 1144 501 233 501 1145 501 1144 501 1145 501 1160 501 1160 501 1145 501 1156 501 1160 501 1156 501 1161 501 1161 501 1156 501 1155 501 1161 501 1155 501 1162 501 1162 501 1155 501 1152 501 1162 501 1152 501 1163 501 1163 501 1152 501 1151 501 1163 501 1151 501 1164 501 1164 501 1151 501 1154 501 1164 501 1154 501 1093 501 1093 501 1154 501 1107 501 305 501 1139 501 1132 501 1132 501 1139 501 1137 501 1132 501 1137 501 1148 501 1148 501 1137 501 1138 501 1148 501 1138 501 1153 501 1153 501 1138 501 443 501 1153 501 443 501 441 501 1098 688 1165 688 1166 688 1166 689 1130 689 1144 689 1166 690 1144 690 1098 690 1098 691 1144 691 1160 691 1098 691 1160 691 1161 691 1162 692 1092 692 1161 692 1161 693 1092 693 1167 693 1161 694 1167 694 1098 694 1162 692 1163 692 1092 692 1092 692 1163 692 1164 692 1092 692 1164 692 1093 692 1168 695 1169 695 1100 695 1100 696 1169 696 1098 696 1098 697 1169 697 1170 697 1098 698 1170 698 1165 698 1100 699 1101 699 1168 699 1168 700 1101 700 1102 700 1168 701 1102 701 1103 701 1171 702 1168 702 1172 702 1172 703 1168 703 1103 703 1172 704 1103 704 1085 704 1173 705 1174 705 1175 705 1171 702 1176 702 1168 702 1168 702 1176 702 1173 702 1168 706 1173 706 1177 706 1177 707 1173 707 1175 707 570 708 569 708 1178 708 1178 709 569 709 540 709 1178 544 540 544 1122 544 570 710 1178 710 1179 710 1179 711 1178 711 1180 711 1179 712 1180 712 577 712 577 713 1180 713 1181 713 577 714 1181 714 583 714 583 715 1181 715 1182 715 583 716 1182 716 580 716 1174 717 1183 717 1175 717 1175 718 1183 718 1184 718 1175 719 1184 719 1177 719 1177 720 1184 720 1168 720 1168 721 1184 721 1185 721 1168 722 1185 722 1169 722 1186 535 1123 535 1125 535 1169 723 1185 723 1170 723 1170 724 1185 724 1187 724 1170 725 1187 725 1188 725 1188 726 1187 726 1186 726 1188 727 1186 727 1166 727 1166 728 1186 728 1125 728 1166 729 1125 729 1130 729 1183 730 1189 730 1182 730 1182 730 1189 730 581 730 1182 731 581 731 580 731 1183 732 1182 732 1184 732 1184 733 1182 733 1181 733 1184 734 1181 734 1185 734 1185 735 1181 735 1180 735 1185 736 1180 736 1187 736 1187 737 1180 737 1178 737 1187 738 1178 738 1186 738 1186 739 1178 739 1122 739 1186 535 1122 535 1123 535 973 740 618 740 612 740 1183 740 1174 740 1190 740 1191 740 993 740 974 740 610 740 581 740 1189 740 1189 740 1183 740 610 740 610 740 1183 740 1190 740 610 740 1190 740 611 740 611 740 1190 740 1192 740 611 740 1192 740 612 740 612 740 1192 740 1191 740 612 740 1191 740 973 740 973 740 1191 740 974 740 194 741 196 741 1193 741 1063 741 993 741 1191 741 1064 741 1063 741 1194 741 1067 741 1064 741 1195 741 1065 741 1066 741 1196 741 1196 741 1066 741 1197 741 158 741 160 741 1193 741 174 741 176 741 1196 741 1196 741 176 741 154 741 1196 741 154 741 1193 741 1193 741 154 741 156 741 1193 741 156 741 158 741 160 741 162 741 1198 741 1197 741 170 741 1196 741 1196 741 170 741 172 741 1196 741 172 741 174 741 162 741 164 741 1198 741 1198 741 164 741 166 741 1198 741 166 741 1197 741 1197 741 166 741 168 741 1197 741 168 741 170 741 134 741 136 741 1195 741 1195 741 136 741 1197 741 1195 741 1197 741 1067 741 1067 741 1197 741 1066 741 136 741 138 741 1197 741 1197 741 138 741 140 741 1197 741 140 741 1198 741 1198 741 140 741 118 741 1198 741 118 741 120 741 122 741 124 741 1199 741 1199 741 124 741 126 741 126 741 128 741 1199 741 1199 741 128 741 130 741 1199 741 130 741 1195 741 1195 741 130 741 132 741 1195 741 132 741 134 741 1065 741 1196 741 1082 741 1082 741 1196 741 1193 741 1082 741 1193 741 1083 741 1083 741 1193 741 196 741 1083 741 196 741 198 741 198 741 200 741 1083 741 1083 741 200 741 1200 741 1083 741 1200 741 1084 741 1084 741 1200 741 204 741 1084 741 204 741 206 741 206 741 208 741 1201 741 1201 741 208 741 210 741 210 741 212 741 1201 741 1201 741 212 741 190 741 1201 741 190 741 1193 741 1193 741 190 741 192 741 1193 741 192 741 194 741 1202 741 1203 741 1198 741 1064 741 1194 741 1195 741 1195 741 1194 741 1204 741 1195 741 1204 741 1199 741 1199 741 1204 741 84 741 1199 741 84 741 86 741 86 741 88 741 1199 741 1199 741 88 741 90 741 1199 741 90 741 1205 741 120 741 122 741 1198 741 1198 741 122 741 1199 741 1198 741 1199 741 1202 741 1202 741 1199 741 1205 741 1202 741 1205 741 94 741 94 741 96 741 1202 741 1202 741 96 741 98 741 1202 741 98 741 1206 741 1206 741 98 741 100 741 100 741 102 741 1206 741 1206 741 102 741 80 741 1206 741 80 741 1204 741 1204 741 80 741 82 741 1204 741 82 741 84 741 206 741 1201 741 1084 741 1084 741 1201 741 1172 741 1084 741 1172 741 1085 741 24 741 26 741 1172 741 1172 741 26 741 1171 741 1201 741 14 741 16 741 1203 741 10 741 12 741 16 741 18 741 1201 741 1201 741 18 741 20 741 1201 741 20 741 1172 741 1172 741 20 741 22 741 1172 741 22 741 24 741 26 741 28 741 1171 741 1171 741 28 741 30 741 1171 741 30 741 1203 741 1203 741 30 741 8 741 1203 741 8 741 10 741 160 741 1198 741 1193 741 1193 741 1198 741 1203 741 1193 741 1203 741 1201 741 1201 741 1203 741 12 741 1201 741 12 741 14 741 1202 741 44 741 46 741 1176 741 1171 741 60 741 60 741 62 741 1176 741 1176 741 62 741 64 741 1176 741 64 741 66 741 52 741 1203 741 50 741 50 741 1203 741 1202 741 50 741 1202 741 48 741 48 741 1202 741 46 741 52 741 54 741 1203 741 1203 741 54 741 56 741 1203 741 56 741 1171 741 1171 741 56 741 58 741 1171 741 58 741 60 741 1206 741 1173 741 1202 741 1202 741 1173 741 1176 741 1202 741 1176 741 44 741 44 741 1176 741 66 741 1063 741 1191 741 1194 741 1194 741 1191 741 1192 741 1194 741 1192 741 1204 741 1204 741 1192 741 1190 741 1204 741 1190 741 1206 741 1206 741 1190 741 1174 741 1206 741 1174 741 1173 741</p>
        </triangles>
        <triangles material="hardware_black-symbol" count="356">
          <input semantic="VERTEX" source="#link1-vertices" offset="0" />
          <input semantic="NORMAL" source="#link1-normals" offset="1" />
          <p>1207 742 1208 742 1209 742 1209 743 1208 743 1210 743 1211 744 1212 744 1213 744 1214 745 1215 745 1216 745 1216 746 1215 746 1217 746 1216 747 1217 747 1218 747 1218 748 1217 748 1209 748 1209 749 1217 749 1219 749 1209 750 1219 750 1207 750 1220 751 1221 751 1222 751 1222 752 1221 752 1223 752 1223 753 1224 753 1222 753 1222 754 1224 754 1225 754 1222 755 1225 755 1226 755 1227 756 1228 756 1229 756 1229 757 1228 757 1210 757 1229 758 1210 758 1213 758 1213 759 1210 759 1208 759 1213 760 1208 760 1211 760 1211 761 1208 761 1221 761 1211 762 1221 762 1230 762 1230 763 1221 763 1220 763 1231 764 1232 764 1212 764 1212 765 1232 765 1233 765 1212 766 1233 766 1213 766 1229 767 1234 767 1235 767 1235 768 1236 768 1229 768 1229 769 1236 769 1237 769 1229 770 1237 770 1227 770 1238 771 1239 771 1240 771 1240 772 1239 772 1241 772 1240 773 1241 773 1231 773 1231 774 1241 774 1242 774 1231 775 1242 775 1232 775 1209 501 1210 501 1243 501 1243 501 1210 501 1244 501 1245 776 1208 776 1207 776 1245 777 1207 777 1246 777 1246 778 1207 778 1219 778 1246 779 1219 779 1247 779 1247 780 1219 780 1217 780 1247 781 1217 781 1248 781 1248 782 1217 782 1215 782 1248 783 1215 783 1249 783 1249 784 1215 784 1214 784 1249 785 1214 785 1250 785 1250 786 1214 786 1216 786 1250 787 1216 787 1251 787 1251 788 1216 788 1218 788 1251 789 1218 789 1252 789 1252 790 1218 790 1209 790 1252 791 1209 791 1243 791 1221 792 1208 792 1253 792 1253 792 1208 792 1245 792 1254 793 1211 793 1230 793 1254 794 1230 794 1255 794 1255 795 1230 795 1220 795 1255 796 1220 796 1256 796 1256 797 1220 797 1222 797 1256 798 1222 798 1257 798 1257 799 1222 799 1226 799 1257 800 1226 800 1258 800 1258 801 1226 801 1225 801 1258 802 1225 802 1259 802 1259 803 1225 803 1224 803 1259 804 1224 804 1260 804 1260 805 1224 805 1223 805 1260 806 1223 806 1261 806 1261 807 1223 807 1221 807 1261 808 1221 808 1253 808 1212 351 1211 351 1262 351 1262 351 1211 351 1254 351 1263 809 1233 809 1232 809 1263 810 1232 810 1264 810 1264 811 1232 811 1242 811 1264 812 1242 812 1265 812 1265 813 1242 813 1241 813 1265 814 1241 814 1266 814 1266 815 1241 815 1239 815 1266 816 1239 816 1267 816 1267 817 1239 817 1238 817 1267 818 1238 818 1268 818 1268 819 1238 819 1240 819 1268 819 1240 819 1269 819 1269 820 1240 820 1231 820 1269 820 1231 820 1270 820 1270 821 1231 821 1212 821 1270 822 1212 822 1262 822 1213 823 1233 823 1271 823 1271 823 1233 823 1263 823 1244 824 1210 824 1228 824 1244 825 1228 825 1272 825 1272 826 1228 826 1227 826 1272 826 1227 826 1273 826 1273 827 1227 827 1237 827 1273 827 1237 827 1274 827 1274 828 1237 828 1236 828 1274 829 1236 829 1275 829 1275 830 1236 830 1235 830 1275 831 1235 831 1276 831 1276 832 1235 832 1234 832 1276 833 1234 833 1277 833 1277 834 1234 834 1229 834 1277 835 1229 835 1278 835 1278 836 1229 836 1213 836 1278 837 1213 837 1271 837 1271 838 1263 838 1244 838 1244 839 1263 839 1243 839 1262 840 1254 840 1253 840 1253 841 1254 841 1255 841 1260 842 1257 842 1259 842 1259 843 1257 843 1258 843 1255 844 1256 844 1253 844 1253 845 1256 845 1257 845 1253 846 1257 846 1261 846 1261 847 1257 847 1260 847 1273 848 1274 848 1278 848 1264 849 1265 849 1262 849 1262 850 1265 850 1266 850 1262 851 1266 851 1270 851 1264 852 1262 852 1263 852 1263 853 1262 853 1253 853 1263 854 1253 854 1243 854 1243 838 1253 838 1245 838 1243 852 1245 852 1246 852 1246 855 1247 855 1243 855 1243 856 1247 856 1248 856 1243 851 1248 851 1252 851 1271 857 1244 857 1278 857 1278 858 1244 858 1272 858 1278 859 1272 859 1273 859 1274 860 1275 860 1278 860 1278 861 1275 861 1276 861 1278 862 1276 862 1277 862 1270 863 1266 863 1269 863 1269 864 1266 864 1267 864 1269 865 1267 865 1268 865 1252 866 1248 866 1251 866 1251 867 1248 867 1249 867 1251 868 1249 868 1250 868 1279 740 1280 740 1281 740 1281 740 1280 740 1282 740 1283 869 1284 869 1285 869 1285 869 1284 869 1286 869 1285 870 1286 870 1287 870 1287 870 1286 870 1288 870 1287 871 1288 871 1289 871 1289 871 1288 871 1290 871 1289 872 1290 872 1291 872 1291 872 1290 872 1292 872 1291 873 1292 873 1293 873 1293 873 1292 873 1294 873 1295 2 1296 2 1294 2 1294 2 1296 2 1293 2 1296 874 1295 874 1297 874 1297 874 1295 874 1298 874 1297 875 1298 875 1299 875 1299 875 1298 875 1300 875 1299 876 1300 876 1301 876 1301 876 1300 876 1302 876 1301 877 1302 877 1303 877 1303 877 1302 877 1304 877 1303 878 1304 878 1305 878 1305 878 1304 878 1306 878 1305 351 1306 351 1307 351 1307 351 1306 351 1308 351 1307 879 1308 879 1309 879 1309 879 1308 879 1310 879 1309 880 1310 880 1311 880 1311 880 1310 880 1312 880 1311 881 1312 881 1313 881 1313 881 1312 881 1314 881 1313 882 1314 882 1315 882 1315 882 1314 882 1316 882 1315 883 1316 883 1282 883 1282 883 1316 883 1281 883 1295 0 1294 0 1284 0 1284 0 1294 0 1292 0 1292 0 1290 0 1284 0 1284 0 1290 0 1288 0 1284 0 1288 0 1286 0 1279 0 1281 0 1308 0 1316 0 1314 0 1312 0 1279 0 1317 0 1318 0 1318 0 1319 0 1279 0 1279 0 1319 0 1320 0 1279 0 1320 0 1321 0 1316 0 1312 0 1281 0 1281 0 1312 0 1310 0 1281 0 1310 0 1308 0 1317 0 1279 0 1284 0 1284 0 1279 0 1308 0 1284 0 1308 0 1295 0 1295 0 1308 0 1306 0 1295 0 1306 0 1304 0 1304 0 1302 0 1295 0 1295 0 1302 0 1300 0 1295 0 1300 0 1298 0 1280 884 1279 884 1322 884 1322 884 1279 884 1321 884 1322 885 1321 885 1323 885 1323 885 1321 885 1320 885 1323 886 1320 886 1324 886 1324 886 1320 886 1319 886 1324 887 1319 887 1325 887 1325 887 1319 887 1318 887 1325 888 1318 888 1326 888 1326 888 1318 888 1317 888 1284 501 1283 501 1317 501 1317 501 1283 501 1326 501 1327 889 1328 889 1329 889 1329 889 1328 889 1330 889 1329 890 1330 890 1331 890 1331 890 1330 890 1332 890 1331 891 1332 891 1333 891 1333 891 1332 891 1334 891 1333 892 1334 892 1335 892 1335 892 1334 892 1336 892 1335 893 1336 893 1337 893 1337 893 1336 893 1338 893 1337 894 1338 894 1339 894 1339 894 1338 894 1340 894 1339 895 1340 895 1341 895 1341 895 1340 895 1342 895 1341 896 1342 896 1343 896 1343 896 1342 896 1344 896 1343 897 1344 897 1345 897 1345 897 1344 897 1346 897 1345 898 1346 898 1347 898 1347 898 1346 898 1348 898 1347 899 1348 899 1349 899 1349 899 1348 899 1350 899 1349 900 1350 900 1351 900 1351 900 1350 900 1352 900 1351 901 1352 901 1353 901 1353 901 1352 901 1354 901 1353 902 1354 902 1327 902 1327 902 1354 902 1328 902 1331 351 1333 351 1355 351 1345 351 1347 351 1356 351 1355 351 1333 351 1357 351 1357 351 1333 351 1335 351 1357 351 1335 351 1337 351 1356 351 1347 351 1358 351 1358 351 1347 351 1349 351 1358 351 1349 351 1351 351 1351 351 1353 351 1358 351 1358 351 1353 351 1327 351 1358 351 1327 351 1355 351 1355 351 1327 351 1329 351 1355 351 1329 351 1331 351 1337 351 1339 351 1357 351 1357 351 1339 351 1341 351 1357 351 1341 351 1356 351 1356 351 1341 351 1343 351 1356 351 1343 351 1345 351 1359 903 1360 903 1361 903 1361 904 1360 904 1362 904 1361 905 1362 905 1363 905 1363 906 1362 906 1364 906 1364 907 1362 907 1365 907 1364 908 1365 908 1366 908 1366 909 1365 909 1367 909 1367 910 1365 910 1368 910 1367 911 1368 911 1369 911 1369 912 1368 912 1370 912 1370 913 1368 913 1356 913 1370 914 1356 914 1358 914 1360 741 1359 741 1371 741 1371 741 1359 741 1372 741 1365 2 1362 2 1360 2 1373 2 1357 2 1374 2 1374 2 1357 2 1356 2 1374 2 1356 2 1360 2 1360 2 1356 2 1368 2 1360 2 1368 2 1365 2 1375 2 1376 2 1377 2 1377 2 1376 2 1374 2 1377 2 1374 2 1371 2 1371 2 1374 2 1360 2 1378 0 1305 0 1373 0 1373 0 1305 0 1307 0 1307 0 1309 0 1373 0 1373 0 1309 0 1311 0 1373 0 1311 0 1313 0 1378 0 1297 0 1299 0 1322 0 1323 0 1357 0 1357 0 1323 0 1324 0 1299 0 1301 0 1378 0 1378 0 1301 0 1303 0 1378 0 1303 0 1305 0 1285 0 1287 0 1355 0 1355 0 1287 0 1289 0 1289 0 1291 0 1355 0 1355 0 1291 0 1293 0 1355 0 1293 0 1378 0 1378 0 1293 0 1296 0 1378 0 1296 0 1297 0 1313 0 1315 0 1373 0 1373 0 1315 0 1282 0 1373 0 1282 0 1357 0 1357 0 1282 0 1280 0 1357 0 1280 0 1322 0 1324 0 1325 0 1357 0 1357 0 1325 0 1326 0 1357 0 1326 0 1355 0 1355 0 1326 0 1283 0 1355 0 1283 0 1285 0 1355 677 1378 677 1358 677 1358 677 1378 677 1379 677 1372 915 1379 915 1380 915 1379 916 1372 916 1358 916 1358 916 1372 916 1359 916 1358 917 1359 917 1370 917 1380 918 1381 918 1372 918 1372 919 1381 919 1382 919 1372 920 1382 920 1383 920 1366 921 1367 921 1359 921 1359 922 1367 922 1369 922 1359 923 1369 923 1370 923 1383 924 1384 924 1372 924 1372 925 1384 925 1385 925 1372 926 1385 926 1386 926 1361 927 1363 927 1359 927 1359 928 1363 928 1364 928 1359 929 1364 929 1366 929 1379 930 1374 930 1380 930 1380 931 1374 931 1376 931 1380 932 1376 932 1381 932 1381 933 1376 933 1382 933 1382 934 1376 934 1375 934 1382 935 1375 935 1383 935 1383 936 1375 936 1384 936 1384 937 1375 937 1377 937 1384 938 1377 938 1385 938 1385 939 1377 939 1386 939 1386 940 1377 940 1371 940 1386 941 1371 941 1372 941 1348 501 1374 501 1350 501 1350 501 1374 501 1379 501 1350 501 1379 501 1352 501 1352 501 1379 501 1354 501 1340 501 1338 501 1373 501 1373 501 1338 501 1336 501 1373 501 1336 501 1378 501 1378 501 1336 501 1334 501 1348 501 1346 501 1374 501 1374 501 1346 501 1344 501 1374 501 1344 501 1373 501 1373 501 1344 501 1342 501 1373 501 1342 501 1340 501 1334 501 1332 501 1378 501 1378 501 1332 501 1330 501 1378 501 1330 501 1379 501 1379 501 1330 501 1328 501 1379 501 1328 501 1354 501</p>
        </triangles>
        <triangles material="matte_black-symbol" count="3924">
          <input semantic="VERTEX" source="#link1-vertices" offset="0" />
          <input semantic="NORMAL" source="#link1-normals" offset="1" />
          <p>1387 942 1388 942 1389 942 1389 943 1390 943 1387 943 1387 944 1390 944 1391 944 1387 945 1391 945 1392 945 1391 946 1393 946 1392 946 1392 947 1393 947 1394 947 1392 948 1394 948 1395 948 1394 949 1396 949 1395 949 1395 950 1396 950 1397 950 1395 951 1397 951 1398 951 1397 952 1399 952 1398 952 1398 953 1399 953 1400 953 1398 954 1400 954 1401 954 1400 955 1402 955 1401 955 1401 956 1402 956 1403 956 1401 957 1403 957 1404 957 1404 958 1403 958 1405 958 1404 959 1405 959 1406 959 1405 960 1407 960 1406 960 1406 961 1407 961 1408 961 1406 962 1408 962 1409 962 1408 963 1410 963 1409 963 1409 964 1410 964 1411 964 1409 965 1411 965 1412 965 1411 966 1413 966 1412 966 1412 967 1413 967 1414 967 1412 968 1414 968 1415 968 1414 969 1416 969 1415 969 1415 970 1416 970 1417 970 1415 971 1417 971 1418 971 1417 972 1419 972 1418 972 1418 973 1419 973 1420 973 1418 974 1420 974 1421 974 1420 975 1422 975 1421 975 1421 976 1422 976 1423 976 1421 977 1423 977 1424 977 1424 978 1423 978 1425 978 1424 979 1425 979 1388 979 1388 980 1425 980 1426 980 1388 981 1426 981 1389 981 1427 982 1403 982 1428 982 1428 982 1403 982 1402 982 1428 983 1402 983 1429 983 1429 983 1402 983 1400 983 1429 984 1400 984 1430 984 1430 984 1400 984 1399 984 1430 985 1399 985 1431 985 1431 985 1399 985 1397 985 1431 986 1397 986 1432 986 1432 986 1397 986 1396 986 1432 987 1396 987 1433 987 1433 987 1396 987 1394 987 1433 988 1394 988 1434 988 1434 988 1394 988 1393 988 1434 989 1393 989 1435 989 1435 989 1393 989 1391 989 1435 990 1391 990 1436 990 1436 990 1391 990 1390 990 1436 991 1390 991 1437 991 1437 991 1390 991 1389 991 1437 992 1389 992 1438 992 1438 992 1389 992 1426 992 1438 993 1426 993 1439 993 1439 993 1426 993 1425 993 1439 994 1425 994 1440 994 1440 994 1425 994 1423 994 1440 995 1423 995 1441 995 1441 995 1423 995 1422 995 1441 996 1422 996 1442 996 1442 996 1422 996 1420 996 1442 997 1420 997 1443 997 1443 997 1420 997 1419 997 1443 998 1419 998 1444 998 1444 998 1419 998 1417 998 1444 999 1417 999 1445 999 1445 999 1417 999 1416 999 1445 1000 1416 1000 1446 1000 1446 1000 1416 1000 1414 1000 1446 1001 1414 1001 1447 1001 1447 1001 1414 1001 1413 1001 1447 1002 1413 1002 1448 1002 1448 1002 1413 1002 1411 1002 1448 1003 1411 1003 1449 1003 1449 1003 1411 1003 1410 1003 1449 1004 1410 1004 1450 1004 1450 1004 1410 1004 1408 1004 1450 1005 1408 1005 1451 1005 1451 1005 1408 1005 1407 1005 1451 1006 1407 1006 1452 1006 1452 1006 1407 1006 1405 1006 1452 1007 1405 1007 1427 1007 1427 1007 1405 1007 1403 1007 1453 1008 1454 1008 1441 1008 1441 1009 1442 1009 1453 1009 1453 1010 1442 1010 1443 1010 1453 1011 1443 1011 1455 1011 1443 1012 1444 1012 1455 1012 1455 1013 1444 1013 1445 1013 1455 1014 1445 1014 1456 1014 1445 1015 1446 1015 1456 1015 1456 1016 1446 1016 1447 1016 1456 1017 1447 1017 1457 1017 1447 1018 1448 1018 1457 1018 1457 1019 1448 1019 1449 1019 1457 1020 1449 1020 1458 1020 1449 1021 1450 1021 1458 1021 1458 1022 1450 1022 1451 1022 1458 1023 1451 1023 1459 1023 1459 1024 1451 1024 1452 1024 1459 1025 1452 1025 1460 1025 1452 1026 1427 1026 1460 1026 1460 1027 1427 1027 1428 1027 1460 1028 1428 1028 1461 1028 1428 1029 1429 1029 1461 1029 1461 1030 1429 1030 1430 1030 1461 1031 1430 1031 1462 1031 1430 1032 1431 1032 1462 1032 1462 1033 1431 1033 1432 1033 1462 1034 1432 1034 1463 1034 1432 1035 1433 1035 1463 1035 1463 1036 1433 1036 1434 1036 1463 1037 1434 1037 1464 1037 1434 1038 1435 1038 1464 1038 1464 1039 1435 1039 1436 1039 1464 1040 1436 1040 1465 1040 1436 1041 1437 1041 1465 1041 1465 1042 1437 1042 1438 1042 1465 1043 1438 1043 1466 1043 1466 1044 1438 1044 1439 1044 1466 1045 1439 1045 1454 1045 1454 1046 1439 1046 1440 1046 1454 1047 1440 1047 1441 1047 1467 1048 1468 1048 1469 1048 1469 1049 1470 1049 1467 1049 1467 944 1470 944 1471 944 1467 1050 1471 1050 1472 1050 1471 1051 1473 1051 1472 1051 1472 1052 1473 1052 1474 1052 1472 948 1474 948 1475 948 1474 1053 1476 1053 1475 1053 1475 1054 1476 1054 1477 1054 1475 1055 1477 1055 1478 1055 1477 1056 1479 1056 1478 1056 1478 953 1479 953 1480 953 1478 954 1480 954 1481 954 1480 955 1482 955 1481 955 1481 1057 1482 1057 1483 1057 1481 1058 1483 1058 1484 1058 1484 1059 1483 1059 1485 1059 1484 959 1485 959 1486 959 1485 1060 1487 1060 1486 1060 1486 1061 1487 1061 1488 1061 1486 962 1488 962 1489 962 1488 963 1490 963 1489 963 1489 964 1490 964 1491 964 1489 1062 1491 1062 1492 1062 1491 1063 1493 1063 1492 1063 1492 1064 1493 1064 1494 1064 1492 968 1494 968 1495 968 1494 1065 1496 1065 1495 1065 1495 1066 1496 1066 1497 1066 1495 1067 1497 1067 1498 1067 1497 972 1499 972 1498 972 1498 973 1499 973 1500 973 1498 974 1500 974 1501 974 1500 1068 1502 1068 1501 1068 1501 1069 1502 1069 1503 1069 1501 977 1503 977 1504 977 1504 978 1503 978 1505 978 1504 979 1505 979 1468 979 1468 980 1505 980 1506 980 1468 1070 1506 1070 1469 1070 1507 1071 1483 1071 1508 1071 1508 1071 1483 1071 1482 1071 1508 983 1482 983 1509 983 1509 983 1482 983 1480 983 1509 984 1480 984 1510 984 1510 984 1480 984 1479 984 1510 1072 1479 1072 1511 1072 1511 1072 1479 1072 1477 1072 1511 1073 1477 1073 1512 1073 1512 1073 1477 1073 1476 1073 1512 1074 1476 1074 1513 1074 1513 1074 1476 1074 1474 1074 1513 1075 1474 1075 1514 1075 1514 1075 1474 1075 1473 1075 1514 989 1473 989 1515 989 1515 989 1473 989 1471 989 1515 990 1471 990 1516 990 1516 990 1471 990 1470 990 1516 1076 1470 1076 1517 1076 1517 1076 1470 1076 1469 1076 1517 1077 1469 1077 1518 1077 1518 1077 1469 1077 1506 1077 1518 993 1506 993 1519 993 1519 993 1506 993 1505 993 1519 994 1505 994 1520 994 1520 994 1505 994 1503 994 1520 1078 1503 1078 1521 1078 1521 1078 1503 1078 1502 1078 1521 1079 1502 1079 1522 1079 1522 1079 1502 1079 1500 1079 1522 997 1500 997 1523 997 1523 997 1500 997 1499 997 1523 998 1499 998 1524 998 1524 998 1499 998 1497 998 1524 1080 1497 1080 1525 1080 1525 1080 1497 1080 1496 1080 1525 1081 1496 1081 1526 1081 1526 1081 1496 1081 1494 1081 1526 1082 1494 1082 1527 1082 1527 1082 1494 1082 1493 1082 1527 1083 1493 1083 1528 1083 1528 1083 1493 1083 1491 1083 1528 1003 1491 1003 1529 1003 1529 1003 1491 1003 1490 1003 1529 1004 1490 1004 1530 1004 1530 1004 1490 1004 1488 1004 1530 1084 1488 1084 1531 1084 1531 1084 1488 1084 1487 1084 1531 1085 1487 1085 1532 1085 1532 1085 1487 1085 1485 1085 1532 1086 1485 1086 1507 1086 1507 1086 1485 1086 1483 1086 1533 1087 1534 1087 1521 1087 1521 1088 1522 1088 1533 1088 1533 1010 1522 1010 1523 1010 1533 1089 1523 1089 1535 1089 1523 1090 1524 1090 1535 1090 1535 1091 1524 1091 1525 1091 1535 1014 1525 1014 1536 1014 1525 1092 1526 1092 1536 1092 1536 1093 1526 1093 1527 1093 1536 1094 1527 1094 1537 1094 1527 1095 1528 1095 1537 1095 1537 1019 1528 1019 1529 1019 1537 1020 1529 1020 1538 1020 1529 1021 1530 1021 1538 1021 1538 1096 1530 1096 1531 1096 1538 1097 1531 1097 1539 1097 1539 1098 1531 1098 1532 1098 1539 1025 1532 1025 1540 1025 1532 1099 1507 1099 1540 1099 1540 1100 1507 1100 1508 1100 1540 1028 1508 1028 1541 1028 1508 1029 1509 1029 1541 1029 1541 1030 1509 1030 1510 1030 1541 1101 1510 1101 1542 1101 1510 1102 1511 1102 1542 1102 1542 1103 1511 1103 1512 1103 1542 1034 1512 1034 1543 1034 1512 1104 1513 1104 1543 1104 1543 1105 1513 1105 1514 1105 1543 1106 1514 1106 1544 1106 1514 1038 1515 1038 1544 1038 1544 1039 1515 1039 1516 1039 1544 1040 1516 1040 1545 1040 1516 1107 1517 1107 1545 1107 1545 1108 1517 1108 1518 1108 1545 1043 1518 1043 1546 1043 1546 1044 1518 1044 1519 1044 1546 1045 1519 1045 1534 1045 1534 1046 1519 1046 1520 1046 1534 1109 1520 1109 1521 1109 1547 1110 1548 1110 1549 1110 1549 1111 1550 1111 1547 1111 1547 1112 1550 1112 1551 1112 1547 1113 1551 1113 1552 1113 1551 1114 1553 1114 1552 1114 1552 1115 1553 1115 1554 1115 1552 948 1554 948 1555 948 1554 1116 1556 1116 1555 1116 1555 1117 1556 1117 1557 1117 1555 1118 1557 1118 1558 1118 1557 1119 1559 1119 1558 1119 1558 1120 1559 1120 1560 1120 1558 1121 1560 1121 1561 1121 1560 1122 1562 1122 1561 1122 1561 1123 1562 1123 1563 1123 1561 1124 1563 1124 1564 1124 1564 1125 1563 1125 1565 1125 1564 1126 1565 1126 1566 1126 1565 1127 1567 1127 1566 1127 1566 1128 1567 1128 1568 1128 1566 1129 1568 1129 1569 1129 1568 1130 1570 1130 1569 1130 1569 1131 1570 1131 1571 1131 1569 1132 1571 1132 1572 1132 1571 1133 1573 1133 1572 1133 1572 1134 1573 1134 1574 1134 1572 968 1574 968 1575 968 1574 1135 1576 1135 1575 1135 1575 1136 1576 1136 1577 1136 1575 1137 1577 1137 1578 1137 1577 1138 1579 1138 1578 1138 1578 1139 1579 1139 1580 1139 1578 1140 1580 1140 1581 1140 1580 1141 1582 1141 1581 1141 1581 1142 1582 1142 1583 1142 1581 1143 1583 1143 1584 1143 1584 1144 1583 1144 1585 1144 1584 1145 1585 1145 1548 1145 1548 1146 1585 1146 1586 1146 1548 1147 1586 1147 1549 1147 1587 1148 1563 1148 1588 1148 1588 1148 1563 1148 1562 1148 1588 1149 1562 1149 1589 1149 1589 1149 1562 1149 1560 1149 1589 1150 1560 1150 1590 1150 1590 1150 1560 1150 1559 1150 1590 1151 1559 1151 1591 1151 1591 1151 1559 1151 1557 1151 1591 1152 1557 1152 1592 1152 1592 1152 1557 1152 1556 1152 1592 1153 1556 1153 1593 1153 1593 1153 1556 1153 1554 1153 1593 1154 1554 1154 1594 1154 1594 1154 1554 1154 1553 1154 1594 1155 1553 1155 1595 1155 1595 1155 1553 1155 1551 1155 1595 1156 1551 1156 1596 1156 1596 1156 1551 1156 1550 1156 1596 1157 1550 1157 1597 1157 1597 1157 1550 1157 1549 1157 1597 1158 1549 1158 1598 1158 1598 1158 1549 1158 1586 1158 1598 1159 1586 1159 1599 1159 1599 1159 1586 1159 1585 1159 1599 1160 1585 1160 1600 1160 1600 1160 1585 1160 1583 1160 1600 1161 1583 1161 1601 1161 1601 1161 1583 1161 1582 1161 1601 1162 1582 1162 1602 1162 1602 1162 1582 1162 1580 1162 1602 1163 1580 1163 1603 1163 1603 1163 1580 1163 1579 1163 1603 1164 1579 1164 1604 1164 1604 1164 1579 1164 1577 1164 1604 1165 1577 1165 1605 1165 1605 1165 1577 1165 1576 1165 1605 1166 1576 1166 1606 1166 1606 1166 1576 1166 1574 1166 1606 1167 1574 1167 1607 1167 1607 1167 1574 1167 1573 1167 1607 1168 1573 1168 1608 1168 1608 1168 1573 1168 1571 1168 1608 1169 1571 1169 1609 1169 1609 1169 1571 1169 1570 1169 1609 1170 1570 1170 1610 1170 1610 1170 1570 1170 1568 1170 1610 1171 1568 1171 1611 1171 1611 1171 1568 1171 1567 1171 1611 1172 1567 1172 1612 1172 1612 1172 1567 1172 1565 1172 1612 1007 1565 1007 1587 1007 1587 1007 1565 1007 1563 1007 1613 1173 1614 1173 1601 1173 1601 1174 1602 1174 1613 1174 1613 1175 1602 1175 1603 1175 1613 1176 1603 1176 1615 1176 1603 1177 1604 1177 1615 1177 1615 1178 1604 1178 1605 1178 1615 1014 1605 1014 1616 1014 1605 1179 1606 1179 1616 1179 1616 1180 1606 1180 1607 1180 1616 1181 1607 1181 1617 1181 1607 1182 1608 1182 1617 1182 1617 1183 1608 1183 1609 1183 1617 1184 1609 1184 1618 1184 1609 1185 1610 1185 1618 1185 1618 1186 1610 1186 1611 1186 1618 1187 1611 1187 1619 1187 1619 1188 1611 1188 1612 1188 1619 1189 1612 1189 1620 1189 1612 1190 1587 1190 1620 1190 1620 1191 1587 1191 1588 1191 1620 1192 1588 1192 1621 1192 1588 1193 1589 1193 1621 1193 1621 1194 1589 1194 1590 1194 1621 1195 1590 1195 1622 1195 1590 1196 1591 1196 1622 1196 1622 1197 1591 1197 1592 1197 1622 1034 1592 1034 1623 1034 1592 1198 1593 1198 1623 1198 1623 1199 1593 1199 1594 1199 1623 1200 1594 1200 1624 1200 1594 1201 1595 1201 1624 1201 1624 1202 1595 1202 1596 1202 1624 1203 1596 1203 1625 1203 1596 1204 1597 1204 1625 1204 1625 1205 1597 1205 1598 1205 1625 1206 1598 1206 1626 1206 1626 1207 1598 1207 1599 1207 1626 1208 1599 1208 1614 1208 1614 1209 1599 1209 1600 1209 1614 1210 1600 1210 1601 1210 1627 1211 1628 1211 1629 1211 1629 1212 1630 1212 1627 1212 1627 1213 1630 1213 1631 1213 1627 1214 1631 1214 1632 1214 1631 1215 1633 1215 1632 1215 1632 1216 1633 1216 1634 1216 1632 1217 1634 1217 1635 1217 1634 1218 1636 1218 1635 1218 1635 1219 1636 1219 1637 1219 1635 1220 1637 1220 1638 1220 1637 1221 1639 1221 1638 1221 1638 1222 1639 1222 1640 1222 1638 1223 1640 1223 1641 1223 1641 1224 1640 1224 1642 1224 1641 1225 1642 1225 1643 1225 1643 1226 1642 1226 1644 1226 1643 1227 1644 1227 1645 1227 1645 1228 1644 1228 1646 1228 1645 1229 1646 1229 1647 1229 1646 1230 1648 1230 1647 1230 1647 1231 1648 1231 1649 1231 1647 1232 1649 1232 1650 1232 1649 1233 1651 1233 1650 1233 1650 1234 1651 1234 1652 1234 1650 1235 1652 1235 1653 1235 1652 1236 1654 1236 1653 1236 1653 1237 1654 1237 1655 1237 1653 1238 1655 1238 1656 1238 1655 1239 1657 1239 1656 1239 1656 1240 1657 1240 1658 1240 1656 1241 1658 1241 1659 1241 1658 1242 1660 1242 1659 1242 1659 1243 1660 1243 1661 1243 1659 1244 1661 1244 1662 1244 1662 1245 1661 1245 1663 1245 1662 1246 1663 1246 1628 1246 1628 1247 1663 1247 1664 1247 1628 1248 1664 1248 1629 1248 1633 1249 1665 1249 1634 1249 1634 1249 1665 1249 1666 1249 1634 1250 1666 1250 1636 1250 1636 1250 1666 1250 1667 1250 1636 1251 1667 1251 1637 1251 1637 1251 1667 1251 1668 1251 1637 1252 1668 1252 1639 1252 1639 1252 1668 1252 1669 1252 1639 1253 1669 1253 1640 1253 1640 1253 1669 1253 1670 1253 1640 1254 1670 1254 1642 1254 1642 1254 1670 1254 1671 1254 1642 1255 1671 1255 1644 1255 1644 1255 1671 1255 1672 1255 1644 1256 1672 1256 1646 1256 1646 1256 1672 1256 1673 1256 1646 1257 1673 1257 1648 1257 1648 1257 1673 1257 1674 1257 1648 1258 1674 1258 1649 1258 1649 1258 1674 1258 1675 1258 1649 1259 1675 1259 1651 1259 1651 1259 1675 1259 1676 1259 1651 1260 1676 1260 1652 1260 1652 1260 1676 1260 1677 1260 1652 1261 1677 1261 1654 1261 1654 1261 1677 1261 1678 1261 1654 1262 1678 1262 1655 1262 1655 1262 1678 1262 1679 1262 1655 1263 1679 1263 1657 1263 1657 1263 1679 1263 1680 1263 1657 1264 1680 1264 1658 1264 1658 1264 1680 1264 1681 1264 1658 1265 1681 1265 1660 1265 1660 1265 1681 1265 1682 1265 1660 1266 1682 1266 1661 1266 1661 1266 1682 1266 1683 1266 1661 1267 1683 1267 1663 1267 1663 1267 1683 1267 1684 1267 1663 1268 1684 1268 1664 1268 1664 1268 1684 1268 1685 1268 1664 1269 1685 1269 1629 1269 1629 1269 1685 1269 1686 1269 1629 1270 1686 1270 1630 1270 1630 1270 1686 1270 1687 1270 1630 1271 1687 1271 1631 1271 1631 1271 1687 1271 1688 1271 1631 1272 1688 1272 1633 1272 1633 1272 1688 1272 1665 1272 1689 1273 1690 1273 1682 1273 1682 1274 1681 1274 1689 1274 1689 1275 1681 1275 1680 1275 1689 1276 1680 1276 1691 1276 1680 1277 1679 1277 1691 1277 1691 1278 1679 1278 1678 1278 1691 1279 1678 1279 1692 1279 1678 1280 1677 1280 1692 1280 1692 1281 1677 1281 1676 1281 1692 1282 1676 1282 1693 1282 1676 1283 1675 1283 1693 1283 1693 1284 1675 1284 1674 1284 1693 1285 1674 1285 1694 1285 1694 1286 1674 1286 1673 1286 1694 1287 1673 1287 1695 1287 1695 1288 1673 1288 1672 1288 1695 1289 1672 1289 1696 1289 1696 1290 1672 1290 1671 1290 1696 1291 1671 1291 1697 1291 1671 1292 1670 1292 1697 1292 1697 1293 1670 1293 1669 1293 1697 1294 1669 1294 1698 1294 1669 1295 1668 1295 1698 1295 1698 1296 1668 1296 1667 1296 1698 1297 1667 1297 1699 1297 1667 1298 1666 1298 1699 1298 1699 1299 1666 1299 1665 1299 1699 1300 1665 1300 1700 1300 1665 1301 1688 1301 1700 1301 1700 1302 1688 1302 1687 1302 1700 1303 1687 1303 1701 1303 1687 1304 1686 1304 1701 1304 1701 1305 1686 1305 1685 1305 1701 1306 1685 1306 1702 1306 1702 1307 1685 1307 1684 1307 1702 1308 1684 1308 1690 1308 1690 1309 1684 1309 1683 1309 1690 1310 1683 1310 1682 1310 1703 1211 1704 1211 1705 1211 1705 1311 1706 1311 1703 1311 1703 1312 1706 1312 1707 1312 1703 1214 1707 1214 1708 1214 1707 1215 1709 1215 1708 1215 1708 1216 1709 1216 1710 1216 1708 1313 1710 1313 1711 1313 1710 1314 1712 1314 1711 1314 1711 1315 1712 1315 1713 1315 1711 1316 1713 1316 1714 1316 1713 1317 1715 1317 1714 1317 1714 1318 1715 1318 1716 1318 1714 1319 1716 1319 1717 1319 1717 1320 1716 1320 1718 1320 1717 1321 1718 1321 1719 1321 1719 1322 1718 1322 1720 1322 1719 1323 1720 1323 1721 1323 1721 1324 1720 1324 1722 1324 1721 1325 1722 1325 1723 1325 1722 1326 1724 1326 1723 1326 1723 1327 1724 1327 1725 1327 1723 1232 1725 1232 1726 1232 1725 1328 1727 1328 1726 1328 1726 1329 1727 1329 1728 1329 1726 1330 1728 1330 1729 1330 1728 1236 1730 1236 1729 1236 1729 1237 1730 1237 1731 1237 1729 1238 1731 1238 1732 1238 1731 1239 1733 1239 1732 1239 1732 1331 1733 1331 1734 1331 1732 1332 1734 1332 1735 1332 1734 1333 1736 1333 1735 1333 1735 1334 1736 1334 1737 1334 1735 1335 1737 1335 1738 1335 1738 1336 1737 1336 1739 1336 1738 1337 1739 1337 1704 1337 1704 1338 1739 1338 1740 1338 1704 1339 1740 1339 1705 1339 1709 1249 1741 1249 1710 1249 1710 1249 1741 1249 1742 1249 1710 1250 1742 1250 1712 1250 1712 1250 1742 1250 1743 1250 1712 1251 1743 1251 1713 1251 1713 1251 1743 1251 1744 1251 1713 1340 1744 1340 1715 1340 1715 1340 1744 1340 1745 1340 1715 1341 1745 1341 1716 1341 1716 1341 1745 1341 1746 1341 1716 1254 1746 1254 1718 1254 1718 1254 1746 1254 1747 1254 1718 1342 1747 1342 1720 1342 1720 1342 1747 1342 1748 1342 1720 1343 1748 1343 1722 1343 1722 1343 1748 1343 1749 1343 1722 1257 1749 1257 1724 1257 1724 1257 1749 1257 1750 1257 1724 1344 1750 1344 1725 1344 1725 1344 1750 1344 1751 1344 1725 1345 1751 1345 1727 1345 1727 1345 1751 1345 1752 1345 1727 1260 1752 1260 1728 1260 1728 1260 1752 1260 1753 1260 1728 1261 1753 1261 1730 1261 1730 1261 1753 1261 1754 1261 1730 1262 1754 1262 1731 1262 1731 1262 1754 1262 1755 1262 1731 1263 1755 1263 1733 1263 1733 1263 1755 1263 1756 1263 1733 1346 1756 1346 1734 1346 1734 1346 1756 1346 1757 1346 1734 1347 1757 1347 1736 1347 1736 1347 1757 1347 1758 1347 1736 1348 1758 1348 1737 1348 1737 1348 1758 1348 1759 1348 1737 1267 1759 1267 1739 1267 1739 1267 1759 1267 1760 1267 1739 1268 1760 1268 1740 1268 1740 1268 1760 1268 1761 1268 1740 1349 1761 1349 1705 1349 1705 1349 1761 1349 1762 1349 1705 1350 1762 1350 1706 1350 1706 1350 1762 1350 1763 1350 1706 1351 1763 1351 1707 1351 1707 1351 1763 1351 1764 1351 1707 1272 1764 1272 1709 1272 1709 1272 1764 1272 1741 1272 1765 1273 1766 1273 1758 1273 1758 1352 1757 1352 1765 1352 1765 1353 1757 1353 1756 1353 1765 1276 1756 1276 1767 1276 1756 1277 1755 1277 1767 1277 1767 1278 1755 1278 1754 1278 1767 1354 1754 1354 1768 1354 1754 1355 1753 1355 1768 1355 1768 1356 1753 1356 1752 1356 1768 1357 1752 1357 1769 1357 1752 1358 1751 1358 1769 1358 1769 1359 1751 1359 1750 1359 1769 1360 1750 1360 1770 1360 1770 1361 1750 1361 1749 1361 1770 1362 1749 1362 1771 1362 1771 1363 1749 1363 1748 1363 1771 1364 1748 1364 1772 1364 1772 1365 1748 1365 1747 1365 1772 1366 1747 1366 1773 1366 1747 1367 1746 1367 1773 1367 1773 1368 1746 1368 1745 1368 1773 1294 1745 1294 1774 1294 1745 1369 1744 1369 1774 1369 1774 1370 1744 1370 1743 1370 1774 1371 1743 1371 1775 1371 1743 1298 1742 1298 1775 1298 1775 1299 1742 1299 1741 1299 1775 1300 1741 1300 1776 1300 1741 1301 1764 1301 1776 1301 1776 1372 1764 1372 1763 1372 1776 1373 1763 1373 1777 1373 1763 1374 1762 1374 1777 1374 1777 1375 1762 1375 1761 1375 1777 1376 1761 1376 1778 1376 1778 1377 1761 1377 1760 1377 1778 1378 1760 1378 1766 1378 1766 1379 1760 1379 1759 1379 1766 1380 1759 1380 1758 1380 1779 1381 1780 1381 1781 1381 1781 1382 1782 1382 1779 1382 1779 1383 1782 1383 1783 1383 1779 1384 1783 1384 1784 1384 1783 1385 1785 1385 1784 1385 1784 1386 1785 1386 1786 1386 1784 1387 1786 1387 1787 1387 1786 1388 1788 1388 1787 1388 1787 1389 1788 1389 1789 1389 1787 1390 1789 1390 1790 1390 1789 1391 1791 1391 1790 1391 1790 1392 1791 1392 1792 1392 1790 1393 1792 1393 1793 1393 1793 1394 1792 1394 1794 1394 1793 1395 1794 1395 1795 1395 1795 1396 1794 1396 1796 1396 1795 1397 1796 1397 1797 1397 1797 1398 1796 1398 1798 1398 1797 1399 1798 1399 1799 1399 1798 1400 1800 1400 1799 1400 1799 1401 1800 1401 1801 1401 1799 1402 1801 1402 1802 1402 1801 1403 1803 1403 1802 1403 1802 1404 1803 1404 1804 1404 1802 1405 1804 1405 1805 1405 1804 1406 1806 1406 1805 1406 1805 1407 1806 1407 1807 1407 1805 1408 1807 1408 1808 1408 1807 1409 1809 1409 1808 1409 1808 1410 1809 1410 1810 1410 1808 1411 1810 1411 1811 1411 1810 1412 1812 1412 1811 1412 1811 1413 1812 1413 1813 1413 1811 1414 1813 1414 1814 1414 1814 1415 1813 1415 1815 1415 1814 1246 1815 1246 1780 1246 1780 1416 1815 1416 1816 1416 1780 1417 1816 1417 1781 1417 1785 1418 1817 1418 1786 1418 1786 1418 1817 1418 1818 1418 1786 1419 1818 1419 1788 1419 1788 1419 1818 1419 1819 1419 1788 1420 1819 1420 1789 1420 1789 1420 1819 1420 1820 1420 1789 1421 1820 1421 1791 1421 1791 1421 1820 1421 1821 1421 1791 1422 1821 1422 1792 1422 1792 1422 1821 1422 1822 1422 1792 1423 1822 1423 1794 1423 1794 1423 1822 1423 1823 1423 1794 1424 1823 1424 1796 1424 1796 1424 1823 1424 1824 1424 1796 1425 1824 1425 1798 1425 1798 1425 1824 1425 1825 1425 1798 1426 1825 1426 1800 1426 1800 1426 1825 1426 1826 1426 1800 1427 1826 1427 1801 1427 1801 1427 1826 1427 1827 1427 1801 1428 1827 1428 1803 1428 1803 1428 1827 1428 1828 1428 1803 1429 1828 1429 1804 1429 1804 1429 1828 1429 1829 1429 1804 1430 1829 1430 1806 1430 1806 1430 1829 1430 1830 1430 1806 1431 1830 1431 1807 1431 1807 1431 1830 1431 1831 1431 1807 1432 1831 1432 1809 1432 1809 1432 1831 1432 1832 1432 1809 1433 1832 1433 1810 1433 1810 1433 1832 1433 1833 1433 1810 1434 1833 1434 1812 1434 1812 1434 1833 1434 1834 1434 1812 1435 1834 1435 1813 1435 1813 1435 1834 1435 1835 1435 1813 1436 1835 1436 1815 1436 1815 1436 1835 1436 1836 1436 1815 1437 1836 1437 1816 1437 1816 1437 1836 1437 1837 1437 1816 1438 1837 1438 1781 1438 1781 1438 1837 1438 1838 1438 1781 1439 1838 1439 1782 1439 1782 1439 1838 1439 1839 1439 1782 1440 1839 1440 1783 1440 1783 1440 1839 1440 1840 1440 1783 1441 1840 1441 1785 1441 1785 1441 1840 1441 1817 1441 1841 1442 1842 1442 1834 1442 1834 1443 1833 1443 1841 1443 1841 1444 1833 1444 1832 1444 1841 1445 1832 1445 1843 1445 1832 1446 1831 1446 1843 1446 1843 1447 1831 1447 1830 1447 1843 1448 1830 1448 1844 1448 1830 1449 1829 1449 1844 1449 1844 1450 1829 1450 1828 1450 1844 1451 1828 1451 1845 1451 1828 1452 1827 1452 1845 1452 1845 1453 1827 1453 1826 1453 1845 1454 1826 1454 1846 1454 1846 1455 1826 1455 1825 1455 1846 1456 1825 1456 1847 1456 1847 1457 1825 1457 1824 1457 1847 1458 1824 1458 1848 1458 1848 1459 1824 1459 1823 1459 1848 1460 1823 1460 1849 1460 1823 1461 1822 1461 1849 1461 1849 1462 1822 1462 1821 1462 1849 1463 1821 1463 1850 1463 1821 1464 1820 1464 1850 1464 1850 1465 1820 1465 1819 1465 1850 1466 1819 1466 1851 1466 1819 1467 1818 1467 1851 1467 1851 1468 1818 1468 1817 1468 1851 1469 1817 1469 1852 1469 1817 1470 1840 1470 1852 1470 1852 1471 1840 1471 1839 1471 1852 1472 1839 1472 1853 1472 1839 1473 1838 1473 1853 1473 1853 1474 1838 1474 1837 1474 1853 1475 1837 1475 1854 1475 1854 1476 1837 1476 1836 1476 1854 1477 1836 1477 1842 1477 1842 1478 1836 1478 1835 1478 1842 1479 1835 1479 1834 1479 1855 1480 1856 1480 1857 1480 1857 1481 1858 1481 1855 1481 1855 1482 1858 1482 1859 1482 1855 1214 1859 1214 1860 1214 1859 1215 1861 1215 1860 1215 1860 1216 1861 1216 1862 1216 1860 1483 1862 1483 1863 1483 1862 1484 1864 1484 1863 1484 1863 1485 1864 1485 1865 1485 1863 1486 1865 1486 1866 1486 1865 1317 1867 1317 1866 1317 1866 1487 1867 1487 1868 1487 1866 1488 1868 1488 1869 1488 1869 1489 1868 1489 1870 1489 1869 1321 1870 1321 1871 1321 1871 1322 1870 1322 1872 1322 1871 1323 1872 1323 1873 1323 1873 1324 1872 1324 1874 1324 1873 1325 1874 1325 1875 1325 1874 1490 1876 1490 1875 1490 1875 1491 1876 1491 1877 1491 1875 1492 1877 1492 1878 1492 1877 1493 1879 1493 1878 1493 1878 1494 1879 1494 1880 1494 1878 1495 1880 1495 1881 1495 1880 1236 1882 1236 1881 1236 1881 1237 1882 1237 1883 1237 1881 1238 1883 1238 1884 1238 1883 1239 1885 1239 1884 1239 1884 1496 1885 1496 1886 1496 1884 1497 1886 1497 1887 1497 1886 1498 1888 1498 1887 1498 1887 1499 1888 1499 1889 1499 1887 1335 1889 1335 1890 1335 1890 1336 1889 1336 1891 1336 1890 1337 1891 1337 1856 1337 1856 1338 1891 1338 1892 1338 1856 1500 1892 1500 1857 1500 1861 1249 1893 1249 1862 1249 1862 1249 1893 1249 1894 1249 1862 1250 1894 1250 1864 1250 1864 1250 1894 1250 1895 1250 1864 1251 1895 1251 1865 1251 1865 1251 1895 1251 1896 1251 1865 1340 1896 1340 1867 1340 1867 1340 1896 1340 1897 1340 1867 1501 1897 1501 1868 1501 1868 1501 1897 1501 1898 1501 1868 1502 1898 1502 1870 1502 1870 1502 1898 1502 1899 1502 1870 1342 1899 1342 1872 1342 1872 1342 1899 1342 1900 1342 1872 1343 1900 1343 1874 1343 1874 1343 1900 1343 1901 1343 1874 1503 1901 1503 1876 1503 1876 1503 1901 1503 1902 1503 1876 1504 1902 1504 1877 1504 1877 1504 1902 1504 1903 1504 1877 1345 1903 1345 1879 1345 1879 1345 1903 1345 1904 1345 1879 1260 1904 1260 1880 1260 1880 1260 1904 1260 1905 1260 1880 1261 1905 1261 1882 1261 1882 1261 1905 1261 1906 1261 1882 1262 1906 1262 1883 1262 1883 1262 1906 1262 1907 1262 1883 1263 1907 1263 1885 1263 1885 1263 1907 1263 1908 1263 1885 1505 1908 1505 1886 1505 1886 1505 1908 1505 1909 1505 1886 1347 1909 1347 1888 1347 1888 1347 1909 1347 1910 1347 1888 1506 1910 1506 1889 1506 1889 1506 1910 1506 1911 1506 1889 1267 1911 1267 1891 1267 1891 1267 1911 1267 1912 1267 1891 1268 1912 1268 1892 1268 1892 1268 1912 1268 1913 1268 1892 1507 1913 1507 1857 1507 1857 1507 1913 1507 1914 1507 1857 1350 1914 1350 1858 1350 1858 1350 1914 1350 1915 1350 1858 1508 1915 1508 1859 1508 1859 1508 1915 1508 1916 1508 1859 1272 1916 1272 1861 1272 1861 1272 1916 1272 1893 1272 1917 1509 1918 1509 1910 1509 1910 1510 1909 1510 1917 1510 1917 1511 1909 1511 1908 1511 1917 1276 1908 1276 1919 1276 1908 1277 1907 1277 1919 1277 1919 1278 1907 1278 1906 1278 1919 1512 1906 1512 1920 1512 1906 1513 1905 1513 1920 1513 1920 1514 1905 1514 1904 1514 1920 1515 1904 1515 1921 1515 1904 1358 1903 1358 1921 1358 1921 1516 1903 1516 1902 1516 1921 1517 1902 1517 1922 1517 1922 1518 1902 1518 1901 1518 1922 1362 1901 1362 1923 1362 1923 1363 1901 1363 1900 1363 1923 1364 1900 1364 1924 1364 1924 1365 1900 1365 1899 1365 1924 1366 1899 1366 1925 1366 1899 1519 1898 1519 1925 1519 1925 1520 1898 1520 1897 1520 1925 1521 1897 1521 1926 1521 1897 1522 1896 1522 1926 1522 1926 1523 1896 1523 1895 1523 1926 1524 1895 1524 1927 1524 1895 1298 1894 1298 1927 1298 1927 1299 1894 1299 1893 1299 1927 1300 1893 1300 1928 1300 1893 1301 1916 1301 1928 1301 1928 1525 1916 1525 1915 1525 1928 1526 1915 1526 1929 1526 1915 1527 1914 1527 1929 1527 1929 1528 1914 1528 1913 1528 1929 1376 1913 1376 1930 1376 1930 1377 1913 1377 1912 1377 1930 1378 1912 1378 1918 1378 1918 1379 1912 1379 1911 1379 1918 1529 1911 1529 1910 1529 1931 1480 1932 1480 1933 1480 1933 1530 1934 1530 1931 1530 1931 1531 1934 1531 1935 1531 1931 1214 1935 1214 1936 1214 1935 1215 1937 1215 1936 1215 1936 1216 1937 1216 1938 1216 1936 1532 1938 1532 1939 1532 1938 1533 1940 1533 1939 1533 1939 1534 1940 1534 1941 1534 1939 1535 1941 1535 1942 1535 1941 1221 1943 1221 1942 1221 1942 1536 1943 1536 1944 1536 1942 1537 1944 1537 1945 1537 1945 1538 1944 1538 1946 1538 1945 1225 1946 1225 1947 1225 1947 1226 1946 1226 1948 1226 1947 1227 1948 1227 1949 1227 1949 1228 1948 1228 1950 1228 1949 1229 1950 1229 1951 1229 1950 1539 1952 1539 1951 1539 1951 1540 1952 1540 1953 1540 1951 1492 1953 1492 1954 1492 1953 1541 1955 1541 1954 1541 1954 1542 1955 1542 1956 1542 1954 1543 1956 1543 1957 1543 1956 1236 1958 1236 1957 1236 1957 1237 1958 1237 1959 1237 1957 1238 1959 1238 1960 1238 1959 1239 1961 1239 1960 1239 1960 1544 1961 1544 1962 1544 1960 1545 1962 1545 1963 1545 1962 1546 1964 1546 1963 1546 1963 1547 1964 1547 1965 1547 1963 1244 1965 1244 1966 1244 1966 1245 1965 1245 1967 1245 1966 1246 1967 1246 1932 1246 1932 1247 1967 1247 1968 1247 1932 1548 1968 1548 1933 1548 1937 1249 1969 1249 1938 1249 1938 1249 1969 1249 1970 1249 1938 1250 1970 1250 1940 1250 1940 1250 1970 1250 1971 1250 1940 1251 1971 1251 1941 1251 1941 1251 1971 1251 1972 1251 1941 1252 1972 1252 1943 1252 1943 1252 1972 1252 1973 1252 1943 1549 1973 1549 1944 1549 1944 1549 1973 1549 1974 1549 1944 1502 1974 1502 1946 1502 1946 1502 1974 1502 1975 1502 1946 1255 1975 1255 1948 1255 1948 1255 1975 1255 1976 1255 1948 1256 1976 1256 1950 1256 1950 1256 1976 1256 1977 1256 1950 1503 1977 1503 1952 1503 1952 1503 1977 1503 1978 1503 1952 1550 1978 1550 1953 1550 1953 1550 1978 1550 1979 1550 1953 1259 1979 1259 1955 1259 1955 1259 1979 1259 1980 1259 1955 1260 1980 1260 1956 1260 1956 1260 1980 1260 1981 1260 1956 1261 1981 1261 1958 1261 1958 1261 1981 1261 1982 1261 1958 1262 1982 1262 1959 1262 1959 1262 1982 1262 1983 1262 1959 1263 1983 1263 1961 1263 1961 1263 1983 1263 1984 1263 1961 1551 1984 1551 1962 1551 1962 1551 1984 1551 1985 1551 1962 1265 1985 1265 1964 1265 1964 1265 1985 1265 1986 1265 1964 1552 1986 1552 1965 1552 1965 1552 1986 1552 1987 1552 1965 1267 1987 1267 1967 1267 1967 1267 1987 1267 1988 1267 1967 1268 1988 1268 1968 1268 1968 1268 1988 1268 1989 1268 1968 1553 1989 1553 1933 1553 1933 1553 1989 1553 1990 1553 1933 1270 1990 1270 1934 1270 1934 1270 1990 1270 1991 1270 1934 1554 1991 1554 1935 1554 1935 1554 1991 1554 1992 1554 1935 1272 1992 1272 1937 1272 1937 1272 1992 1272 1969 1272 1993 1509 1994 1509 1986 1509 1986 1555 1985 1555 1993 1555 1993 1556 1985 1556 1984 1556 1993 1276 1984 1276 1995 1276 1984 1277 1983 1277 1995 1277 1995 1278 1983 1278 1982 1278 1995 1557 1982 1557 1996 1557 1982 1558 1981 1558 1996 1558 1996 1559 1981 1559 1980 1559 1996 1560 1980 1560 1997 1560 1980 1283 1979 1283 1997 1283 1997 1561 1979 1561 1978 1561 1997 1562 1978 1562 1998 1562 1998 1563 1978 1563 1977 1563 1998 1287 1977 1287 1999 1287 1999 1288 1977 1288 1976 1288 1999 1289 1976 1289 2000 1289 2000 1290 1976 1290 1975 1290 2000 1291 1975 1291 2001 1291 1975 1564 1974 1564 2001 1564 2001 1565 1974 1565 1973 1565 2001 1521 1973 1521 2002 1521 1973 1566 1972 1566 2002 1566 2002 1567 1972 1567 1971 1567 2002 1568 1971 1568 2003 1568 1971 1298 1970 1298 2003 1298 2003 1299 1970 1299 1969 1299 2003 1300 1969 1300 2004 1300 1969 1301 1992 1301 2004 1301 2004 1569 1992 1569 1991 1569 2004 1570 1991 1570 2005 1570 1991 1571 1990 1571 2005 1571 2005 1572 1990 1572 1989 1572 2005 1306 1989 1306 2006 1306 2006 1307 1989 1307 1988 1307 2006 1308 1988 1308 1994 1308 1994 1309 1988 1309 1987 1309 1994 1573 1987 1573 1986 1573 2007 1381 2008 1381 2009 1381 2009 1382 2010 1382 2007 1382 2007 1383 2010 1383 2011 1383 2007 1574 2011 1574 2012 1574 2011 1575 2013 1575 2012 1575 2012 1576 2013 1576 2014 1576 2012 1577 2014 1577 2015 1577 2014 1578 2016 1578 2015 1578 2015 1389 2016 1389 2017 1389 2015 1390 2017 1390 2018 1390 2017 1391 2019 1391 2018 1391 2018 1392 2019 1392 2020 1392 2018 1393 2020 1393 2021 1393 2021 1394 2020 1394 2022 1394 2021 1395 2022 1395 2023 1395 2023 1579 2022 1579 2024 1579 2023 1580 2024 1580 2025 1580 2025 1581 2024 1581 2026 1581 2025 1399 2026 1399 2027 1399 2026 1400 2028 1400 2027 1400 2027 1401 2028 1401 2029 1401 2027 1402 2029 1402 2030 1402 2029 1403 2031 1403 2030 1403 2030 1404 2031 1404 2032 1404 2030 1582 2032 1582 2033 1582 2032 1583 2034 1583 2033 1583 2033 1584 2034 1584 2035 1584 2033 1585 2035 1585 2036 1585 2035 1409 2037 1409 2036 1409 2036 1410 2037 1410 2038 1410 2036 1411 2038 1411 2039 1411 2038 1412 2040 1412 2039 1412 2039 1413 2040 1413 2041 1413 2039 1414 2041 1414 2042 1414 2042 1586 2041 1586 2043 1586 2042 1587 2043 1587 2008 1587 2008 1588 2043 1588 2044 1588 2008 1417 2044 1417 2009 1417 2013 1589 2045 1589 2014 1589 2014 1589 2045 1589 2046 1589 2014 1590 2046 1590 2016 1590 2016 1590 2046 1590 2047 1590 2016 1420 2047 1420 2017 1420 2017 1420 2047 1420 2048 1420 2017 1421 2048 1421 2019 1421 2019 1421 2048 1421 2049 1421 2019 1422 2049 1422 2020 1422 2020 1422 2049 1422 2050 1422 2020 1423 2050 1423 2022 1423 2022 1423 2050 1423 2051 1423 2022 1591 2051 1591 2024 1591 2024 1591 2051 1591 2052 1591 2024 1592 2052 1592 2026 1592 2026 1592 2052 1592 2053 1592 2026 1426 2053 1426 2028 1426 2028 1426 2053 1426 2054 1426 2028 1427 2054 1427 2029 1427 2029 1427 2054 1427 2055 1427 2029 1428 2055 1428 2031 1428 2031 1428 2055 1428 2056 1428 2031 1429 2056 1429 2032 1429 2032 1429 2056 1429 2057 1429 2032 1593 2057 1593 2034 1593 2034 1593 2057 1593 2058 1593 2034 1594 2058 1594 2035 1594 2035 1594 2058 1594 2059 1594 2035 1432 2059 1432 2037 1432 2037 1432 2059 1432 2060 1432 2037 1433 2060 1433 2038 1433 2038 1433 2060 1433 2061 1433 2038 1434 2061 1434 2040 1434 2040 1434 2061 1434 2062 1434 2040 1435 2062 1435 2041 1435 2041 1435 2062 1435 2063 1435 2041 1595 2063 1595 2043 1595 2043 1595 2063 1595 2064 1595 2043 1596 2064 1596 2044 1596 2044 1596 2064 1596 2065 1596 2044 1438 2065 1438 2009 1438 2009 1438 2065 1438 2066 1438 2009 1439 2066 1439 2010 1439 2010 1439 2066 1439 2067 1439 2010 1440 2067 1440 2011 1440 2011 1440 2067 1440 2068 1440 2011 1441 2068 1441 2013 1441 2013 1441 2068 1441 2045 1441 2069 1442 2070 1442 2062 1442 2062 1443 2061 1443 2069 1443 2069 1444 2061 1444 2060 1444 2069 1597 2060 1597 2071 1597 2060 1598 2059 1598 2071 1598 2071 1599 2059 1599 2058 1599 2071 1600 2058 1600 2072 1600 2058 1601 2057 1601 2072 1601 2072 1450 2057 1450 2056 1450 2072 1451 2056 1451 2073 1451 2056 1452 2055 1452 2073 1452 2073 1453 2055 1453 2054 1453 2073 1454 2054 1454 2074 1454 2074 1455 2054 1455 2053 1455 2074 1456 2053 1456 2075 1456 2075 1602 2053 1602 2052 1602 2075 1603 2052 1603 2076 1603 2076 1604 2052 1604 2051 1604 2076 1460 2051 1460 2077 1460 2051 1461 2050 1461 2077 1461 2077 1462 2050 1462 2049 1462 2077 1463 2049 1463 2078 1463 2049 1464 2048 1464 2078 1464 2078 1465 2048 1465 2047 1465 2078 1605 2047 1605 2079 1605 2047 1606 2046 1606 2079 1606 2079 1607 2046 1607 2045 1607 2079 1608 2045 1608 2080 1608 2045 1470 2068 1470 2080 1470 2080 1471 2068 1471 2067 1471 2080 1472 2067 1472 2081 1472 2067 1473 2066 1473 2081 1473 2081 1474 2066 1474 2065 1474 2081 1475 2065 1475 2082 1475 2082 1609 2065 1609 2064 1609 2082 1610 2064 1610 2070 1610 2070 1611 2064 1611 2063 1611 2070 1479 2063 1479 2062 1479 2083 1612 2084 1612 2085 1612 2083 1613 2085 1613 2086 1613 2086 1614 2085 1614 2087 1614 2086 1615 2087 1615 2088 1615 2088 1616 2087 1616 2089 1616 2088 1617 2089 1617 2090 1617 2089 1618 2091 1618 2090 1618 2090 1619 2091 1619 2092 1619 2090 1620 2092 1620 2093 1620 2092 1621 2094 1621 2093 1621 2093 1622 2094 1622 2095 1622 2093 1623 2095 1623 2096 1623 2095 1624 2097 1624 2096 1624 2096 1625 2097 1625 2098 1625 2096 1626 2098 1626 2099 1626 2098 1627 2100 1627 2099 1627 2099 1628 2100 1628 2101 1628 2099 1629 2101 1629 2102 1629 2101 1630 2103 1630 2102 1630 2102 1631 2103 1631 2104 1631 2102 1632 2104 1632 2105 1632 2104 1633 2106 1633 2105 1633 2105 1634 2106 1634 2107 1634 2105 1635 2107 1635 2108 1635 2107 1636 2109 1636 2108 1636 2108 1637 2109 1637 2110 1637 2108 1638 2110 1638 2111 1638 2110 1639 2112 1639 2111 1639 2111 1640 2112 1640 2113 1640 2111 1641 2113 1641 2114 1641 2113 1642 2115 1642 2114 1642 2114 1643 2115 1643 2116 1643 2114 1644 2116 1644 2117 1644 2116 1645 2118 1645 2117 1645 2117 1646 2118 1646 2119 1646 2117 1647 2119 1647 2120 1647 2119 1648 2121 1648 2120 1648 2120 1649 2121 1649 2122 1649 2120 1650 2122 1650 2123 1650 2122 1651 2124 1651 2123 1651 2123 1652 2124 1652 2125 1652 2123 1653 2125 1653 2126 1653 2125 1654 2127 1654 2126 1654 2126 1655 2127 1655 2128 1655 2126 1656 2128 1656 2129 1656 2128 1657 2130 1657 2129 1657 2129 1658 2130 1658 2131 1658 2129 1659 2131 1659 2132 1659 2131 1660 2133 1660 2132 1660 2132 1661 2133 1661 2134 1661 2132 1662 2134 1662 2135 1662 2134 1663 2136 1663 2135 1663 2135 1664 2136 1664 2137 1664 2135 1665 2137 1665 2138 1665 2137 1666 2139 1666 2138 1666 2138 1667 2139 1667 2140 1667 2138 1668 2140 1668 2141 1668 2141 1669 2140 1669 2142 1669 2141 1670 2142 1670 2143 1670 2143 1671 2142 1671 2144 1671 2143 1672 2144 1672 2145 1672 2145 1673 2144 1673 2146 1673 2145 1674 2146 1674 2147 1674 2147 1675 2146 1675 2148 1675 2148 1676 2149 1676 2147 1676 2147 1677 2149 1677 2150 1677 2147 1678 2150 1678 2151 1678 2151 1679 2150 1679 2152 1679 2151 1680 2152 1680 2153 1680 2152 1681 2154 1681 2153 1681 2153 1682 2154 1682 2155 1682 2153 1683 2155 1683 2156 1683 2155 1684 2157 1684 2156 1684 2156 1685 2157 1685 2158 1685 2156 1686 2158 1686 2159 1686 2158 1687 2160 1687 2159 1687 2159 1688 2160 1688 2161 1688 2159 1689 2161 1689 2162 1689 2161 1690 2163 1690 2162 1690 2162 1691 2163 1691 2164 1691 2162 1692 2164 1692 2165 1692 2164 1693 2166 1693 2165 1693 2165 1694 2166 1694 2167 1694 2165 1695 2167 1695 2168 1695 2167 1696 2169 1696 2168 1696 2168 1697 2169 1697 2170 1697 2168 1698 2170 1698 2171 1698 2171 1699 2170 1699 2172 1699 2170 1700 2173 1700 2172 1700 2172 1701 2173 1701 2174 1701 2172 1702 2174 1702 2175 1702 2174 1703 2176 1703 2175 1703 2175 1704 2176 1704 2177 1704 2175 1705 2177 1705 2178 1705 2177 1706 2179 1706 2178 1706 2178 1707 2179 1707 2180 1707 2178 1708 2180 1708 2181 1708 2180 1709 2182 1709 2181 1709 2181 1710 2182 1710 2183 1710 2181 1711 2183 1711 2184 1711 2183 1712 2185 1712 2184 1712 2184 1713 2185 1713 2186 1713 2184 1714 2186 1714 2187 1714 2186 1715 2188 1715 2187 1715 2187 1716 2188 1716 2189 1716 2187 1717 2189 1717 2190 1717 2189 1718 2191 1718 2190 1718 2190 1719 2191 1719 2192 1719 2190 1720 2192 1720 2193 1720 2192 1721 2194 1721 2193 1721 2193 1722 2194 1722 2195 1722 2193 1723 2195 1723 2196 1723 2195 1724 2197 1724 2196 1724 2196 1725 2197 1725 2198 1725 2196 1726 2198 1726 2199 1726 2198 1727 2200 1727 2199 1727 2199 1728 2200 1728 2201 1728 2199 1729 2201 1729 2083 1729 2083 1730 2201 1730 2202 1730 2083 1731 2202 1731 2084 1731 2142 1732 2203 1732 2144 1732 2144 1732 2203 1732 2204 1732 2144 1733 2204 1733 2146 1733 2146 1733 2204 1733 2205 1733 2146 1734 2205 1734 2148 1734 2148 1734 2205 1734 2206 1734 2148 1735 2206 1735 2149 1735 2149 1735 2206 1735 2207 1735 2149 1736 2207 1736 2150 1736 2150 1736 2207 1736 2208 1736 2150 1737 2208 1737 2152 1737 2152 1737 2208 1737 2209 1737 2152 1738 2209 1738 2154 1738 2154 1738 2209 1738 2210 1738 2154 1739 2210 1739 2155 1739 2155 1739 2210 1739 2211 1739 2155 1740 2211 1740 2157 1740 2157 1740 2211 1740 2212 1740 2157 1741 2212 1741 2158 1741 2158 1741 2212 1741 2213 1741 2158 1742 2213 1742 2160 1742 2160 1742 2213 1742 2214 1742 2160 1743 2214 1743 2161 1743 2161 1743 2214 1743 2215 1743 2161 1744 2215 1744 2163 1744 2163 1744 2215 1744 2216 1744 2163 1745 2216 1745 2164 1745 2164 1745 2216 1745 2217 1745 2164 1746 2217 1746 2166 1746 2166 1746 2217 1746 2218 1746 2166 1747 2218 1747 2167 1747 2167 1747 2218 1747 2219 1747 2167 1748 2219 1748 2169 1748 2169 1748 2219 1748 2220 1748 2169 1749 2220 1749 2170 1749 2170 1749 2220 1749 2221 1749 2170 1750 2221 1750 2173 1750 2173 1750 2221 1750 2222 1750 2173 1751 2222 1751 2174 1751 2174 1751 2222 1751 2223 1751 2174 1752 2223 1752 2176 1752 2176 1752 2223 1752 2224 1752 2176 1753 2224 1753 2177 1753 2177 1753 2224 1753 2225 1753 2177 1754 2225 1754 2179 1754 2179 1754 2225 1754 2226 1754 2179 1755 2226 1755 2180 1755 2180 1755 2226 1755 2227 1755 2180 1756 2227 1756 2182 1756 2182 1756 2227 1756 2228 1756 2182 1757 2228 1757 2183 1757 2183 1757 2228 1757 2229 1757 2183 1758 2229 1758 2185 1758 2185 1758 2229 1758 2230 1758 2185 1759 2230 1759 2186 1759 2186 1759 2230 1759 2231 1759 2186 1760 2231 1760 2188 1760 2188 1760 2231 1760 2232 1760 2188 1761 2232 1761 2189 1761 2189 1761 2232 1761 2233 1761 2189 1762 2233 1762 2191 1762 2191 1762 2233 1762 2234 1762 2191 1763 2234 1763 2192 1763 2192 1763 2234 1763 2235 1763 2192 1764 2235 1764 2194 1764 2194 1764 2235 1764 2236 1764 2194 1765 2236 1765 2195 1765 2195 1765 2236 1765 2237 1765 2195 1766 2237 1766 2197 1766 2197 1766 2237 1766 2238 1766 2197 1767 2238 1767 2198 1767 2198 1767 2238 1767 2239 1767 2198 1768 2239 1768 2200 1768 2200 1768 2239 1768 2240 1768 2200 1769 2240 1769 2201 1769 2201 1769 2240 1769 2241 1769 2201 1770 2241 1770 2202 1770 2202 1770 2241 1770 2242 1770 2202 1771 2242 1771 2084 1771 2084 1771 2242 1771 2243 1771 2084 1772 2243 1772 2085 1772 2085 1772 2243 1772 2244 1772 2085 1773 2244 1773 2087 1773 2087 1773 2244 1773 2245 1773 2087 1774 2245 1774 2089 1774 2089 1774 2245 1774 2246 1774 2089 1775 2246 1775 2091 1775 2091 1775 2246 1775 2247 1775 2091 1776 2247 1776 2092 1776 2092 1776 2247 1776 2248 1776 2092 1777 2248 1777 2094 1777 2094 1777 2248 1777 2249 1777 2094 1778 2249 1778 2095 1778 2095 1778 2249 1778 2250 1778 2095 1779 2250 1779 2097 1779 2097 1779 2250 1779 2251 1779 2097 1780 2251 1780 2098 1780 2098 1780 2251 1780 2252 1780 2098 1781 2252 1781 2100 1781 2100 1781 2252 1781 2253 1781 2100 1782 2253 1782 2101 1782 2101 1782 2253 1782 2254 1782 2101 1783 2254 1783 2103 1783 2103 1783 2254 1783 2255 1783 2103 1784 2255 1784 2104 1784 2104 1784 2255 1784 2256 1784 2104 1785 2256 1785 2106 1785 2106 1785 2256 1785 2257 1785 2106 1786 2257 1786 2107 1786 2107 1786 2257 1786 2258 1786 2107 1787 2258 1787 2109 1787 2109 1787 2258 1787 2259 1787 2109 1788 2259 1788 2110 1788 2110 1788 2259 1788 2260 1788 2110 1789 2260 1789 2112 1789 2112 1789 2260 1789 2261 1789 2112 1790 2261 1790 2113 1790 2113 1790 2261 1790 2262 1790 2113 1791 2262 1791 2115 1791 2115 1791 2262 1791 2263 1791 2115 1792 2263 1792 2116 1792 2116 1792 2263 1792 2264 1792 2116 1793 2264 1793 2118 1793 2118 1793 2264 1793 2265 1793 2118 1794 2265 1794 2119 1794 2119 1794 2265 1794 2266 1794 2119 1795 2266 1795 2121 1795 2121 1795 2266 1795 2267 1795 2121 1796 2267 1796 2122 1796 2122 1796 2267 1796 2268 1796 2122 1797 2268 1797 2124 1797 2124 1797 2268 1797 2269 1797 2124 1798 2269 1798 2125 1798 2125 1798 2269 1798 2270 1798 2125 1799 2270 1799 2127 1799 2127 1799 2270 1799 2271 1799 2127 1800 2271 1800 2128 1800 2128 1800 2271 1800 2272 1800 2128 1801 2272 1801 2130 1801 2130 1801 2272 1801 2273 1801 2130 1802 2273 1802 2131 1802 2131 1802 2273 1802 2274 1802 2131 1803 2274 1803 2133 1803 2133 1803 2274 1803 2275 1803 2133 1804 2275 1804 2134 1804 2134 1804 2275 1804 2276 1804 2134 1805 2276 1805 2136 1805 2136 1805 2276 1805 2277 1805 2136 1806 2277 1806 2137 1806 2137 1806 2277 1806 2278 1806 2137 1807 2278 1807 2139 1807 2139 1807 2278 1807 2279 1807 2139 1808 2279 1808 2140 1808 2140 1808 2279 1808 2280 1808 2140 1809 2280 1809 2142 1809 2142 1809 2280 1809 2203 1809 2281 1810 2241 1810 2282 1810 2282 1811 2241 1811 2240 1811 2240 1812 2239 1812 2282 1812 2282 1813 2239 1813 2238 1813 2282 1814 2238 1814 2283 1814 2283 1815 2238 1815 2237 1815 2283 1816 2237 1816 2284 1816 2284 1817 2237 1817 2236 1817 2236 1818 2235 1818 2284 1818 2284 1819 2235 1819 2234 1819 2284 1820 2234 1820 2285 1820 2234 1821 2233 1821 2285 1821 2285 1822 2233 1822 2232 1822 2285 1823 2232 1823 2286 1823 2232 1824 2231 1824 2286 1824 2286 1825 2231 1825 2230 1825 2286 1826 2230 1826 2287 1826 2230 1827 2229 1827 2287 1827 2287 1828 2229 1828 2228 1828 2287 1829 2228 1829 2288 1829 2228 1830 2227 1830 2288 1830 2288 1831 2227 1831 2226 1831 2288 1832 2226 1832 2289 1832 2226 1833 2225 1833 2289 1833 2289 1834 2225 1834 2224 1834 2289 1835 2224 1835 2290 1835 2224 1836 2223 1836 2290 1836 2290 1837 2223 1837 2222 1837 2290 1838 2222 1838 2291 1838 2291 1839 2222 1839 2221 1839 2291 1840 2221 1840 2292 1840 2292 1841 2221 1841 2220 1841 2292 1842 2220 1842 2293 1842 2220 1843 2219 1843 2293 1843 2293 1844 2219 1844 2218 1844 2293 1845 2218 1845 2294 1845 2218 1846 2217 1846 2294 1846 2294 1847 2217 1847 2216 1847 2294 1848 2216 1848 2295 1848 2216 1849 2215 1849 2295 1849 2295 1850 2215 1850 2214 1850 2295 1851 2214 1851 2296 1851 2214 1852 2213 1852 2296 1852 2296 1853 2213 1853 2212 1853 2296 1854 2212 1854 2297 1854 2212 1855 2211 1855 2297 1855 2297 1856 2211 1856 2210 1856 2297 1857 2210 1857 2298 1857 2210 1858 2209 1858 2298 1858 2298 1859 2209 1859 2208 1859 2298 1860 2208 1860 2299 1860 2208 1861 2207 1861 2299 1861 2299 1862 2207 1862 2206 1862 2299 1863 2206 1863 2300 1863 2300 1864 2206 1864 2205 1864 2300 1865 2205 1865 2301 1865 2301 1866 2205 1866 2204 1866 2301 1867 2204 1867 2302 1867 2204 1868 2203 1868 2302 1868 2302 1869 2203 1869 2280 1869 2302 1870 2280 1870 2303 1870 2280 1871 2279 1871 2303 1871 2303 1872 2279 1872 2278 1872 2303 1873 2278 1873 2304 1873 2278 1874 2277 1874 2304 1874 2304 1875 2277 1875 2276 1875 2304 1876 2276 1876 2305 1876 2276 1877 2275 1877 2305 1877 2305 1878 2275 1878 2274 1878 2305 1879 2274 1879 2306 1879 2274 1880 2273 1880 2306 1880 2306 1881 2273 1881 2272 1881 2306 1882 2272 1882 2307 1882 2272 1883 2271 1883 2307 1883 2307 1884 2271 1884 2270 1884 2307 1885 2270 1885 2308 1885 2270 1886 2269 1886 2308 1886 2308 1887 2269 1887 2268 1887 2308 1888 2268 1888 2309 1888 2268 1889 2267 1889 2309 1889 2309 1890 2267 1890 2266 1890 2309 1891 2266 1891 2310 1891 2266 1892 2265 1892 2310 1892 2310 1893 2265 1893 2264 1893 2310 1894 2264 1894 2311 1894 2264 1895 2263 1895 2311 1895 2311 1896 2263 1896 2262 1896 2311 1897 2262 1897 2312 1897 2262 1898 2261 1898 2312 1898 2312 1899 2261 1899 2260 1899 2312 1900 2260 1900 2313 1900 2313 1901 2260 1901 2259 1901 2313 1902 2259 1902 2314 1902 2259 1903 2258 1903 2314 1903 2314 1904 2258 1904 2257 1904 2314 1905 2257 1905 2315 1905 2257 1906 2256 1906 2315 1906 2315 1907 2256 1907 2255 1907 2315 1908 2255 1908 2316 1908 2255 1909 2254 1909 2316 1909 2316 1910 2254 1910 2253 1910 2316 1911 2253 1911 2317 1911 2253 1912 2252 1912 2317 1912 2317 1913 2252 1913 2251 1913 2317 1914 2251 1914 2318 1914 2251 1915 2250 1915 2318 1915 2318 1916 2250 1916 2249 1916 2318 1917 2249 1917 2319 1917 2249 1918 2248 1918 2319 1918 2319 1919 2248 1919 2247 1919 2319 1920 2247 1920 2320 1920 2247 1921 2246 1921 2320 1921 2320 1922 2246 1922 2245 1922 2320 1923 2245 1923 2321 1923 2321 1924 2245 1924 2322 1924 2245 1925 2244 1925 2322 1925 2322 1926 2244 1926 2243 1926 2322 1927 2243 1927 2281 1927 2281 1928 2243 1928 2242 1928 2281 1929 2242 1929 2241 1929 1541 351 1542 351 2323 351 2310 351 2324 351 2309 351 2299 351 2325 351 2298 351 2298 351 2325 351 2326 351 2298 351 2326 351 2297 351 2294 351 2295 351 1772 351 1768 351 1769 351 2327 351 2327 351 1769 351 1770 351 2327 351 1770 351 2295 351 2295 351 1770 351 1771 351 2295 351 1771 351 1772 351 2328 351 1766 351 1765 351 2292 351 1777 351 2328 351 2328 351 1777 351 1778 351 2328 351 1778 351 1766 351 1772 351 1773 351 2294 351 2294 351 1773 351 1774 351 2294 351 1774 351 2293 351 2293 351 1774 351 1775 351 2293 351 1775 351 2292 351 2292 351 1775 351 1776 351 2292 351 1776 351 1777 351 1616 351 1617 351 2328 351 1616 351 2328 351 1615 351 1624 351 2288 351 1623 351 1623 351 2288 351 2289 351 1623 351 2289 351 1622 351 1622 351 2289 351 2290 351 1622 351 2290 351 1621 351 1621 351 2290 351 2291 351 1621 351 2291 351 1620 351 1620 351 2291 351 2292 351 1620 351 2292 351 1619 351 1619 351 2292 351 2328 351 1619 351 2328 351 1618 351 1618 351 2328 351 1617 351 1624 351 1625 351 2288 351 2288 351 1625 351 1626 351 2288 351 1626 351 2329 351 2329 351 1626 351 1614 351 2329 351 1614 351 1613 351 2287 351 2288 351 1698 351 1691 351 1692 351 2329 351 2329 351 1692 351 1693 351 2329 351 1693 351 1694 351 1694 351 1695 351 2329 351 2329 351 1695 351 1696 351 2329 351 1696 351 2288 351 2288 351 1696 351 1697 351 2288 351 1697 351 1698 351 1698 351 1699 351 2287 351 2287 351 1699 351 1700 351 2287 351 1700 351 2286 351 2286 351 1700 351 1701 351 2286 351 1701 351 2330 351 2330 351 1701 351 1702 351 2330 351 1702 351 1690 351 2331 351 2077 351 2078 351 2072 351 2073 351 2323 351 2078 351 2282 351 2331 351 2331 351 2282 351 2283 351 2331 351 2283 351 2332 351 2332 351 2283 351 2284 351 2332 351 2284 351 2330 351 2330 351 2284 351 2285 351 2330 351 2285 351 2286 351 2069 351 2320 351 2070 351 2070 351 2320 351 2321 351 2070 351 2321 351 2082 351 2082 351 2321 351 2322 351 2082 351 2322 351 2081 351 2081 351 2322 351 2281 351 2081 351 2281 351 2080 351 2080 351 2281 351 2282 351 2080 351 2282 351 2079 351 2079 351 2282 351 2078 351 2072 351 2323 351 2071 351 2073 351 2074 351 2323 351 2323 351 2074 351 2075 351 2323 351 2075 351 2331 351 2331 351 2075 351 2076 351 2331 351 2076 351 2077 351 1542 351 1543 351 2323 351 2323 351 1543 351 2320 351 2323 351 2320 351 2071 351 2071 351 2320 351 2069 351 1543 351 1544 351 2320 351 2320 351 1544 351 1545 351 2320 351 1545 351 2319 351 2319 351 1545 351 1546 351 2319 351 1546 351 2318 351 2318 351 1546 351 1534 351 2318 351 1534 351 2317 351 2317 351 2333 351 2316 351 2316 351 2333 351 2315 351 2333 351 2334 351 2004 351 2004 351 2005 351 2333 351 2333 351 2005 351 2006 351 2333 351 2006 351 2315 351 1996 351 2335 351 1995 351 1995 351 2335 351 2314 351 1995 351 2314 351 1993 351 1993 351 2314 351 2315 351 1993 351 2315 351 1994 351 1994 351 2315 351 2006 351 2000 351 2001 351 2336 351 2336 351 2001 351 2002 351 2336 351 2002 351 2334 351 2334 351 2002 351 2003 351 2334 351 2003 351 2004 351 1996 351 1997 351 2335 351 2335 351 1997 351 1998 351 2335 351 1998 351 2336 351 2336 351 1998 351 1999 351 2336 351 1999 351 2000 351 2311 351 2312 351 2335 351 2335 351 2312 351 2313 351 2335 351 2313 351 2314 351 2337 351 1929 351 1930 351 2337 351 1930 351 2324 351 1930 351 1918 351 2324 351 2324 351 1918 351 1917 351 2324 351 1917 351 2309 351 2309 351 1917 351 1919 351 2309 351 1919 351 2308 351 1925 351 1926 351 2338 351 2338 351 1926 351 1927 351 2338 351 1927 351 2337 351 2337 351 1927 351 1928 351 2337 351 1928 351 1929 351 1924 351 1925 351 2339 351 1919 351 1920 351 2308 351 2308 351 1920 351 1921 351 2308 351 1921 351 2307 351 2307 351 1921 351 1922 351 1924 351 2339 351 1923 351 1922 351 1923 351 2307 351 2307 351 1923 351 2339 351 2307 351 2339 351 2306 351 2306 351 2339 351 2305 351 2339 351 1455 351 1456 351 1461 351 2340 351 1460 351 1460 351 2340 351 1459 351 2339 351 1456 351 2305 351 2305 351 1456 351 1457 351 2305 351 1457 351 1458 351 1458 351 1459 351 2305 351 2305 351 1459 351 2340 351 2305 351 2340 351 2304 351 2304 351 2340 351 2303 351 2341 351 2342 351 2337 351 2336 351 2343 351 2344 351 2345 351 2346 351 2334 351 2334 351 2346 351 2347 351 2334 351 2347 351 2336 351 2336 351 2347 351 2348 351 2336 351 2348 351 2343 351 2349 351 2350 351 2351 351 2351 351 2350 351 2352 351 2351 351 2352 351 2345 351 2345 351 2352 351 2353 351 2345 351 2353 351 2346 351 2349 351 2351 351 2354 351 2354 351 2351 351 2355 351 2354 351 2355 351 2356 351 2357 351 2358 351 2359 351 2359 351 2358 351 2360 351 2361 351 2362 351 2363 351 2364 351 2365 351 2366 351 2366 351 2365 351 2367 351 2366 351 2367 351 2368 351 2342 351 2369 351 2337 351 2337 351 2369 351 2370 351 2337 351 2370 351 2338 351 2338 351 2370 351 2371 351 2338 351 2371 351 2367 351 2367 351 2371 351 2372 351 2367 351 2372 351 2368 351 1841 351 2340 351 2373 351 2373 351 2340 351 1461 351 2373 351 1461 351 1462 351 1851 351 1852 351 2374 351 1850 351 2325 351 1849 351 1849 351 2325 351 2299 351 1849 351 2299 351 1848 351 1848 351 2299 351 2300 351 1848 351 2300 351 1847 351 1847 351 2300 351 2301 351 1847 351 2301 351 1846 351 1846 351 2301 351 2302 351 1846 351 2302 351 1845 351 1845 351 2302 351 2303 351 1845 351 2303 351 1844 351 1844 351 2303 351 2340 351 1844 351 2340 351 1843 351 1843 351 2340 351 1841 351 1852 351 1853 351 2374 351 2374 351 1853 351 1854 351 2374 351 1854 351 2373 351 2373 351 1854 351 1842 351 2373 351 1842 351 1841 351 1534 351 1533 351 2317 351 2317 351 1533 351 1535 351 2317 351 1535 351 2333 351 2333 351 1535 351 1536 351 2333 351 1536 351 2334 351 2334 351 1536 351 1537 351 1540 351 2345 351 1539 351 1539 351 2345 351 2334 351 1539 351 2334 351 1538 351 1538 351 2334 351 1537 351 1925 351 2338 351 2339 351 2339 351 2338 351 1453 351 2339 351 1453 351 1455 351 1463 351 1464 351 2367 351 1464 351 1465 351 2367 351 2367 351 1465 351 1466 351 2367 351 1466 351 2338 351 2338 351 1466 351 1454 351 2338 351 1454 351 1453 351 1689 351 1691 351 2375 351 2375 351 1691 351 2329 351 2375 351 2329 351 2355 351 2355 351 2329 351 2361 351 2355 351 2361 351 2356 351 2356 351 2361 351 2363 351 1613 351 1615 351 2329 351 2329 351 1615 351 2328 351 2329 351 2328 351 2361 351 2361 351 2328 351 2359 351 2361 351 2359 351 2362 351 2362 351 2359 351 2360 351 1765 351 1767 351 2328 351 2328 351 1767 351 2376 351 2328 351 2376 351 2359 351 2359 351 2376 351 2377 351 2359 351 2377 351 2357 351 2357 351 2377 351 2365 351 2357 351 2365 351 2378 351 2378 351 2365 351 2364 351 2295 351 2296 351 2327 351 2327 351 2296 351 2297 351 2327 351 2297 351 2379 351 2379 351 2297 351 2326 351 2379 351 2326 351 2374 351 2374 351 2326 351 2325 351 2374 351 2325 351 1851 351 1851 351 2325 351 1850 351 1690 351 1689 351 2330 351 2330 351 1689 351 2375 351 2330 351 2375 351 2332 351 2332 351 2375 351 2355 351 2332 351 2355 351 2331 351 2331 351 2355 351 2351 351 2331 351 2351 351 2323 351 2323 351 2351 351 2345 351 2323 351 2345 351 1541 351 1541 351 2345 351 1540 351 1767 351 1768 351 2376 351 2376 351 1768 351 2327 351 2376 351 2327 351 2377 351 2377 351 2327 351 2379 351 2377 351 2379 351 2365 351 2365 351 2379 351 2374 351 2365 351 2374 351 2367 351 2367 351 2374 351 2373 351 2367 351 2373 351 1463 351 1463 351 2373 351 1462 351 2344 351 2341 351 2336 351 2336 351 2341 351 2337 351 2336 351 2337 351 2335 351 2335 351 2337 351 2324 351 2335 351 2324 351 2311 351 2311 351 2324 351 2310 351 2380 1930 2362 1930 2381 1930 2381 1930 2362 1930 2360 1930 2381 1931 2360 1931 2382 1931 2382 1931 2360 1931 2358 1931 2382 1932 2358 1932 2383 1932 2383 1932 2358 1932 2357 1932 2383 1933 2357 1933 2384 1933 2384 1933 2357 1933 2378 1933 2384 1934 2378 1934 2385 1934 2385 1934 2378 1934 2364 1934 2385 1935 2364 1935 2386 1935 2386 1935 2364 1935 2366 1935 2386 1936 2366 1936 2387 1936 2387 1936 2366 1936 2368 1936 2387 1937 2368 1937 2388 1937 2388 1937 2368 1937 2372 1937 2388 1938 2372 1938 2389 1938 2389 1938 2372 1938 2371 1938 2389 1939 2371 1939 2390 1939 2390 1939 2371 1939 2370 1939 2390 1940 2370 1940 2391 1940 2391 1940 2370 1940 2369 1940 2391 1941 2369 1941 2392 1941 2392 1941 2369 1941 2342 1941 2392 1942 2342 1942 2393 1942 2393 1943 2342 1943 2341 1943 2393 1944 2341 1944 2394 1944 2394 1945 2341 1945 2344 1945 2394 1946 2344 1946 2395 1946 2395 1946 2344 1946 2343 1946 2395 1947 2343 1947 2396 1947 2396 1947 2343 1947 2348 1947 2396 1948 2348 1948 2397 1948 2397 1948 2348 1948 2347 1948 2397 1949 2347 1949 2398 1949 2398 1949 2347 1949 2346 1949 2398 1950 2346 1950 2399 1950 2399 1950 2346 1950 2353 1950 2399 1951 2353 1951 2400 1951 2400 1951 2353 1951 2352 1951 2400 1952 2352 1952 2401 1952 2401 1952 2352 1952 2350 1952 2401 1953 2350 1953 2402 1953 2402 1953 2350 1953 2349 1953 2402 1954 2349 1954 2403 1954 2403 1954 2349 1954 2354 1954 2403 1955 2354 1955 2404 1955 2404 1955 2354 1955 2356 1955 2404 1956 2356 1956 2405 1956 2405 1956 2356 1956 2363 1956 2405 1957 2363 1957 2380 1957 2380 1957 2363 1957 2362 1957 2381 501 2382 501 2406 501 2120 501 2407 501 2117 501 2147 501 1790 501 2145 501 2145 501 1790 501 1793 501 2145 501 1793 501 2143 501 2143 501 1793 501 1795 501 2143 501 1795 501 2141 501 2141 501 1795 501 1797 501 2141 501 1797 501 2138 501 1797 501 1799 501 2138 501 2138 501 1799 501 2408 501 2138 501 2408 501 2135 501 2135 501 2408 501 2132 501 2129 501 2132 501 2409 501 2409 501 2132 501 1409 501 2410 501 1395 501 2408 501 2408 501 1395 501 1398 501 1398 501 1401 501 2408 501 2408 501 1401 501 1404 501 2408 501 1404 501 2132 501 2132 501 1404 501 1406 501 2132 501 1406 501 1409 501 1871 501 1873 501 2126 501 2126 501 1873 501 2123 501 2129 501 2409 501 2126 501 2126 501 2409 501 1869 501 2126 501 1869 501 1871 501 1890 501 1856 501 2411 501 1856 501 1855 501 2411 501 2411 501 1855 501 1860 501 2411 501 1860 501 2412 501 2412 501 1860 501 1863 501 2412 501 1863 501 2409 501 2409 501 1863 501 1866 501 2409 501 1866 501 1869 501 1873 501 1875 501 2123 501 2123 501 1875 501 1878 501 2123 501 1878 501 2120 501 2120 501 1878 501 1881 501 2120 501 1881 501 2407 501 2407 501 1881 501 1884 501 2407 501 1884 501 1887 501 2413 501 2111 501 2407 501 2407 501 2111 501 2114 501 2407 501 2114 501 2117 501 2414 501 1931 501 1936 501 2414 501 1936 501 2415 501 1954 501 2105 501 2413 501 2413 501 2105 501 2108 501 2413 501 2108 501 2111 501 1936 501 1939 501 2415 501 2415 501 1939 501 1942 501 2415 501 1942 501 1945 501 1947 501 1949 501 2413 501 2413 501 1949 501 1951 501 2413 501 1951 501 1954 501 1963 501 2102 501 1960 501 1960 501 2102 501 2105 501 1960 501 2105 501 1957 501 1957 501 2105 501 1954 501 1931 501 2414 501 1932 501 1932 501 2414 501 2416 501 1932 501 2416 501 1966 501 1963 501 1966 501 2102 501 2102 501 1966 501 2416 501 2102 501 2416 501 2099 501 2099 501 2416 501 2096 501 2417 501 2088 501 1467 501 2096 501 1498 501 2093 501 2093 501 1498 501 1501 501 2093 501 1501 501 2090 501 2090 501 1501 501 1504 501 2090 501 1504 501 2088 501 2088 501 1504 501 1468 501 2088 501 1468 501 1467 501 2027 501 2030 501 2417 501 2417 501 2030 501 2033 501 2417 501 2033 501 2088 501 2088 501 2033 501 2036 501 2088 501 2036 501 2086 501 2086 501 2036 501 2039 501 2086 501 2039 501 2083 501 2083 501 2039 501 2042 501 2083 501 2042 501 2199 501 2199 501 2042 501 2008 501 2199 501 2008 501 2196 501 2008 501 2007 501 2196 501 2196 501 2007 501 2012 501 2196 501 2012 501 2418 501 2418 501 2012 501 2015 501 2418 501 2015 501 2018 501 2021 501 2023 501 2417 501 2417 501 2023 501 2025 501 2417 501 2025 501 2027 501 1662 501 2184 501 2419 501 2419 501 2184 501 2187 501 2419 501 2187 501 2190 501 1635 501 2178 501 1632 501 1632 501 2178 501 2181 501 1632 501 2181 501 1627 501 1627 501 2181 501 2184 501 1627 501 2184 501 1628 501 1628 501 2184 501 1662 501 1645 501 1647 501 2420 501 1647 501 1650 501 2420 501 2420 501 1650 501 1653 501 2420 501 1653 501 2421 501 2421 501 1653 501 1656 501 2421 501 1656 501 2419 501 2419 501 1656 501 1659 501 2419 501 1659 501 1662 501 1635 501 1638 501 2178 501 2178 501 1638 501 1641 501 2178 501 1641 501 2420 501 2420 501 1641 501 1643 501 2420 501 1643 501 1645 501 1566 501 1569 501 2422 501 1569 501 1572 501 2422 501 2422 501 1572 501 1575 501 2422 501 1575 501 2420 501 1575 501 1578 501 2420 501 2420 501 1578 501 1581 501 2420 501 1581 501 2178 501 2178 501 1581 501 1584 501 1584 501 1548 501 2178 501 2178 501 1548 501 1547 501 2178 501 1547 501 2175 501 2175 501 1547 501 1552 501 2175 501 1552 501 2172 501 2172 501 1552 501 1555 501 2172 501 1555 501 2171 501 2171 501 1555 501 1558 501 2171 501 1558 501 2168 501 2168 501 1558 501 1561 501 2168 501 1561 501 1564 501 1729 501 2422 501 2423 501 1738 501 2168 501 2422 501 2422 501 2168 501 1564 501 2422 501 1564 501 1566 501 1738 501 1704 501 2168 501 2168 501 1704 501 1703 501 2168 501 1703 501 2165 501 2165 501 1703 501 1708 501 2165 501 1708 501 2162 501 1729 501 1732 501 2422 501 2422 501 1732 501 1735 501 2422 501 1735 501 1738 501 1719 501 1721 501 2424 501 2424 501 1721 501 1723 501 2424 501 1723 501 2423 501 2423 501 1723 501 1726 501 2423 501 1726 501 1729 501 1708 501 1711 501 2162 501 2162 501 1711 501 1714 501 2162 501 1714 501 2159 501 2159 501 1714 501 1717 501 1717 501 1719 501 2159 501 2159 501 1719 501 2424 501 2159 501 2424 501 2156 501 2156 501 2424 501 2153 501 2390 501 2391 501 2411 501 2411 501 2391 501 2392 501 2411 501 2392 501 2415 501 2415 501 2392 501 2393 501 2415 501 2393 501 2394 501 2390 501 2411 501 2389 501 2389 501 2411 501 2412 501 2389 501 2412 501 2388 501 2385 501 2425 501 2384 501 2384 501 2425 501 2383 501 2386 501 2387 501 2426 501 2406 501 2382 501 2427 501 2381 501 2406 501 2380 501 2380 501 2406 501 2428 501 2380 501 2428 501 2405 501 2429 501 2403 501 2428 501 2428 501 2403 501 2404 501 2428 501 2404 501 2405 501 2400 501 2401 501 2430 501 2430 501 2401 501 2402 501 2394 501 2395 501 2415 501 2415 501 2395 501 2396 501 2415 501 2396 501 2414 501 2414 501 2396 501 2397 501 2414 501 2397 501 2431 501 2431 501 2397 501 2398 501 2431 501 2398 501 2399 501 1799 501 1802 501 2408 501 2408 501 1802 501 1805 501 2408 501 1805 501 2410 501 2410 501 1805 501 1808 501 2410 501 1808 501 1811 501 1814 501 1780 501 2432 501 2432 501 1780 501 1779 501 2432 501 1779 501 2433 501 2433 501 1779 501 1784 501 2433 501 1784 501 1787 501 2414 501 1489 501 2416 501 2416 501 1489 501 1492 501 2416 501 1492 501 2096 501 2096 501 1492 501 1495 501 2096 501 1495 501 1498 501 1467 501 1472 501 2417 501 2417 501 1472 501 1475 501 2417 501 1475 501 2431 501 2431 501 1475 501 1478 501 1478 501 1481 501 2431 501 2431 501 1481 501 1484 501 2431 501 1484 501 2414 501 2414 501 1484 501 1486 501 2414 501 1486 501 1489 501 1421 501 1424 501 2412 501 2412 501 1424 501 2426 501 2412 501 2426 501 2388 501 2388 501 2426 501 2387 501 1409 501 1412 501 2409 501 2409 501 1412 501 1415 501 2409 501 1415 501 2412 501 2412 501 1415 501 1418 501 2412 501 1418 501 1421 501 1424 501 1388 501 2426 501 2426 501 1388 501 1387 501 2426 501 1387 501 2410 501 2410 501 1387 501 1392 501 2410 501 1392 501 1395 501 1887 501 1890 501 2407 501 2407 501 1890 501 2411 501 2407 501 2411 501 2413 501 2413 501 2411 501 2415 501 2413 501 2415 501 1947 501 1947 501 2415 501 1945 501 2399 501 2400 501 2431 501 2431 501 2400 501 2430 501 2431 501 2430 501 2417 501 2417 501 2430 501 2418 501 2417 501 2418 501 2021 501 2021 501 2418 501 2018 501 1811 501 1814 501 2410 501 2410 501 1814 501 2432 501 2410 501 2432 501 2426 501 2426 501 2432 501 2425 501 2426 501 2425 501 2386 501 2386 501 2425 501 2385 501 2402 501 2403 501 2430 501 2430 501 2403 501 2429 501 2430 501 2429 501 2418 501 2418 501 2429 501 2434 501 2418 501 2434 501 2196 501 2196 501 2434 501 2193 501 2433 501 2435 501 2432 501 2432 501 2435 501 2436 501 2432 501 2436 501 2425 501 2425 501 2436 501 2427 501 2425 501 2427 501 2383 501 2383 501 2427 501 2382 501 2190 501 2193 501 2419 501 2419 501 2193 501 2434 501 2419 501 2434 501 2421 501 2421 501 2434 501 2429 501 2421 501 2429 501 2420 501 2420 501 2429 501 2428 501 2420 501 2428 501 2422 501 2422 501 2428 501 2406 501 2422 501 2406 501 2423 501 2423 501 2406 501 2427 501 2423 501 2427 501 2424 501 2424 501 2427 501 2436 501 2424 501 2436 501 2153 501 2153 501 2436 501 2435 501 2153 501 2435 501 2151 501 2151 501 2435 501 2433 501 2151 501 2433 501 2147 501 2147 501 2433 501 1787 501 2147 501 1787 501 1790 501 2437 1958 2438 1958 2439 1958 2439 1959 2440 1959 2437 1959 2437 1960 2440 1960 2441 1960 2437 1961 2441 1961 2442 1961 2441 1962 2443 1962 2442 1962 2442 1963 2443 1963 2444 1963 2442 1964 2444 1964 2445 1964 2444 1965 2446 1965 2445 1965 2445 1966 2446 1966 2447 1966 2445 1967 2447 1967 2448 1967 2447 1968 2449 1968 2448 1968 2448 1969 2449 1969 2450 1969 2448 1970 2450 1970 2451 1970 2450 1971 2452 1971 2451 1971 2451 1972 2452 1972 2453 1972 2451 1973 2453 1973 2454 1973 2454 1974 2453 1974 2455 1974 2455 1975 2456 1975 2454 1975 2454 1976 2456 1976 2457 1976 2454 1977 2457 1977 2458 1977 2458 1978 2457 1978 2459 1978 2458 1979 2459 1979 2460 1979 2459 1980 2461 1980 2460 1980 2460 1981 2461 1981 2462 1981 2460 1982 2462 1982 2463 1982 2463 1983 2462 1983 2464 1983 2464 1984 2465 1984 2463 1984 2463 1985 2465 1985 2466 1985 2463 1986 2466 1986 2467 1986 2467 1987 2466 1987 2468 1987 2467 1988 2468 1988 2469 1988 2468 1989 2470 1989 2469 1989 2469 1990 2470 1990 2471 1990 2469 1991 2471 1991 2472 1991 2471 1992 2473 1992 2472 1992 2472 1993 2473 1993 2474 1993 2472 1994 2474 1994 2475 1994 2475 1995 2474 1995 2476 1995 2476 1996 2477 1996 2475 1996 2475 1997 2477 1997 2478 1997 2475 1998 2478 1998 2479 1998 2479 1999 2478 1999 2480 1999 2479 2000 2480 2000 2481 2000 2480 2001 2482 2001 2481 2001 2481 2002 2482 2002 2483 2002 2481 2003 2483 2003 2484 2003 2484 2004 2483 2004 2485 2004 2485 2005 2486 2005 2484 2005 2484 2006 2486 2006 2487 2006 2484 2007 2487 2007 2488 2007 2488 2008 2487 2008 2489 2008 2488 2009 2489 2009 2490 2009 2489 2010 2491 2010 2490 2010 2490 2011 2491 2011 2492 2011 2490 2012 2492 2012 2493 2012 2492 2013 2494 2013 2493 2013 2493 2014 2494 2014 2495 2014 2493 2015 2495 2015 2496 2015 2496 2016 2495 2016 2497 2016 2497 2017 2498 2017 2496 2017 2496 2018 2498 2018 2499 2018 2496 2019 2499 2019 2500 2019 2500 2020 2499 2020 2501 2020 2500 2021 2501 2021 2502 2021 2501 2022 2503 2022 2502 2022 2502 2023 2503 2023 2504 2023 2502 2024 2504 2024 2505 2024 2505 2025 2504 2025 2506 2025 2506 2026 2507 2026 2505 2026 2505 2027 2507 2027 2508 2027 2505 2028 2508 2028 2509 2028 2508 2029 2510 2029 2509 2029 2509 2030 2510 2030 2511 2030 2509 2031 2511 2031 2512 2031 2512 2032 2511 2032 2513 2032 2512 2033 2513 2033 2514 2033 2513 2034 2515 2034 2514 2034 2514 2035 2515 2035 2516 2035 2514 2036 2516 2036 2517 2036 2516 2037 2518 2037 2517 2037 2517 2038 2518 2038 2519 2038 2517 2039 2519 2039 2520 2039 2519 2040 2521 2040 2520 2040 2520 2041 2521 2041 2522 2041 2520 2042 2522 2042 2523 2042 2522 2043 2524 2043 2523 2043 2523 2044 2524 2044 2525 2044 2523 2045 2525 2045 2526 2045 2526 2046 2525 2046 2527 2046 2527 2047 2528 2047 2526 2047 2526 2048 2528 2048 2529 2048 2526 2049 2529 2049 2530 2049 2530 2050 2529 2050 2531 2050 2530 2051 2531 2051 2532 2051 2531 2052 2533 2052 2532 2052 2532 2053 2533 2053 2534 2053 2532 2054 2534 2054 2535 2054 2535 2055 2534 2055 2536 2055 2536 2056 2537 2056 2535 2056 2535 2057 2537 2057 2538 2057 2535 2058 2538 2058 2539 2058 2539 2059 2538 2059 2540 2059 2539 2060 2540 2060 2541 2060 2540 2061 2542 2061 2541 2061 2541 2062 2542 2062 2543 2062 2541 2063 2543 2063 2544 2063 2544 2064 2543 2064 2545 2064 2545 2065 2546 2065 2544 2065 2544 2066 2546 2066 2547 2066 2544 2067 2547 2067 2548 2067 2548 2068 2547 2068 2549 2068 2548 2069 2549 2069 2438 2069 2438 2070 2549 2070 2550 2070 2438 2071 2550 2071 2439 2071 2465 2072 2551 2072 2466 2072 2466 2072 2551 2072 2552 2072 2466 2073 2552 2073 2468 2073 2468 2073 2552 2073 2553 2073 2468 2074 2553 2074 2470 2074 2470 2074 2553 2074 2554 2074 2470 2075 2554 2075 2471 2075 2471 2075 2554 2075 2555 2075 2471 2076 2555 2076 2473 2076 2473 2076 2555 2076 2556 2076 2473 2077 2556 2077 2474 2077 2474 2077 2556 2077 2557 2077 2474 2078 2557 2078 2476 2078 2476 2078 2557 2078 2558 2078 2476 2079 2558 2079 2477 2079 2477 2079 2558 2079 2559 2079 2477 2080 2559 2080 2478 2080 2478 2080 2559 2080 2560 2080 2478 2081 2560 2081 2480 2081 2480 2081 2560 2081 2561 2081 2480 2082 2561 2082 2482 2082 2482 2082 2561 2082 2562 2082 2482 2083 2562 2083 2483 2083 2483 2083 2562 2083 2563 2083 2483 2084 2563 2084 2485 2084 2485 2084 2563 2084 2564 2084 2485 2085 2564 2085 2486 2085 2486 2085 2564 2085 2565 2085 2486 2086 2565 2086 2487 2086 2487 2086 2565 2086 2566 2086 2487 2087 2566 2087 2489 2087 2489 2087 2566 2087 2567 2087 2489 2088 2567 2088 2491 2088 2491 2088 2567 2088 2568 2088 2491 2089 2568 2089 2492 2089 2492 2089 2568 2089 2569 2089 2492 2090 2569 2090 2494 2090 2494 2090 2569 2090 2570 2090 2494 2091 2570 2091 2495 2091 2495 2091 2570 2091 2571 2091 2495 2092 2571 2092 2497 2092 2497 2092 2571 2092 2572 2092 2497 2093 2572 2093 2498 2093 2498 2093 2572 2093 2573 2093 2498 2094 2573 2094 2499 2094 2499 2094 2573 2094 2574 2094 2499 2095 2574 2095 2501 2095 2501 2095 2574 2095 2575 2095 2501 2096 2575 2096 2503 2096 2503 2096 2575 2096 2576 2096 2503 2097 2576 2097 2504 2097 2504 2097 2576 2097 2577 2097 2504 2098 2577 2098 2506 2098 2506 2098 2577 2098 2578 2098 2506 2099 2578 2099 2507 2099 2507 2099 2578 2099 2579 2099 2507 2100 2579 2100 2508 2100 2508 2100 2579 2100 2580 2100 2508 2101 2580 2101 2510 2101 2510 2101 2580 2101 2581 2101 2510 2102 2581 2102 2511 2102 2511 2102 2581 2102 2582 2102 2511 2103 2582 2103 2513 2103 2513 2103 2582 2103 2583 2103 2513 2104 2583 2104 2515 2104 2515 2104 2583 2104 2584 2104 2515 2105 2584 2105 2516 2105 2516 2105 2584 2105 2585 2105 2516 2106 2585 2106 2518 2106 2518 2106 2585 2106 2586 2106 2518 2107 2586 2107 2519 2107 2519 2107 2586 2107 2587 2107 2519 2108 2587 2108 2521 2108 2521 2108 2587 2108 2588 2108 2521 2109 2588 2109 2522 2109 2522 2109 2588 2109 2589 2109 2522 2110 2589 2110 2524 2110 2524 2110 2589 2110 2590 2110 2524 2111 2590 2111 2525 2111 2525 2111 2590 2111 2591 2111 2525 2112 2591 2112 2527 2112 2527 2112 2591 2112 2592 2112 2527 2113 2592 2113 2528 2113 2528 2113 2592 2113 2593 2113 2528 2114 2593 2114 2529 2114 2529 2114 2593 2114 2594 2114 2529 2115 2594 2115 2531 2115 2531 2115 2594 2115 2595 2115 2531 2116 2595 2116 2533 2116 2533 2116 2595 2116 2596 2116 2533 2117 2596 2117 2534 2117 2534 2117 2596 2117 2597 2117 2534 2118 2597 2118 2536 2118 2536 2118 2597 2118 2598 2118 2536 2119 2598 2119 2537 2119 2537 2119 2598 2119 2599 2119 2537 2120 2599 2120 2538 2120 2538 2120 2599 2120 2600 2120 2538 2121 2600 2121 2540 2121 2540 2121 2600 2121 2601 2121 2540 2122 2601 2122 2542 2122 2542 2122 2601 2122 2602 2122 2542 2123 2602 2123 2543 2123 2543 2123 2602 2123 2603 2123 2543 2124 2603 2124 2545 2124 2545 2124 2603 2124 2604 2124 2545 2125 2604 2125 2546 2125 2546 2125 2604 2125 2605 2125 2546 2126 2605 2126 2547 2126 2547 2126 2605 2126 2606 2126 2547 2127 2606 2127 2549 2127 2549 2127 2606 2127 2607 2127 2549 2128 2607 2128 2550 2128 2550 2128 2607 2128 2608 2128 2550 2129 2608 2129 2439 2129 2439 2129 2608 2129 2609 2129 2439 2130 2609 2130 2440 2130 2440 2130 2609 2130 2610 2130 2440 2131 2610 2131 2441 2131 2441 2131 2610 2131 2611 2131 2441 2132 2611 2132 2443 2132 2443 2132 2611 2132 2612 2132 2443 2133 2612 2133 2444 2133 2444 2133 2612 2133 2613 2133 2444 2134 2613 2134 2446 2134 2446 2134 2613 2134 2614 2134 2446 2135 2614 2135 2447 2135 2447 2135 2614 2135 2615 2135 2447 2136 2615 2136 2449 2136 2449 2136 2615 2136 2616 2136 2449 2137 2616 2137 2450 2137 2450 2137 2616 2137 2617 2137 2450 2138 2617 2138 2452 2138 2452 2138 2617 2138 2618 2138 2452 2139 2618 2139 2453 2139 2453 2139 2618 2139 2619 2139 2453 2140 2619 2140 2455 2140 2455 2140 2619 2140 2620 2140 2455 2141 2620 2141 2456 2141 2456 2141 2620 2141 2621 2141 2456 2142 2621 2142 2457 2142 2457 2142 2621 2142 2622 2142 2457 2143 2622 2143 2459 2143 2459 2143 2622 2143 2623 2143 2459 2144 2623 2144 2461 2144 2461 2144 2623 2144 2624 2144 2461 2145 2624 2145 2462 2145 2462 2145 2624 2145 2625 2145 2462 2146 2625 2146 2464 2146 2464 2146 2625 2146 2626 2146 2464 2147 2626 2147 2465 2147 2465 2147 2626 2147 2551 2147 2627 2148 2628 2148 2607 2148 2607 2149 2606 2149 2627 2149 2627 2150 2606 2150 2605 2150 2627 2151 2605 2151 2629 2151 2605 2152 2604 2152 2629 2152 2629 2153 2604 2153 2603 2153 2629 2154 2603 2154 2630 2154 2603 2155 2602 2155 2630 2155 2630 2156 2602 2156 2601 2156 2630 2157 2601 2157 2631 2157 2601 2158 2600 2158 2631 2158 2631 2159 2600 2159 2599 2159 2631 2160 2599 2160 2632 2160 2632 2161 2599 2161 2598 2161 2598 2162 2597 2162 2632 2162 2632 2163 2597 2163 2596 2163 2632 2164 2596 2164 2633 2164 2633 2165 2596 2165 2595 2165 2633 2166 2595 2166 2634 2166 2634 2167 2595 2167 2594 2167 2594 2168 2593 2168 2634 2168 2634 2169 2593 2169 2592 2169 2634 2170 2592 2170 2635 2170 2635 2171 2592 2171 2591 2171 2635 2172 2591 2172 2636 2172 2591 2173 2590 2173 2636 2173 2636 2174 2590 2174 2589 2174 2636 2175 2589 2175 2637 2175 2637 2176 2589 2176 2588 2176 2588 2177 2587 2177 2637 2177 2637 2178 2587 2178 2586 2178 2637 2179 2586 2179 2638 2179 2586 2180 2585 2180 2638 2180 2638 2181 2585 2181 2584 2181 2638 2182 2584 2182 2639 2182 2584 2183 2583 2183 2639 2183 2639 2184 2583 2184 2582 2184 2639 2185 2582 2185 2640 2185 2640 2186 2582 2186 2581 2186 2640 2187 2581 2187 2641 2187 2641 2188 2581 2188 2580 2188 2580 2189 2579 2189 2641 2189 2641 2190 2579 2190 2578 2190 2641 2191 2578 2191 2642 2191 2578 2192 2577 2192 2642 2192 2642 2193 2577 2193 2576 2193 2642 2194 2576 2194 2643 2194 2643 2195 2576 2195 2575 2195 2643 2196 2575 2196 2644 2196 2644 2197 2575 2197 2574 2197 2574 2198 2573 2198 2644 2198 2644 2199 2573 2199 2572 2199 2644 2200 2572 2200 2645 2200 2645 2201 2572 2201 2571 2201 2645 2202 2571 2202 2646 2202 2646 2203 2571 2203 2570 2203 2570 2204 2569 2204 2646 2204 2646 2205 2569 2205 2568 2205 2646 2206 2568 2206 2647 2206 2647 2207 2568 2207 2567 2207 2647 2208 2567 2208 2648 2208 2567 2209 2566 2209 2648 2209 2648 2210 2566 2210 2565 2210 2648 2211 2565 2211 2649 2211 2649 2212 2565 2212 2564 2212 2564 2213 2563 2213 2649 2213 2649 2214 2563 2214 2562 2214 2649 2215 2562 2215 2650 2215 2562 2216 2561 2216 2650 2216 2650 2217 2561 2217 2560 2217 2650 2218 2560 2218 2651 2218 2560 2219 2559 2219 2651 2219 2651 2220 2559 2220 2558 2220 2651 2221 2558 2221 2652 2221 2652 2222 2558 2222 2557 2222 2652 2223 2557 2223 2653 2223 2557 2224 2556 2224 2653 2224 2653 2225 2556 2225 2555 2225 2653 2226 2555 2226 2654 2226 2555 2227 2554 2227 2654 2227 2654 2228 2554 2228 2553 2228 2654 2229 2553 2229 2655 2229 2655 2230 2553 2230 2552 2230 2552 2231 2551 2231 2655 2231 2655 2232 2551 2232 2626 2232 2655 2233 2626 2233 2656 2233 2626 2234 2625 2234 2656 2234 2656 2235 2625 2235 2624 2235 2656 2236 2624 2236 2657 2236 2624 2237 2623 2237 2657 2237 2657 2238 2623 2238 2622 2238 2657 2239 2622 2239 2658 2239 2658 2240 2622 2240 2621 2240 2658 2241 2621 2241 2659 2241 2659 2242 2621 2242 2620 2242 2620 2243 2619 2243 2659 2243 2659 2244 2619 2244 2618 2244 2659 2245 2618 2245 2660 2245 2660 2246 2618 2246 2617 2246 2660 2247 2617 2247 2661 2247 2617 2248 2616 2248 2661 2248 2661 2249 2616 2249 2615 2249 2661 2250 2615 2250 2662 2250 2662 2251 2615 2251 2614 2251 2614 2252 2613 2252 2662 2252 2662 2253 2613 2253 2612 2253 2662 2254 2612 2254 2663 2254 2612 2255 2611 2255 2663 2255 2663 2256 2611 2256 2610 2256 2663 2257 2610 2257 2664 2257 2664 2258 2610 2258 2609 2258 2664 2259 2609 2259 2628 2259 2628 2260 2609 2260 2608 2260 2628 2261 2608 2261 2607 2261 2665 2262 2666 2262 2667 2262 2667 2263 2666 2263 2668 2263 2667 2264 2668 2264 2669 2264 2669 2265 2668 2265 2670 2265 2669 2266 2670 2266 2671 2266 2671 2267 2670 2267 2672 2267 2671 2268 2672 2268 2673 2268 2673 2269 2672 2269 2674 2269 2673 2270 2674 2270 2675 2270 2675 2271 2674 2271 2676 2271 2675 2272 2676 2272 2677 2272 2677 2273 2676 2273 2678 2273 2677 2274 2678 2274 2679 2274 2679 2275 2678 2275 2680 2275 2679 2276 2680 2276 2681 2276 2681 2277 2680 2277 2682 2277 2681 2278 2682 2278 2683 2278 2683 2279 2682 2279 2684 2279 2683 2280 2684 2280 2685 2280 2685 2281 2684 2281 2686 2281 2685 2282 2686 2282 2687 2282 2687 2283 2686 2283 2688 2283 2687 2284 2688 2284 2665 2284 2665 2285 2688 2285 2666 2285 2669 2286 2689 2286 2667 2286 2667 2286 2689 2286 2690 2286 2667 2287 2690 2287 2665 2287 2665 2287 2690 2287 2691 2287 2665 2288 2691 2288 2687 2288 2687 2288 2691 2288 2692 2288 2687 2289 2692 2289 2685 2289 2685 2289 2692 2289 2693 2289 2685 2290 2693 2290 2683 2290 2683 2290 2693 2290 2694 2290 2683 2291 2694 2291 2681 2291 2681 2291 2694 2291 2695 2291 2681 2292 2695 2292 2679 2292 2679 2292 2695 2292 2696 2292 2679 2293 2696 2293 2677 2293 2677 2293 2696 2293 2697 2293 2677 2294 2697 2294 2675 2294 2675 2294 2697 2294 2698 2294 2675 2295 2698 2295 2673 2295 2673 2295 2698 2295 2699 2295 2673 2296 2699 2296 2671 2296 2671 2296 2699 2296 2700 2296 2671 2297 2700 2297 2669 2297 2669 2297 2700 2297 2689 2297 2693 2298 2701 2298 2694 2298 2694 2299 2701 2299 2702 2299 2694 2300 2702 2300 2695 2300 2695 2301 2702 2301 2703 2301 2695 2302 2703 2302 2696 2302 2696 2303 2703 2303 2704 2303 2696 2304 2704 2304 2697 2304 2697 2305 2704 2305 2705 2305 2697 2306 2705 2306 2698 2306 2698 2307 2705 2307 2706 2307 2698 2308 2706 2308 2699 2308 2699 2309 2706 2309 2707 2309 2699 2310 2707 2310 2700 2310 2700 2311 2707 2311 2708 2311 2700 2312 2708 2312 2689 2312 2689 2313 2708 2313 2709 2313 2689 2314 2709 2314 2690 2314 2690 2315 2709 2315 2710 2315 2690 2316 2710 2316 2691 2316 2691 2317 2710 2317 2711 2317 2691 2318 2711 2318 2692 2318 2692 2319 2711 2319 2712 2319 2692 2320 2712 2320 2693 2320 2693 2321 2712 2321 2701 2321 2713 2322 2714 2322 2715 2322 2715 2323 2714 2323 2716 2323 2715 2324 2716 2324 2717 2324 2717 2325 2716 2325 2718 2325 2717 2326 2718 2326 2719 2326 2719 2327 2718 2327 2720 2327 2719 2328 2720 2328 2721 2328 2721 2329 2720 2329 2722 2329 2721 2330 2722 2330 2723 2330 2723 2331 2722 2331 2724 2331 2723 2332 2724 2332 2725 2332 2725 2333 2724 2333 2726 2333 2725 2334 2726 2334 2727 2334 2727 2335 2726 2335 2728 2335 2727 2336 2728 2336 2729 2336 2729 2337 2728 2337 2730 2337 2729 2338 2730 2338 2731 2338 2731 2339 2730 2339 2732 2339 2731 2340 2732 2340 2733 2340 2733 2341 2732 2341 2734 2341 2733 2342 2734 2342 2735 2342 2735 2343 2734 2343 2736 2343 2735 2344 2736 2344 2713 2344 2713 2345 2736 2345 2714 2345 2717 2286 2737 2286 2715 2286 2715 2286 2737 2286 2738 2286 2715 2346 2738 2346 2713 2346 2713 2346 2738 2346 2739 2346 2713 2347 2739 2347 2735 2347 2735 2347 2739 2347 2740 2347 2735 2348 2740 2348 2733 2348 2733 2348 2740 2348 2741 2348 2733 2349 2741 2349 2731 2349 2731 2349 2741 2349 2742 2349 2731 2291 2742 2291 2729 2291 2729 2291 2742 2291 2743 2291 2729 2292 2743 2292 2727 2292 2727 2292 2743 2292 2744 2292 2727 2350 2744 2350 2725 2350 2725 2350 2744 2350 2745 2350 2725 2351 2745 2351 2723 2351 2723 2351 2745 2351 2746 2351 2723 2352 2746 2352 2721 2352 2721 2352 2746 2352 2747 2352 2721 2353 2747 2353 2719 2353 2719 2353 2747 2353 2748 2353 2719 2297 2748 2297 2717 2297 2717 2297 2748 2297 2737 2297 2741 2354 2749 2354 2742 2354 2742 2355 2749 2355 2750 2355 2742 2356 2750 2356 2743 2356 2743 2357 2750 2357 2751 2357 2743 2358 2751 2358 2744 2358 2744 2359 2751 2359 2752 2359 2744 2360 2752 2360 2745 2360 2745 2361 2752 2361 2753 2361 2745 2362 2753 2362 2746 2362 2746 2363 2753 2363 2754 2363 2746 2364 2754 2364 2747 2364 2747 2309 2754 2309 2755 2309 2747 2365 2755 2365 2748 2365 2748 2366 2755 2366 2756 2366 2748 2367 2756 2367 2737 2367 2737 2368 2756 2368 2757 2368 2737 2369 2757 2369 2738 2369 2738 2370 2757 2370 2758 2370 2738 2371 2758 2371 2739 2371 2739 2372 2758 2372 2759 2372 2739 2373 2759 2373 2740 2373 2740 2374 2759 2374 2760 2374 2740 2375 2760 2375 2741 2375 2741 2376 2760 2376 2749 2376 2761 501 2762 501 2763 501 2763 501 2762 501 2764 501 2763 501 2764 501 2765 501 2765 501 2764 501 2766 501 2765 501 2766 501 2767 501 2767 501 2766 501 2768 501 2767 501 2768 501 2769 501 2769 501 2768 501 2770 501 2769 501 2770 501 2771 501 2771 501 2770 501 2772 501 2771 501 2772 501 2773 501 2773 501 2772 501 2774 501 2773 501 2774 501 2775 501 2775 501 2774 501 2776 501 2775 501 2776 501 2777 501 2777 501 2776 501 2778 501 2777 501 2778 501 2779 501 2779 501 2778 501 2780 501 2779 501 2780 501 2781 501 2781 501 2780 501 2782 501 2781 501 2782 501 2783 501 2783 501 2782 501 2784 501 2783 501 2784 501 2785 501 2784 501 2786 501 2785 501 2785 501 2786 501 2787 501 2785 501 2787 501 2788 501 2788 501 2787 501 2789 501 2788 501 2789 501 2790 501 2790 501 2789 501 2791 501 2790 501 2791 501 2792 501 2792 501 2791 501 2793 501 2792 501 2793 501 2794 501 2794 501 2793 501 2795 501 2794 501 2795 501 2796 501 2796 501 2795 501 2797 501 2796 501 2797 501 2798 501 2798 501 2797 501 2799 501 2798 501 2799 501 2800 501 2800 501 2799 501 2801 501 2800 501 2801 501 2802 501 2802 501 2801 501 2803 501 2802 501 2803 501 2804 501 2804 501 2803 501 2805 501 2804 501 2805 501 2806 501 2806 501 2805 501 2807 501 2806 501 2807 501 2808 501 2808 501 2807 501 2809 501 2808 501 2809 501 2810 501 2810 501 2809 501 2811 501 2810 501 2811 501 2812 501 2812 501 2811 501 2813 501 2812 501 2813 501 2761 501 2761 501 2813 501 2814 501 2761 501 2814 501 2762 501 2771 2377 2773 2377 2815 2377 2815 2378 2816 2378 2771 2378 2771 2379 2816 2379 2817 2379 2771 2380 2817 2380 2769 2380 2817 2381 2818 2381 2769 2381 2769 2382 2818 2382 2819 2382 2769 2383 2819 2383 2767 2383 2819 2384 2820 2384 2767 2384 2767 2385 2820 2385 2821 2385 2767 2386 2821 2386 2765 2386 2821 2387 2822 2387 2765 2387 2765 2388 2822 2388 2823 2388 2765 2389 2823 2389 2763 2389 2823 2390 2824 2390 2763 2390 2763 2391 2824 2391 2825 2391 2763 2392 2825 2392 2761 2392 2761 2393 2825 2393 2826 2393 2826 2394 2827 2394 2761 2394 2761 2395 2827 2395 2828 2395 2761 2396 2828 2396 2812 2396 2828 2397 2829 2397 2812 2397 2812 2398 2829 2398 2830 2398 2812 2399 2830 2399 2810 2399 2830 2400 2831 2400 2810 2400 2810 2401 2831 2401 2832 2401 2810 2402 2832 2402 2808 2402 2832 2403 2833 2403 2808 2403 2808 2404 2833 2404 2834 2404 2808 2405 2834 2405 2806 2405 2834 2406 2835 2406 2806 2406 2806 2407 2835 2407 2836 2407 2806 2408 2836 2408 2804 2408 2836 2409 2837 2409 2804 2409 2804 2410 2837 2410 2838 2410 2804 2411 2838 2411 2802 2411 2838 2412 2839 2412 2802 2412 2802 2413 2839 2413 2840 2413 2802 2414 2840 2414 2800 2414 2840 2415 2841 2415 2800 2415 2800 2416 2841 2416 2842 2416 2800 2417 2842 2417 2798 2417 2798 2418 2842 2418 2843 2418 2798 2419 2843 2419 2796 2419 2843 2420 2844 2420 2796 2420 2796 2421 2844 2421 2845 2421 2796 2422 2845 2422 2794 2422 2845 2423 2846 2423 2794 2423 2794 2424 2846 2424 2847 2424 2794 2425 2847 2425 2792 2425 2847 2426 2848 2426 2792 2426 2792 2427 2848 2427 2849 2427 2792 2428 2849 2428 2790 2428 2849 2429 2850 2429 2790 2429 2790 2430 2850 2430 2851 2430 2790 2431 2851 2431 2788 2431 2851 2432 2852 2432 2788 2432 2788 2433 2852 2433 2853 2433 2788 2434 2853 2434 2785 2434 2853 2435 2854 2435 2785 2435 2785 2436 2854 2436 2855 2436 2785 2437 2855 2437 2783 2437 2855 2438 2856 2438 2783 2438 2783 2439 2856 2439 2857 2439 2783 2440 2857 2440 2781 2440 2857 2441 2858 2441 2781 2441 2781 2442 2858 2442 2859 2442 2781 2443 2859 2443 2779 2443 2859 2444 2860 2444 2779 2444 2779 2445 2860 2445 2861 2445 2779 2446 2861 2446 2777 2446 2861 2447 2862 2447 2777 2447 2777 2448 2862 2448 2863 2448 2777 2449 2863 2449 2775 2449 2863 2450 2864 2450 2775 2450 2775 2451 2864 2451 2865 2451 2775 2452 2865 2452 2773 2452 2773 2453 2865 2453 2866 2453 2773 2454 2866 2454 2815 2454 2853 2455 2867 2455 2854 2455 2854 2455 2867 2455 2868 2455 2854 2456 2868 2456 2855 2456 2855 2456 2868 2456 2869 2456 2855 2457 2869 2457 2856 2457 2856 2457 2869 2457 2870 2457 2856 2458 2870 2458 2857 2458 2857 2458 2870 2458 2871 2458 2857 2459 2871 2459 2858 2459 2858 2459 2871 2459 2872 2459 2858 2460 2872 2460 2859 2460 2859 2460 2872 2460 2873 2460 2859 2461 2873 2461 2860 2461 2860 2461 2873 2461 2874 2461 2860 2462 2874 2462 2861 2462 2861 2462 2874 2462 2875 2462 2861 2463 2875 2463 2862 2463 2862 2463 2875 2463 2876 2463 2862 2464 2876 2464 2863 2464 2863 2464 2876 2464 2877 2464 2863 2465 2877 2465 2864 2465 2864 2465 2877 2465 2878 2465 2864 2466 2878 2466 2865 2466 2865 2466 2878 2466 2879 2466 2865 2467 2879 2467 2866 2467 2866 2467 2879 2467 2880 2467 2866 2468 2880 2468 2815 2468 2815 2468 2880 2468 2881 2468 2815 2469 2881 2469 2816 2469 2816 2469 2881 2469 2882 2469 2816 2470 2882 2470 2817 2470 2817 2470 2882 2470 2883 2470 2817 2471 2883 2471 2818 2471 2818 2471 2883 2471 2884 2471 2818 2472 2884 2472 2819 2472 2819 2472 2884 2472 2885 2472 2819 2473 2885 2473 2820 2473 2820 2473 2885 2473 2886 2473 2820 2474 2886 2474 2821 2474 2821 2474 2886 2474 2887 2474 2821 2475 2887 2475 2822 2475 2822 2475 2887 2475 2888 2475 2822 2476 2888 2476 2823 2476 2823 2476 2888 2476 2889 2476 2823 2477 2889 2477 2824 2477 2824 2477 2889 2477 2890 2477 2824 2478 2890 2478 2825 2478 2825 2478 2890 2478 2891 2478 2825 2479 2891 2479 2826 2479 2826 2479 2891 2479 2892 2479 2826 2480 2892 2480 2827 2480 2827 2480 2892 2480 2893 2480 2827 2481 2893 2481 2828 2481 2828 2481 2893 2481 2894 2481 2828 2482 2894 2482 2829 2482 2829 2482 2894 2482 2895 2482 2829 2483 2895 2483 2830 2483 2830 2483 2895 2483 2896 2483 2830 2484 2896 2484 2831 2484 2831 2484 2896 2484 2897 2484 2831 2485 2897 2485 2832 2485 2832 2485 2897 2485 2898 2485 2832 2486 2898 2486 2833 2486 2833 2486 2898 2486 2899 2486 2833 2487 2899 2487 2834 2487 2834 2487 2899 2487 2900 2487 2834 2488 2900 2488 2835 2488 2835 2488 2900 2488 2901 2488 2835 2489 2901 2489 2836 2489 2836 2489 2901 2489 2902 2489 2836 2490 2902 2490 2837 2490 2837 2490 2902 2490 2903 2490 2837 2491 2903 2491 2838 2491 2838 2491 2903 2491 2904 2491 2838 2492 2904 2492 2839 2492 2839 2492 2904 2492 2905 2492 2839 2493 2905 2493 2840 2493 2840 2493 2905 2493 2906 2493 2840 2494 2906 2494 2841 2494 2841 2494 2906 2494 2907 2494 2841 2495 2907 2495 2842 2495 2842 2495 2907 2495 2908 2495 2842 2496 2908 2496 2843 2496 2843 2496 2908 2496 2909 2496 2843 2497 2909 2497 2844 2497 2844 2497 2909 2497 2910 2497 2844 2498 2910 2498 2845 2498 2845 2498 2910 2498 2911 2498 2845 2499 2911 2499 2846 2499 2846 2499 2911 2499 2912 2499 2846 2500 2912 2500 2847 2500 2847 2500 2912 2500 2913 2500 2847 2501 2913 2501 2848 2501 2848 2501 2913 2501 2914 2501 2848 2502 2914 2502 2849 2502 2849 2502 2914 2502 2915 2502 2849 2503 2915 2503 2850 2503 2850 2503 2915 2503 2916 2503 2850 2504 2916 2504 2851 2504 2851 2504 2916 2504 2917 2504 2851 2505 2917 2505 2852 2505 2852 2505 2917 2505 2918 2505 2852 2506 2918 2506 2853 2506 2853 2506 2918 2506 2867 2506 2919 2507 2920 2507 2880 2507 2880 2508 2879 2508 2919 2508 2919 2509 2879 2509 2878 2509 2919 2510 2878 2510 2921 2510 2878 2511 2877 2511 2921 2511 2921 2512 2877 2512 2876 2512 2921 2513 2876 2513 2922 2513 2876 2514 2875 2514 2922 2514 2922 2515 2875 2515 2874 2515 2922 2516 2874 2516 2923 2516 2874 2517 2873 2517 2923 2517 2923 2518 2873 2518 2872 2518 2923 2519 2872 2519 2924 2519 2872 2520 2871 2520 2924 2520 2924 2521 2871 2521 2870 2521 2924 2522 2870 2522 2925 2522 2870 2523 2869 2523 2925 2523 2925 2524 2869 2524 2868 2524 2925 2525 2868 2525 2926 2525 2868 2526 2867 2526 2926 2526 2926 2527 2867 2527 2918 2527 2926 2528 2918 2528 2927 2528 2918 2529 2917 2529 2927 2529 2927 2530 2917 2530 2916 2530 2927 2531 2916 2531 2928 2531 2916 2532 2915 2532 2928 2532 2928 2533 2915 2533 2914 2533 2928 2534 2914 2534 2929 2534 2914 2535 2913 2535 2929 2535 2929 2536 2913 2536 2912 2536 2929 2537 2912 2537 2930 2537 2912 2538 2911 2538 2930 2538 2930 2539 2911 2539 2910 2539 2930 2540 2910 2540 2931 2540 2931 2541 2910 2541 2909 2541 2931 2542 2909 2542 2932 2542 2909 2543 2908 2543 2932 2543 2932 2544 2908 2544 2907 2544 2932 2545 2907 2545 2933 2545 2907 2546 2906 2546 2933 2546 2933 2547 2906 2547 2905 2547 2933 2548 2905 2548 2934 2548 2905 2549 2904 2549 2934 2549 2934 2550 2904 2550 2903 2550 2934 2551 2903 2551 2935 2551 2903 2552 2902 2552 2935 2552 2935 2553 2902 2553 2901 2553 2935 2554 2901 2554 2936 2554 2901 2555 2900 2555 2936 2555 2936 2556 2900 2556 2899 2556 2936 2557 2899 2557 2937 2557 2899 2558 2898 2558 2937 2558 2937 2559 2898 2559 2897 2559 2937 2560 2897 2560 2938 2560 2894 2561 2939 2561 2895 2561 2895 2562 2939 2562 2938 2562 2895 2563 2938 2563 2896 2563 2896 2564 2938 2564 2897 2564 2894 2565 2893 2565 2939 2565 2939 2566 2893 2566 2892 2566 2939 2567 2892 2567 2940 2567 2892 2568 2891 2568 2940 2568 2940 2569 2891 2569 2890 2569 2940 2570 2890 2570 2941 2570 2890 2571 2889 2571 2941 2571 2941 2572 2889 2572 2888 2572 2941 2573 2888 2573 2942 2573 2888 2574 2887 2574 2942 2574 2942 2575 2887 2575 2886 2575 2942 2576 2886 2576 2943 2576 2886 2577 2885 2577 2943 2577 2943 2578 2885 2578 2884 2578 2943 2579 2884 2579 2944 2579 2884 2580 2883 2580 2944 2580 2944 2581 2883 2581 2882 2581 2944 2582 2882 2582 2920 2582 2920 2583 2882 2583 2881 2583 2920 2584 2881 2584 2880 2584 2945 2585 2946 2585 2947 2585 2947 2263 2946 2263 2948 2263 2947 2586 2948 2586 2949 2586 2949 2587 2948 2587 2950 2587 2949 2588 2950 2588 2951 2588 2951 2589 2950 2589 2952 2589 2951 2590 2952 2590 2953 2590 2953 2591 2952 2591 2954 2591 2953 2592 2954 2592 2955 2592 2955 2593 2954 2593 2956 2593 2955 2272 2956 2272 2957 2272 2957 2594 2956 2594 2958 2594 2957 2595 2958 2595 2959 2595 2959 2596 2958 2596 2960 2596 2959 2597 2960 2597 2961 2597 2961 2598 2960 2598 2962 2598 2961 2599 2962 2599 2963 2599 2963 2600 2962 2600 2964 2600 2963 2601 2964 2601 2965 2601 2965 2602 2964 2602 2966 2602 2965 2603 2966 2603 2967 2603 2967 2604 2966 2604 2968 2604 2967 2284 2968 2284 2945 2284 2945 2605 2968 2605 2946 2605 2949 2606 2969 2606 2947 2606 2947 2606 2969 2606 2970 2606 2947 2607 2970 2607 2945 2607 2945 2607 2970 2607 2971 2607 2945 2288 2971 2288 2967 2288 2967 2288 2971 2288 2972 2288 2967 2289 2972 2289 2965 2289 2965 2289 2972 2289 2973 2289 2965 2290 2973 2290 2963 2290 2963 2290 2973 2290 2974 2290 2963 2608 2974 2608 2961 2608 2961 2608 2974 2608 2975 2608 2961 2609 2975 2609 2959 2609 2959 2609 2975 2609 2976 2609 2959 2293 2976 2293 2957 2293 2957 2293 2976 2293 2977 2293 2957 2294 2977 2294 2955 2294 2955 2294 2977 2294 2978 2294 2955 2295 2978 2295 2953 2295 2953 2295 2978 2295 2979 2295 2953 2610 2979 2610 2951 2610 2951 2610 2979 2610 2980 2610 2951 2611 2980 2611 2949 2611 2949 2611 2980 2611 2969 2611 2973 2612 2981 2612 2974 2612 2974 2613 2981 2613 2982 2613 2974 2614 2982 2614 2975 2614 2975 2615 2982 2615 2983 2615 2975 2616 2983 2616 2976 2616 2976 2617 2983 2617 2984 2617 2976 2618 2984 2618 2977 2618 2977 2619 2984 2619 2985 2619 2977 2620 2985 2620 2978 2620 2978 2621 2985 2621 2986 2621 2978 2308 2986 2308 2979 2308 2979 2622 2986 2622 2987 2622 2979 2623 2987 2623 2980 2623 2980 2311 2987 2311 2988 2311 2980 2624 2988 2624 2969 2624 2969 2625 2988 2625 2989 2625 2969 2626 2989 2626 2970 2626 2970 2627 2989 2627 2990 2627 2970 2628 2990 2628 2971 2628 2971 2629 2990 2629 2991 2629 2971 2630 2991 2630 2972 2630 2972 2631 2991 2631 2992 2631 2972 2320 2992 2320 2973 2320 2973 2632 2992 2632 2981 2632 2993 2633 2994 2633 2995 2633 2995 2634 2994 2634 2996 2634 2995 2635 2996 2635 2997 2635 2997 2636 2996 2636 2998 2636 2997 2637 2998 2637 2999 2637 2999 2638 2998 2638 3000 2638 2999 2639 3000 2639 3001 2639 3001 2640 3000 2640 3002 2640 3001 2641 3002 2641 3003 2641 3003 2642 3002 2642 3004 2642 3003 2332 3004 2332 3005 2332 3005 2594 3004 2594 3006 2594 3005 2643 3006 2643 3007 2643 3007 2644 3006 2644 3008 2644 3007 2645 3008 2645 3009 2645 3009 2646 3008 2646 3010 2646 3009 2647 3010 2647 3011 2647 3011 2648 3010 2648 3012 2648 3011 2649 3012 2649 3013 2649 3013 2602 3012 2602 3014 2602 3013 2650 3014 2650 3015 2650 3015 2651 3014 2651 3016 2651 3015 2652 3016 2652 2993 2652 2993 2653 3016 2653 2994 2653 2997 2606 3017 2606 2995 2606 2995 2606 3017 2606 3018 2606 2995 2654 3018 2654 2993 2654 2993 2654 3018 2654 3019 2654 2993 2655 3019 2655 3015 2655 3015 2655 3019 2655 3020 2655 3015 2348 3020 2348 3013 2348 3013 2348 3020 2348 3021 2348 3013 2656 3021 2656 3011 2656 3011 2656 3021 2656 3022 2656 3011 2608 3022 2608 3009 2608 3009 2608 3022 2608 3023 2608 3009 2609 3023 2609 3007 2609 3007 2609 3023 2609 3024 2609 3007 2657 3024 2657 3005 2657 3005 2657 3024 2657 3025 2657 3005 2351 3025 2351 3003 2351 3003 2351 3025 2351 3026 2351 3003 2658 3026 2658 3001 2658 3001 2658 3026 2658 3027 2658 3001 2659 3027 2659 2999 2659 2999 2659 3027 2659 3028 2659 2999 2611 3028 2611 2997 2611 2997 2611 3028 2611 3017 2611 3021 2660 3029 2660 3022 2660 3022 2661 3029 2661 3030 2661 3022 2662 3030 2662 3023 2662 3023 2663 3030 2663 3031 2663 3023 2664 3031 2664 3024 2664 3024 2665 3031 2665 3032 2665 3024 2666 3032 2666 3025 2666 3025 2619 3032 2619 3033 2619 3025 2667 3033 2667 3026 2667 3026 2668 3033 2668 3034 2668 3026 2669 3034 2669 3027 2669 3027 2670 3034 2670 3035 2670 3027 2671 3035 2671 3028 2671 3028 2672 3035 2672 3036 2672 3028 2673 3036 2673 3017 2673 3017 2674 3036 2674 3037 2674 3017 2675 3037 2675 3018 2675 3018 2676 3037 2676 3038 2676 3018 2677 3038 2677 3019 2677 3019 2678 3038 2678 3039 2678 3019 2679 3039 2679 3020 2679 3020 2680 3039 2680 3040 2680 3020 2375 3040 2375 3021 2375 3021 2681 3040 2681 3029 2681 3041 2585 3042 2585 3043 2585 3043 2263 3042 2263 3044 2263 3043 2586 3044 2586 3045 2586 3045 2587 3044 2587 3046 2587 3045 2588 3046 2588 3047 2588 3047 2589 3046 2589 3048 2589 3047 2590 3048 2590 3049 2590 3049 2591 3048 2591 3050 2591 3049 2592 3050 2592 3051 2592 3051 2593 3050 2593 3052 2593 3051 2272 3052 2272 3053 2272 3053 2594 3052 2594 3054 2594 3053 2595 3054 2595 3055 2595 3055 2596 3054 2596 3056 2596 3055 2597 3056 2597 3057 2597 3057 2598 3056 2598 3058 2598 3057 2599 3058 2599 3059 2599 3059 2600 3058 2600 3060 2600 3059 2601 3060 2601 3061 2601 3061 2602 3060 2602 3062 2602 3061 2603 3062 2603 3063 2603 3063 2604 3062 2604 3064 2604 3063 2284 3064 2284 3041 2284 3041 2605 3064 2605 3042 2605 3045 2606 3065 2606 3043 2606 3043 2606 3065 2606 3066 2606 3043 2607 3066 2607 3041 2607 3041 2607 3066 2607 3067 2607 3041 2288 3067 2288 3063 2288 3063 2288 3067 2288 3068 2288 3063 2289 3068 2289 3061 2289 3061 2289 3068 2289 3069 2289 3061 2290 3069 2290 3059 2290 3059 2290 3069 2290 3070 2290 3059 2608 3070 2608 3057 2608 3057 2608 3070 2608 3071 2608 3057 2609 3071 2609 3055 2609 3055 2609 3071 2609 3072 2609 3055 2293 3072 2293 3053 2293 3053 2293 3072 2293 3073 2293 3053 2294 3073 2294 3051 2294 3051 2294 3073 2294 3074 2294 3051 2295 3074 2295 3049 2295 3049 2295 3074 2295 3075 2295 3049 2610 3075 2610 3047 2610 3047 2610 3075 2610 3076 2610 3047 2611 3076 2611 3045 2611 3045 2611 3076 2611 3065 2611 3069 2612 3077 2612 3070 2612 3070 2613 3077 2613 3078 2613 3070 2614 3078 2614 3071 2614 3071 2615 3078 2615 3079 2615 3071 2616 3079 2616 3072 2616 3072 2617 3079 2617 3080 2617 3072 2618 3080 2618 3073 2618 3073 2619 3080 2619 3081 2619 3073 2620 3081 2620 3074 2620 3074 2621 3081 2621 3082 2621 3074 2308 3082 2308 3075 2308 3075 2622 3082 2622 3083 2622 3075 2623 3083 2623 3076 2623 3076 2311 3083 2311 3084 2311 3076 2624 3084 2624 3065 2624 3065 2625 3084 2625 3085 2625 3065 2626 3085 2626 3066 2626 3066 2627 3085 2627 3086 2627 3066 2628 3086 2628 3067 2628 3067 2629 3086 2629 3087 2629 3067 2630 3087 2630 3068 2630 3068 2631 3087 2631 3088 2631 3068 2320 3088 2320 3069 2320 3069 2632 3088 2632 3077 2632 2663 351 2664 351 3089 351 3087 351 3090 351 3088 351 3088 351 3090 351 3091 351 3088 351 3091 351 3077 351 3077 351 3091 351 3078 351 2640 351 2641 351 3092 351 3092 351 2641 351 3079 351 3087 351 3086 351 3090 351 3090 351 3086 351 3085 351 3090 351 3085 351 2645 351 2645 351 3085 351 3084 351 2645 351 3084 351 2644 351 2644 351 3084 351 3083 351 2644 351 3083 351 2643 351 2643 351 3083 351 3082 351 2643 351 3082 351 2642 351 2642 351 3082 351 3081 351 2642 351 3081 351 2641 351 2641 351 3081 351 3080 351 2641 351 3080 351 3079 351 2640 351 3092 351 2639 351 2639 351 3092 351 3093 351 2639 351 3093 351 2638 351 3040 351 3039 351 3094 351 3039 351 3038 351 3094 351 3094 351 3038 351 3037 351 3094 351 3037 351 3093 351 3037 351 3036 351 3093 351 3093 351 3036 351 3035 351 3093 351 3035 351 2638 351 2638 351 3035 351 3034 351 2638 351 3034 351 2637 351 2637 351 3034 351 3033 351 2637 351 3033 351 2636 351 2636 351 3033 351 3032 351 2636 351 3032 351 2635 351 3040 351 2633 351 3029 351 3029 351 2633 351 2634 351 3029 351 2634 351 3030 351 3030 351 2634 351 2635 351 3030 351 2635 351 3031 351 3031 351 2635 351 3032 351 3040 351 3094 351 2633 351 2633 351 3094 351 3095 351 2633 351 3095 351 2632 351 2985 351 2984 351 3095 351 2984 351 2630 351 3095 351 3095 351 2630 351 2631 351 3095 351 2631 351 2632 351 2984 351 2983 351 2630 351 2630 351 2983 351 2982 351 2630 351 2982 351 2629 351 2629 351 2982 351 2981 351 2629 351 2981 351 2627 351 2627 351 2981 351 2992 351 2989 351 3096 351 2990 351 2990 351 3096 351 3089 351 2990 351 3089 351 2991 351 2989 351 2988 351 3096 351 3096 351 2988 351 2987 351 3096 351 2987 351 3097 351 3097 351 2987 351 2986 351 2992 351 2991 351 2627 351 2627 351 2991 351 3089 351 2627 351 3089 351 2628 351 2628 351 3089 351 2664 351 3098 351 2661 351 3089 351 3089 351 2661 351 2662 351 3089 351 2662 351 2663 351 3099 351 3096 351 3100 351 3100 351 3096 351 3101 351 3100 351 3101 351 3102 351 3102 351 3101 351 3103 351 3099 351 3104 351 3096 351 3096 351 3104 351 3105 351 3096 351 3105 351 3089 351 3089 351 3105 351 3106 351 3089 351 3106 351 3098 351 2659 351 2660 351 3107 351 3107 351 2660 351 3108 351 3098 351 3109 351 2661 351 2661 351 3109 351 3110 351 2661 351 3110 351 2660 351 2660 351 3110 351 3111 351 2660 351 3111 351 3108 351 2659 351 3107 351 2658 351 2658 351 3107 351 3112 351 2658 351 3112 351 2657 351 2754 351 2753 351 3113 351 3112 351 2749 351 2657 351 2657 351 2749 351 2760 351 2657 351 2760 351 2656 351 2656 351 2760 351 2759 351 2656 351 2759 351 2655 351 2655 351 2759 351 2758 351 2655 351 2758 351 2654 351 2758 351 2757 351 2654 351 2654 351 2757 351 2756 351 2654 351 2756 351 2653 351 2653 351 2756 351 2755 351 2653 351 2755 351 2652 351 2652 351 2755 351 2754 351 2753 351 2752 351 3113 351 3113 351 2752 351 2751 351 3113 351 2751 351 3112 351 3112 351 2751 351 2750 351 3112 351 2750 351 2749 351 2754 351 3113 351 2652 351 2652 351 3113 351 3114 351 2652 351 3114 351 2651 351 2711 351 2710 351 3114 351 2710 351 2649 351 3114 351 3114 351 2649 351 2650 351 3114 351 2650 351 2651 351 2702 351 2701 351 3090 351 2710 351 2709 351 2649 351 2649 351 2709 351 2708 351 2649 351 2708 351 2648 351 2648 351 2708 351 2707 351 2648 351 2707 351 2647 351 2647 351 2707 351 2706 351 2647 351 2706 351 2646 351 2646 351 2706 351 2705 351 2646 351 2705 351 2645 351 2645 351 2705 351 2704 351 2645 351 2704 351 3090 351 3090 351 2704 351 2703 351 3090 351 2703 351 2702 351 2701 351 2712 351 3115 351 2701 351 3115 351 3090 351 3090 351 3115 351 2930 351 3090 351 2930 351 2931 351 2926 351 2927 351 3116 351 3116 351 2927 351 2928 351 3116 351 2928 351 3115 351 3115 351 2928 351 2929 351 3115 351 2929 351 2930 351 2926 351 3116 351 2925 351 2925 351 3116 351 3117 351 2925 351 3117 351 2924 351 2919 351 2921 351 3101 351 3101 351 2921 351 2922 351 3101 351 2922 351 3117 351 3117 351 2922 351 2923 351 3117 351 2923 351 2924 351 2919 351 3101 351 2920 351 2920 351 3101 351 3096 351 2920 351 3096 351 2944 351 2944 351 3096 351 3097 351 2944 351 3097 351 2943 351 2937 351 2938 351 3118 351 3118 351 2938 351 2939 351 3118 351 2939 351 3119 351 2939 351 2940 351 3119 351 3119 351 2940 351 2941 351 3119 351 2941 351 3097 351 3097 351 2941 351 2942 351 3097 351 2942 351 2943 351 3091 351 2935 351 3118 351 3118 351 2935 351 2936 351 3118 351 2936 351 2937 351 2931 351 2932 351 3090 351 3090 351 2932 351 2933 351 3090 351 2933 351 3091 351 3091 351 2933 351 2934 351 3091 351 2934 351 2935 351 3079 351 3078 351 3092 351 3092 351 3078 351 3091 351 3092 351 3091 351 3093 351 3093 351 3091 351 3118 351 3093 351 3118 351 3094 351 3094 351 3118 351 3119 351 3094 351 3119 351 3095 351 3095 351 3119 351 3097 351 3095 351 3097 351 2985 351 2985 351 3097 351 2986 351 2712 351 2711 351 3115 351 3115 351 2711 351 3114 351 3115 351 3114 351 3116 351 3116 351 3114 351 3113 351 3116 351 3113 351 3117 351 3117 351 3113 351 3112 351 3117 351 3112 351 3101 351 3101 351 3112 351 3107 351 3101 351 3107 351 3103 351 3103 351 3107 351 3108 351 3120 2298 3098 2298 3121 2298 3121 2299 3098 2299 3106 2299 3121 2300 3106 2300 3122 2300 3122 2301 3106 2301 3105 2301 3122 2302 3105 2302 3123 2302 3123 2303 3105 2303 3104 2303 3123 2304 3104 2304 3124 2304 3124 2305 3104 2305 3099 2305 3124 2306 3099 2306 3125 2306 3125 2307 3099 2307 3100 2307 3125 2308 3100 2308 3126 2308 3126 2309 3100 2309 3102 2309 3126 2310 3102 2310 3127 2310 3127 2311 3102 2311 3103 2311 3127 2312 3103 2312 3128 2312 3128 2313 3103 2313 3108 2313 3128 2314 3108 2314 3129 2314 3129 2315 3108 2315 3111 2315 3129 2316 3111 2316 3130 2316 3130 2317 3111 2317 3110 2317 3130 2318 3110 2318 3131 2318 3131 2319 3110 2319 3109 2319 3131 2320 3109 2320 3120 2320 3120 2321 3109 2321 3098 2321 3132 2286 3128 2286 3133 2286 3133 2286 3128 2286 3129 2286 3133 2287 3129 2287 3134 2287 3134 2287 3129 2287 3130 2287 3134 2288 3130 2288 3135 2288 3135 2288 3130 2288 3131 2288 3135 2289 3131 2289 3136 2289 3136 2289 3131 2289 3120 2289 3136 2290 3120 2290 3137 2290 3137 2290 3120 2290 3121 2290 3137 2291 3121 2291 3138 2291 3138 2291 3121 2291 3122 2291 3138 2292 3122 2292 3139 2292 3139 2292 3122 2292 3123 2292 3139 2293 3123 2293 3140 2293 3140 2293 3123 2293 3124 2293 3140 2294 3124 2294 3141 2294 3141 2294 3124 2294 3125 2294 3141 2295 3125 2295 3142 2295 3142 2295 3125 2295 3126 2295 3142 2296 3126 2296 3143 2296 3143 2296 3126 2296 3127 2296 3143 2297 3127 2297 3132 2297 3132 2297 3127 2297 3128 2297 3134 2262 3144 2262 3133 2262 3133 2263 3144 2263 3145 2263 3133 2264 3145 2264 3132 2264 3132 2265 3145 2265 3146 2265 3132 2266 3146 2266 3143 2266 3143 2267 3146 2267 3147 2267 3143 2268 3147 2268 3142 2268 3142 2269 3147 2269 3148 2269 3142 2270 3148 2270 3141 2270 3141 2271 3148 2271 3149 2271 3141 2272 3149 2272 3140 2272 3140 2273 3149 2273 3150 2273 3140 2274 3150 2274 3139 2274 3139 2275 3150 2275 3151 2275 3139 2276 3151 2276 3138 2276 3138 2277 3151 2277 3152 2277 3138 2278 3152 2278 3137 2278 3137 2279 3152 2279 3153 2279 3137 2280 3153 2280 3136 2280 3136 2281 3153 2281 3154 2281 3136 2282 3154 2282 3135 2282 3135 2283 3154 2283 3155 2283 3135 2284 3155 2284 3134 2284 3134 2285 3155 2285 3144 2285 3156 501 3157 501 3158 501 2535 501 2539 501 3159 501 2437 501 2442 501 3160 501 2451 501 2454 501 3161 501 2479 501 2481 501 3162 501 2688 501 2686 501 3163 501 2670 501 2668 501 3164 501 3164 501 2668 501 2666 501 3164 501 2666 501 2688 501 2672 501 2481 501 2674 501 2674 501 2481 501 2484 501 2674 501 2484 501 2676 501 2676 501 2484 501 2488 501 2676 501 2488 501 2678 501 2678 501 2488 501 2490 501 2678 501 2490 501 2680 501 2680 501 2490 501 2493 501 2680 501 2493 501 2682 501 2682 501 2493 501 3163 501 2682 501 3163 501 2684 501 2684 501 3163 501 2686 501 2479 501 3162 501 2475 501 2475 501 3162 501 3165 501 2475 501 3165 501 2472 501 3165 501 2726 501 2472 501 2472 501 2726 501 2724 501 2472 501 2724 501 2469 501 2469 501 2724 501 2722 501 2469 501 2722 501 2467 501 2467 501 2722 501 2720 501 2467 501 2720 501 2463 501 2734 501 3166 501 2736 501 2736 501 3166 501 2458 501 2736 501 2458 501 2714 501 2714 501 2458 501 2460 501 2714 501 2460 501 2716 501 2716 501 2460 501 2463 501 2716 501 2463 501 2718 501 2718 501 2463 501 2720 501 2734 501 2732 501 3166 501 3166 501 2732 501 2730 501 3166 501 2730 501 3165 501 3165 501 2730 501 2728 501 3165 501 2728 501 2726 501 2451 501 3161 501 2448 501 2448 501 3161 501 3167 501 2448 501 3167 501 3147 501 3151 501 3150 501 3168 501 3168 501 3150 501 3149 501 3168 501 3149 501 3167 501 3167 501 3149 501 3148 501 3167 501 3148 501 3147 501 3147 501 3146 501 2448 501 2448 501 3146 501 3145 501 2448 501 3145 501 2445 501 2445 501 3145 501 3144 501 2445 501 3144 501 2442 501 3144 501 3155 501 2442 501 2442 501 3155 501 3154 501 2442 501 3154 501 3160 501 3160 501 3154 501 3153 501 3160 501 3153 501 3168 501 3168 501 3153 501 3152 501 3168 501 3152 501 3151 501 2544 501 2548 501 3160 501 3160 501 2548 501 2438 501 3160 501 2438 501 2437 501 2956 501 2954 501 3168 501 2962 501 2960 501 3169 501 3169 501 2960 501 2958 501 3169 501 2958 501 2956 501 2954 501 2952 501 3168 501 3168 501 2952 501 2950 501 3168 501 2950 501 3160 501 3160 501 2950 501 2948 501 3160 501 2948 501 2544 501 2948 501 2946 501 2544 501 2544 501 2946 501 2968 501 2544 501 2968 501 2541 501 2541 501 2968 501 2966 501 2541 501 2966 501 2539 501 2539 501 2966 501 2964 501 2535 501 3159 501 2532 501 2532 501 3159 501 3170 501 2532 501 3170 501 2530 501 3004 501 3002 501 3156 501 3156 501 3002 501 3000 501 2998 501 2996 501 3170 501 3170 501 2996 501 2994 501 3170 501 2994 501 2530 501 2530 501 2994 501 3016 501 2530 501 3016 501 2526 501 2526 501 3016 501 3014 501 2526 501 3014 501 2523 501 2523 501 3014 501 3012 501 2523 501 3012 501 2520 501 3012 501 3010 501 2520 501 2520 501 3010 501 3008 501 2520 501 3008 501 2517 501 2517 501 3008 501 3006 501 2517 501 3006 501 2514 501 2505 501 2509 501 3171 501 3171 501 2509 501 2512 501 3171 501 2512 501 2514 501 3163 501 3046 501 3044 501 3046 501 3163 501 3048 501 3048 501 3163 501 2493 501 3048 501 2493 501 3050 501 3050 501 2493 501 2496 501 3050 501 2496 501 3052 501 3052 501 2496 501 2500 501 3052 501 2500 501 3054 501 3054 501 2500 501 2502 501 3054 501 2502 501 3056 501 3056 501 2502 501 2505 501 3056 501 2505 501 3058 501 3044 501 3042 501 3163 501 3163 501 3042 501 3064 501 3163 501 3064 501 3158 501 3158 501 3064 501 3062 501 3158 501 3062 501 3060 501 3172 501 3173 501 3170 501 3170 501 3173 501 3156 501 3170 501 3156 501 2998 501 2998 501 3156 501 3000 501 2956 501 3168 501 3169 501 3169 501 3168 501 3174 501 3169 501 3174 501 3175 501 3175 501 3176 501 3169 501 3169 501 3176 501 3177 501 3169 501 3177 501 3178 501 3178 501 3177 501 3179 501 3178 501 3179 501 3180 501 3181 501 3182 501 3167 501 3182 501 3183 501 3167 501 3167 501 3183 501 3184 501 3167 501 3184 501 3168 501 3168 501 3184 501 3185 501 3168 501 3185 501 3174 501 3186 501 3187 501 3188 501 3188 501 3187 501 3166 501 3188 501 3166 501 3189 501 3189 501 3166 501 3165 501 3190 501 3191 501 3192 501 3192 501 3191 501 3193 501 3193 501 3191 501 3194 501 3194 501 3191 501 3164 501 3194 501 3164 501 3195 501 2688 501 3163 501 3164 501 3164 501 3163 501 3196 501 3164 501 3196 501 3195 501 3197 501 3198 501 3158 501 3158 501 3198 501 3199 501 3158 501 3199 501 3163 501 3163 501 3199 501 3200 501 3163 501 3200 501 3196 501 3173 501 3201 501 3156 501 3156 501 3201 501 3202 501 3156 501 3202 501 3157 501 3157 501 3202 501 3203 501 3157 501 3203 501 3158 501 3158 501 3203 501 3204 501 3158 501 3204 501 3197 501 2964 501 2962 501 2539 501 2539 501 2962 501 3169 501 2539 501 3169 501 3159 501 3159 501 3169 501 3178 501 3159 501 3178 501 3170 501 3170 501 3178 501 3180 501 3170 501 3180 501 3172 501 2454 501 2458 501 3161 501 3161 501 2458 501 3166 501 3161 501 3166 501 3167 501 3167 501 3166 501 3187 501 3167 501 3187 501 3181 501 3181 501 3187 501 3186 501 3006 501 3004 501 2514 501 2514 501 3004 501 3156 501 2514 501 3156 501 3171 501 3171 501 3156 501 3158 501 3171 501 3158 501 2505 501 2505 501 3158 501 3060 501 2505 501 3060 501 3058 501 2672 501 2670 501 2481 501 2481 501 2670 501 3164 501 2481 501 3164 501 3162 501 3162 501 3164 501 3191 501 3162 501 3191 501 3165 501 3165 501 3191 501 3190 501 3165 501 3190 501 3189 501 3205 2682 3206 2682 3173 2682 3173 2683 3206 2683 3201 2683 3206 2683 3207 2683 3201 2683 3201 2684 3207 2684 3208 2684 3201 2684 3208 2684 3202 2684 3202 2685 3208 2685 3209 2685 3202 2685 3209 2685 3203 2685 3203 2686 3209 2686 3210 2686 3203 2686 3210 2686 3204 2686 3204 2687 3210 2687 3211 2687 3204 2687 3211 2687 3197 2687 3197 2688 3211 2688 3212 2688 3197 2688 3212 2688 3198 2688 3198 2689 3212 2689 3213 2689 3198 2689 3213 2689 3199 2689 3199 2690 3213 2690 3214 2690 3199 2690 3214 2690 3200 2690 3200 2691 3214 2691 3215 2691 3200 2691 3215 2691 3196 2691 3196 2692 3215 2692 3216 2692 3196 2692 3216 2692 3195 2692 3195 2693 3216 2693 3217 2693 3195 2693 3217 2693 3194 2693 3194 2694 3217 2694 3218 2694 3194 2694 3218 2694 3193 2694 3193 2695 3218 2695 3219 2695 3193 2695 3219 2695 3192 2695 3192 2696 3219 2696 3220 2696 3192 2696 3220 2696 3190 2696 3190 2697 3220 2697 3221 2697 3190 2697 3221 2697 3189 2697 3189 2698 3221 2698 3222 2698 3189 2698 3222 2698 3188 2698 3188 2699 3222 2699 3223 2699 3188 2699 3223 2699 3186 2699 3186 2700 3223 2700 3224 2700 3186 2700 3224 2700 3181 2700 3181 2701 3224 2701 3225 2701 3181 2701 3225 2701 3182 2701 3182 2702 3225 2702 3226 2702 3182 2702 3226 2702 3183 2702 3183 2703 3226 2703 3227 2703 3183 2703 3227 2703 3184 2703 3184 2704 3227 2704 3228 2704 3184 2704 3228 2704 3185 2704 3185 2705 3228 2705 3229 2705 3185 2705 3229 2705 3174 2705 3174 2706 3229 2706 3230 2706 3174 2706 3230 2706 3175 2706 3175 2707 3230 2707 3231 2707 3175 2707 3231 2707 3176 2707 3176 2708 3231 2708 3232 2708 3176 2708 3232 2708 3177 2708 3177 2709 3232 2709 3233 2709 3177 2709 3233 2709 3179 2709 3179 2710 3233 2710 3234 2710 3179 2710 3234 2710 3180 2710 3180 2711 3234 2711 3205 2711 3180 2711 3205 2711 3172 2711 3172 2682 3205 2682 3173 2682 3235 501 3213 501 3236 501 3236 501 3213 501 3212 501 3236 501 3212 501 3237 501 3237 501 3212 501 3211 501 3237 501 3211 501 3238 501 3238 501 3211 501 3210 501 3238 501 3210 501 3239 501 3239 501 3210 501 3209 501 3239 501 3209 501 3240 501 3240 501 3209 501 3208 501 3240 501 3208 501 3241 501 3241 501 3208 501 3207 501 3241 501 3207 501 3242 501 3242 501 3207 501 3206 501 3242 501 3206 501 3243 501 3243 501 3206 501 3205 501 3243 501 3205 501 3244 501 3244 501 3205 501 3234 501 3244 501 3234 501 3245 501 3245 501 3234 501 3233 501 3245 501 3233 501 3246 501 3246 501 3233 501 3232 501 3246 501 3232 501 3247 501 3247 501 3232 501 3231 501 3247 501 3231 501 3248 501 3248 501 3231 501 3230 501 3248 501 3230 501 3249 501 3230 501 3229 501 3249 501 3249 501 3229 501 3228 501 3249 501 3228 501 3250 501 3250 501 3228 501 3227 501 3250 501 3227 501 3251 501 3251 501 3227 501 3226 501 3251 501 3226 501 3252 501 3252 501 3226 501 3225 501 3252 501 3225 501 3253 501 3253 501 3225 501 3224 501 3253 501 3224 501 3254 501 3254 501 3224 501 3223 501 3254 501 3223 501 3255 501 3255 501 3223 501 3222 501 3255 501 3222 501 3256 501 3256 501 3222 501 3221 501 3256 501 3221 501 3257 501 3257 501 3221 501 3220 501 3257 501 3220 501 3258 501 3258 501 3220 501 3219 501 3258 501 3219 501 3259 501 3259 501 3219 501 3218 501 3259 501 3218 501 3260 501 3260 501 3218 501 3217 501 3260 501 3217 501 3261 501 3261 501 3217 501 3216 501 3261 501 3216 501 3262 501 3262 501 3216 501 3215 501 3262 501 3215 501 3235 501 3235 501 3215 501 3214 501 3235 501 3214 501 3213 501 2801 2712 2799 2712 3263 2712 2776 2713 2774 2713 3264 2713 3264 2714 3265 2714 2776 2714 2776 2715 3265 2715 3266 2715 2776 2716 3266 2716 2778 2716 3266 2717 3267 2717 2778 2717 2778 2718 3267 2718 3268 2718 2778 2719 3268 2719 2780 2719 3268 2720 3269 2720 2780 2720 2780 2721 3269 2721 3270 2721 2780 2722 3270 2722 2782 2722 3270 2723 3271 2723 2782 2723 2782 2724 3271 2724 3272 2724 2782 2725 3272 2725 2784 2725 3272 2726 3273 2726 2784 2726 2784 2727 3273 2727 3274 2727 2784 2728 3274 2728 2786 2728 3274 2729 3275 2729 2786 2729 2786 2730 3275 2730 3276 2730 2786 2731 3276 2731 2787 2731 3276 2732 3277 2732 2787 2732 2787 2733 3277 2733 3278 2733 2787 2734 3278 2734 2789 2734 3278 2735 3279 2735 2789 2735 2789 2736 3279 2736 3280 2736 2789 2737 3280 2737 2791 2737 3280 2738 3281 2738 2791 2738 2791 2739 3281 2739 3282 2739 2791 2740 3282 2740 2793 2740 3282 2741 3283 2741 2793 2741 2793 2742 3283 2742 3284 2742 2793 2743 3284 2743 2795 2743 3284 2744 3285 2744 2795 2744 2795 2745 3285 2745 3286 2745 2795 2746 3286 2746 2797 2746 3286 2747 3287 2747 2797 2747 2797 2748 3287 2748 3288 2748 2797 2749 3288 2749 2799 2749 2799 2750 3288 2750 3289 2750 2799 2751 3289 2751 3263 2751 3263 2752 3290 2752 2801 2752 2801 2753 3290 2753 3291 2753 2801 2754 3291 2754 2803 2754 2803 2755 3291 2755 3292 2755 2803 2756 3292 2756 2805 2756 3292 2757 3293 2757 2805 2757 2805 2758 3293 2758 3294 2758 2805 2759 3294 2759 2807 2759 3294 2760 3295 2760 2807 2760 2807 2761 3295 2761 3296 2761 2807 2762 3296 2762 2809 2762 3296 2763 3297 2763 2809 2763 2809 2764 3297 2764 3298 2764 2809 2765 3298 2765 2811 2765 3298 2766 3299 2766 2811 2766 2811 2767 3299 2767 3300 2767 2811 2768 3300 2768 2813 2768 3300 2769 3301 2769 2813 2769 2813 2770 3301 2770 3302 2770 2813 2771 3302 2771 2814 2771 2814 2772 3302 2772 3303 2772 3303 2773 3304 2773 2814 2773 2814 2774 3304 2774 3305 2774 2814 2775 3305 2775 2762 2775 3305 2776 3306 2776 2762 2776 2762 2777 3306 2777 3307 2777 2762 2778 3307 2778 2764 2778 3307 2779 3308 2779 2764 2779 2764 2780 3308 2780 3309 2780 2764 2781 3309 2781 2766 2781 3309 2782 3310 2782 2766 2782 2766 2783 3310 2783 3311 2783 2766 2784 3311 2784 2768 2784 3311 2785 3312 2785 2768 2785 2768 2786 3312 2786 3313 2786 2768 2787 3313 2787 2770 2787 3313 2788 3314 2788 2770 2788 2770 2789 3314 2789 3315 2789 2770 2790 3315 2790 2772 2790 3315 2791 3316 2791 2772 2791 2772 2792 3316 2792 3317 2792 2772 2793 3317 2793 2774 2793 2774 2794 3317 2794 3318 2794 2774 2795 3318 2795 3264 2795 3278 2796 3256 2796 3257 2796 3258 2797 3280 2797 3257 2797 3257 2798 3280 2798 3279 2798 3257 2799 3279 2799 3278 2799 3259 2800 3282 2800 3258 2800 3258 2801 3282 2801 3281 2801 3258 2802 3281 2802 3280 2802 3260 2803 3284 2803 3259 2803 3259 2804 3284 2804 3283 2804 3259 2805 3283 2805 3282 2805 3261 2806 3286 2806 3260 2806 3260 2807 3286 2807 3285 2807 3260 2808 3285 2808 3284 2808 3262 2809 3288 2809 3261 2809 3261 2810 3288 2810 3287 2810 3261 2811 3287 2811 3286 2811 3291 2812 3290 2812 3235 2812 3235 2813 3290 2813 3263 2813 3235 2814 3263 2814 3262 2814 3262 2815 3263 2815 3289 2815 3262 2816 3289 2816 3288 2816 3291 2817 3235 2817 3292 2817 3292 2818 3235 2818 3236 2818 3292 2819 3236 2819 3293 2819 3293 2820 3236 2820 3294 2820 3294 2821 3236 2821 3237 2821 3294 2822 3237 2822 3295 2822 3295 2823 3237 2823 3296 2823 3296 2824 3237 2824 3238 2824 3296 2825 3238 2825 3297 2825 3297 2826 3238 2826 3298 2826 3298 2827 3238 2827 3239 2827 3298 2828 3239 2828 3299 2828 3299 2829 3239 2829 3300 2829 3300 2830 3239 2830 3240 2830 3300 2831 3240 2831 3301 2831 3301 2832 3240 2832 3302 2832 3302 2833 3240 2833 3241 2833 3302 2834 3241 2834 3303 2834 3244 2835 3307 2835 3243 2835 3243 2836 3307 2836 3306 2836 3243 2837 3306 2837 3242 2837 3242 2837 3306 2837 3305 2837 3242 2838 3305 2838 3241 2838 3241 2839 3305 2839 3304 2839 3241 2840 3304 2840 3303 2840 3245 2841 3309 2841 3244 2841 3244 2842 3309 2842 3308 2842 3244 2843 3308 2843 3307 2843 3246 2844 3311 2844 3245 2844 3245 2845 3311 2845 3310 2845 3245 2846 3310 2846 3309 2846 3247 2847 3313 2847 3246 2847 3246 2848 3313 2848 3312 2848 3246 2849 3312 2849 3311 2849 3248 2850 3315 2850 3247 2850 3247 2851 3315 2851 3314 2851 3247 2852 3314 2852 3313 2852 3249 2853 3317 2853 3248 2853 3248 2854 3317 2854 3316 2854 3248 2855 3316 2855 3315 2855 3250 2856 3264 2856 3249 2856 3249 2857 3264 2857 3318 2857 3249 2858 3318 2858 3317 2858 3251 2859 3266 2859 3250 2859 3250 2860 3266 2860 3265 2860 3250 2861 3265 2861 3264 2861 3252 2862 3268 2862 3251 2862 3251 2863 3268 2863 3267 2863 3251 2864 3267 2864 3266 2864 3253 2865 3270 2865 3252 2865 3252 2866 3270 2866 3269 2866 3252 2867 3269 2867 3268 2867 3254 2868 3272 2868 3253 2868 3253 2869 3272 2869 3271 2869 3253 2870 3271 2870 3270 2870 3255 2871 3274 2871 3254 2871 3254 2872 3274 2872 3273 2872 3254 2873 3273 2873 3272 2873 3278 2874 3277 2874 3256 2874 3256 2875 3277 2875 3276 2875 3256 2876 3276 2876 3255 2876 3255 2877 3276 2877 3275 2877 3255 2878 3275 2878 3274 2878</p>
        </triangles>
      </mesh>
    </geometry>
  </library_geometries>
  <library_visual_scenes>
    <visual_scene id="Scene" name="Scene">
      <node id="link1" name="link1" type="NODE">
        <instance_geometry url="#link1-geometry">
          <bind_material>
            <technique_common>
              <instance_material symbol="anodized_grey-symbol" target="#anodized_grey" />
              <instance_material symbol="hardware_black-symbol" target="#hardware_black" />
              <instance_material symbol="matte_black-symbol" target="#matte_black" />
            </technique_common>
          </bind_material>
        </instance_geometry>
      </node>
    </visual_scene>
  </library_visual_scenes>
  <scene>
    <instance_visual_scene url="#Scene" />
  </scene>
</COLLADA>